Brand,Model,Fuel_Type,Transmission,Body_Type,Color,Price_INR,Engine_Size,Horsepower,Top_Speed,Customisable_Interiors,Mileage_kmpl,Units_Sold,Profitability
Toyota,TOY290,Diesel,Automatic,Coupe,Grey,3008000.0,3.4,207,221,No,13.2,441,1
Tata,TAT975,Diesel,Manual,SUV,Green,1693000.0,1.0,118,169,Yes,13.7,651,1
Tata,TAT977,Petrol,Manual,SUV,Blue,838000.0,1.2,78,151,No,15.5,622,1
Ford,FOR565,Hybrid,Manual,SUV,Green,1738000.0,1.9,148,176,Yes,27.9,121,1
Mahindra,MAH557,Hybrid,Manual,Coupe,White,2106000.0,2.4,184,183,No,26.1,209,1
Maruti Suzuki,MAR530,Diesel,Manual,Pickup,Silver,767000.0,1.7,86,127,Yes,16.0,742,1
Mercedes,MER394,Petrol,Automatic,SUV,White,6514000.0,4.7,249,226,No,14.5,616,1
Kia,KIA254,Diesel,Manual,Sedan,Red,2349000.0,3.4,214,215,Yes,19.2,529,1
Honda,HON179,Diesel,Manual,Hatchback,White,3393000.0,3.3,104,155,No,12.4,298,1
Toyota,TOY250,Petrol,Manual,SUV,Silver,2414000.0,3.1,147,162,Yes,16.3,162,1
Hyundai,HYU242,Hybrid,Manual,Hatchback,Grey,1873000.0,3.0,101,218,No,27.7,637,1
Ford,FOR906,Petrol,Manual,Pickup,White,3675000.0,3.0,101,168,Yes,12.9,483,1
Hyundai,HYU695,Petrol,Manual,SUV,Silver,4090000.0,2.6,142,145,Yes,14.5,726,1
Honda,HON902,Hybrid,Automatic,SUV,Silver,3711000.0,3.2,165,149,Yes,27.1,315,1
Audi,AUD265,Hybrid,Manual,Sedan,Red,15861000.0,3.7,388,214,Yes,25.2,190,0
Honda,HON187,Petrol,Manual,SUV,Grey,1615000.0,1.3,191,165,Yes,16.1,440,1
Honda,HON584,Petrol,Automatic,Pickup,Red,3913000.0,1.8,155,200,No,13.8,418,1
BMW,BMW536,Petrol,Manual,Pickup,White,9112000.0,4.8,398,224,No,19.0,185,1
Ford,FOR439,Hybrid,Manual,Sedan,Green,3865000.0,1.6,232,183,No,28.1,303,1
Ford,FOR617,Diesel,Automatic,Pickup,Silver,1635000.0,1.7,158,205,No,18.9,450,1
Hyundai,HYU529,Petrol,Manual,Hatchback,Green,1455000.0,2.4,156,157,No,13.0,617,1
Kia,KIA397,Petrol,Manual,Hatchback,Blue,2542000.0,2.4,202,169,Yes,19.8,325,1
Tata,TAT176,Petrol,Automatic,Hatchback,Green,2098000.0,1.3,89,138,Yes,14.3,515,1
Mahindra,MAH890,Petrol,Automatic,Pickup,Red,2528000.0,1.3,134,212,Yes,13.9,235,1
Maruti Suzuki,MAR793,Diesel,Manual,Pickup,Red,860000.0,1.5,119,134,No,17.4,483,1
Toyota,TOY548,Petrol,Manual,Sedan,White,3632000.0,2.0,191,190,No,16.3,515,1
BMW,BMW785,Petrol,Manual,Pickup,Silver,7178000.0,4.5,266,193,Yes,12.3,505,1
Maruti Suzuki,MAR112,Hybrid,Manual,Pickup,Blue,605000.0,1.5,73,158,Yes,21.7,731,1
Tata,TAT457,Petrol,Automatic,SUV,Blue,1754000.0,1.4,116,128,Yes,14.7,446,1
Ford,FOR742,Diesel,Automatic,Pickup,Blue,3798000.0,3.1,178,182,Yes,13.9,433,1
Tata,TAT216,Electric,Manual,Pickup,Grey,808000.0,1.9,114,157,No,30.1,694,1
Mercedes,MER872,Petrol,Manual,Pickup,White,19001000.0,4.7,390,224,Yes,12.7,69,0
Ford,FOR937,Petrol,Manual,Pickup,White,2186000.0,3.3,187,140,Yes,12.8,376,1
Honda,HON569,Diesel,Automatic,Coupe,White,3537000.0,2.7,125,229,No,13.9,267,1
Hyundai,HYU455,Diesel,Manual,SUV,Red,2660000.0,2.9,193,207,No,17.3,419,1
BMW,BMW359,Diesel,Automatic,Pickup,Blue,8894000.0,2.8,245,248,No,15.1,271,1
Toyota,TOY456,Petrol,Manual,Sedan,Red,4573000.0,2.7,217,180,No,16.6,189,1
Mercedes,MER632,Petrol,Automatic,SUV,Black,11809000.0,2.8,186,225,No,13.4,194,1
Maruti Suzuki,MAR525,Petrol,Manual,Hatchback,White,2335000.0,2.0,114,142,Yes,12.1,581,1
Toyota,TOY524,Diesel,Automatic,SUV,Black,5209000.0,3.4,226,163,Yes,15.1,511,1
Tata,TAT561,Petrol,Automatic,Sedan,Red,1871000.0,1.3,70,153,No,19.5,594,1
Toyota,TOY539,Petrol,Automatic,SUV,Grey,1946000.0,2.6,248,151,No,16.1,664,1
Audi,AUD353,Petrol,Manual,Sedan,White,17741000.0,4.2,368,229,Yes,14.9,385,1
Mercedes,MER185,Petrol,Automatic,Pickup,Silver,18158000.0,4.6,426,215,Yes,16.0,109,0
BMW,BMW144,Petrol,Automatic,Pickup,White,16346000.0,3.9,369,235,No,19.1,77,0
Toyota,TOY114,Hybrid,Manual,Hatchback,Green,1622000.0,2.5,95,177,No,25.4,174,1
Toyota,TOY808,Diesel,Manual,Pickup,White,2198000.0,2.6,94,142,No,18.6,266,1
Honda,HON443,Diesel,Manual,Pickup,Black,3119000.0,3.0,124,189,Yes,12.7,399,1
Ford,FOR419,Hybrid,Automatic,Coupe,Blue,1627000.0,2.4,176,224,Yes,27.3,352,1
Hyundai,HYU916,Diesel,Manual,Coupe,Green,2517000.0,3.0,133,210,No,12.6,616,1
BMW,BMW714,Petrol,Automatic,Hatchback,Black,7329000.0,4.9,405,228,Yes,15.3,199,1
Mercedes,MER201,Petrol,Automatic,Pickup,Silver,9243000.0,3.6,372,226,No,14.2,152,1
Maruti Suzuki,MAR639,Petrol,Manual,Sedan,Grey,2213000.0,1.7,93,156,No,15.4,490,1
Tata,TAT272,Diesel,Manual,Pickup,Black,1643000.0,1.0,66,122,No,12.3,308,1
Maruti Suzuki,MAR241,Petrol,Automatic,Pickup,Grey,2033000.0,1.7,88,125,No,15.9,405,1
Ford,FOR525,Petrol,Manual,Sedan,Blue,2761000.0,2.1,188,190,Yes,12.4,334,1
Mercedes,MER772,Petrol,Manual,Pickup,Blue,10539000.0,3.9,315,239,No,17.3,169,1
Mercedes,MER125,Diesel,Manual,Coupe,Green,14278000.0,4.8,335,246,Yes,17.1,209,1
Mercedes,MER323,Petrol,Manual,Hatchback,Blue,12400000.0,3.6,434,207,No,19.7,127,0
Mahindra,MAH751,Petrol,Manual,Pickup,Red,2424000.0,3.1,93,205,Yes,14.3,331,1
Tata,TAT527,Petrol,Manual,SUV,Grey,813000.0,1.7,97,172,No,17.9,405,1
Kia,KIA925,Petrol,Manual,Coupe,Green,2223000.0,2.9,219,249,No,15.3,481,1
Maruti Suzuki,MAR283,Diesel,Manual,SUV,Black,1230000.0,1.8,80,175,No,18.9,832,1
Maruti Suzuki,MAR361,Hybrid,Manual,SUV,Red,1781000.0,1.1,114,150,Yes,28.3,534,1
Mahindra,MAH290,Petrol,Manual,SUV,Black,2640000.0,3.3,152,140,No,19.2,259,1
Maruti Suzuki,MAR269,Diesel,Manual,Pickup,White,2295000.0,2.0,94,157,Yes,15.6,508,1
BMW,BMW970,Petrol,Manual,Coupe,Blue,9209000.0,3.0,361,290,Yes,18.3,145,1
Kia,KIA787,Diesel,Manual,Pickup,White,3302000.0,2.2,232,168,No,12.9,348,1
Mahindra,MAH229,Petrol,Automatic,SUV,White,2061000.0,3.0,188,148,Yes,12.7,235,1
BMW,BMW929,Petrol,Automatic,Pickup,White,14686000.0,4.1,201,185,No,19.9,280,1
Mahindra,MAH394,Hybrid,Manual,Hatchback,Green,2671000.0,2.1,220,215,No,29.9,200,1
Maruti Suzuki,MAR952,Diesel,Automatic,Pickup,Blue,760000.0,1.8,93,145,Yes,19.3,804,1
BMW,BMW631,Hybrid,Automatic,Sedan,Red,6314000.0,3.5,183,212,No,20.6,440,1
Mercedes,MER551,Diesel,Manual,SUV,Silver,13770000.0,4.9,281,199,No,18.9,315,1
Mahindra,MAH647,Diesel,Manual,Hatchback,Red,2197000.0,3.4,91,217,No,12.3,310,1
Mercedes,MER791,Petrol,Manual,SUV,Silver,15661000.0,2.2,329,247,Yes,16.2,347,1
Mahindra,MAH949,Diesel,Manual,Pickup,Green,3523000.0,2.8,162,190,Yes,16.7,283,1
Kia,KIA535,Petrol,Automatic,Hatchback,Grey,2967000.0,1.8,120,177,Yes,14.8,496,1
Mahindra,MAH946,Hybrid,Automatic,Hatchback,Green,3172000.0,1.4,245,218,No,27.0,30,0
Maruti Suzuki,MAR338,Petrol,Manual,SUV,Black,1914000.0,1.7,69,174,Yes,18.6,654,1
Tata,TAT797,Petrol,Manual,SUV,Green,2213000.0,1.7,96,145,No,19.5,488,1
Mercedes,MER735,Petrol,Manual,Coupe,Grey,15989000.0,5.0,220,271,Yes,15.0,157,0
Honda,HON459,Petrol,Manual,Hatchback,Grey,5064000.0,3.1,224,177,No,15.3,433,1
Honda,HON906,Petrol,Manual,Hatchback,Red,4808000.0,3.1,249,219,No,16.4,441,1
Mercedes,MER940,Petrol,Manual,Coupe,Silver,17626000.0,4.8,409,229,No,15.6,30,0
Audi,AUD336,Diesel,Automatic,Sedan,Black,13662000.0,3.9,276,187,Yes,17.4,330,1
Mercedes,MER743,Petrol,Manual,SUV,Black,12754000.0,4.3,320,239,Yes,16.4,353,1
Honda,HON845,Diesel,Automatic,Sedan,Blue,2211000.0,1.5,94,200,Yes,17.0,474,1
Toyota,TOY315,Diesel,Manual,Coupe,White,3119000.0,1.7,111,181,No,14.8,140,1
Mercedes,MER392,Hybrid,Manual,SUV,Blue,11662000.0,4.7,274,215,No,27.8,416,1
BMW,BMW112,Petrol,Automatic,SUV,Grey,11673000.0,3.9,412,246,No,13.2,247,1
Mahindra,MAH302,Petrol,Manual,Pickup,Green,2419000.0,2.3,246,179,No,14.6,419,1
Ford,FOR769,Petrol,Automatic,Coupe,Blue,2935000.0,1.8,102,189,Yes,13.0,184,1
BMW,BMW292,Petrol,Manual,Coupe,Blue,10799000.0,4.7,307,280,No,13.4,323,1
Tata,TAT485,Diesel,Manual,Coupe,Silver,819000.0,1.0,70,136,Yes,13.4,284,1
Mercedes,MER513,Electric,Automatic,Coupe,Blue,10510000.0,3.5,366,204,No,37.0,171,1
Toyota,TOY680,Diesel,Manual,Pickup,Red,3246000.0,1.4,229,213,No,12.5,527,1
Mahindra,MAH432,Electric,Manual,Hatchback,Green,3245000.0,1.6,123,169,No,32.3,206,1
Honda,HON544,Hybrid,Manual,Hatchback,Red,3199000.0,2.0,164,199,No,20.4,577,1
Toyota,TOY500,Petrol,Automatic,Pickup,Grey,4249000.0,2.4,175,148,Yes,15.6,251,1
Mahindra,MAH310,Petrol,Automatic,Pickup,Black,2773000.0,1.8,133,170,No,12.2,140,1
Honda,HON111,Diesel,Manual,Coupe,White,2393000.0,1.5,232,221,No,17.4,351,1
Ford,FOR442,Diesel,Automatic,Pickup,Silver,3568000.0,2.3,103,182,Yes,16.7,283,1
Hyundai,HYU192,Diesel,Automatic,Coupe,Blue,1704000.0,1.9,148,225,Yes,16.6,787,1
Mahindra,MAH955,Petrol,Manual,Hatchback,Silver,2912000.0,3.5,186,158,No,12.8,231,1
Ford,FOR830,Petrol,Automatic,Hatchback,Grey,1706000.0,1.6,135,153,No,19.2,256,1
Mahindra,MAH627,Petrol,Automatic,Hatchback,Silver,1676000.0,2.4,155,218,No,12.9,358,1
Ford,FOR643,Petrol,Automatic,SUV,White,4275000.0,3.1,131,153,Yes,17.3,337,1
Mercedes,MER424,Diesel,Manual,Hatchback,Black,17210000.0,3.7,334,199,Yes,18.2,115,0
Ford,FOR780,Petrol,Manual,SUV,Green,2644000.0,2.4,128,149,Yes,16.9,199,1
Ford,FOR597,Hybrid,Automatic,Hatchback,Green,2230000.0,2.5,114,178,No,25.3,327,1
Audi,AUD872,Petrol,Automatic,Pickup,Grey,7404000.0,2.2,447,202,No,18.5,188,1
BMW,BMW601,Petrol,Manual,Pickup,Silver,9697000.0,4.0,385,221,Yes,15.8,30,0
Maruti Suzuki,MAR790,Petrol,Manual,Pickup,White,2267000.0,1.8,117,127,Yes,17.8,445,1
Tata,TAT993,Diesel,Automatic,Coupe,Grey,1956000.0,1.2,63,164,No,16.6,482,1
Tata,TAT475,Diesel,Manual,Coupe,White,1757000.0,1.2,69,129,No,18.5,517,1
Mercedes,MER451,Petrol,Manual,Coupe,Red,13237000.0,3.6,276,305,No,15.1,162,0
Honda,HON992,Hybrid,Manual,SUV,Grey,2501000.0,2.3,138,199,No,25.0,645,1
Honda,HON434,Petrol,Automatic,SUV,Green,2344000.0,3.3,151,183,Yes,19.3,317,1
Maruti Suzuki,MAR409,Diesel,Manual,Hatchback,Black,2122000.0,1.6,80,128,No,18.4,643,1
Honda,HON874,Petrol,Manual,Pickup,Red,3608000.0,2.4,233,203,No,13.2,286,1
Hyundai,HYU151,Petrol,Manual,Pickup,White,3349000.0,1.3,181,200,No,19.0,427,1
Maruti Suzuki,MAR373,Hybrid,Automatic,Pickup,Blue,1158000.0,1.8,66,170,Yes,21.3,793,1
Honda,HON591,Petrol,Manual,SUV,Grey,1846000.0,1.7,205,197,No,17.1,383,1
Toyota,TOY613,Electric,Automatic,Hatchback,Red,3445000.0,2.4,130,167,No,27.7,425,1
Tata,TAT860,Diesel,Manual,Coupe,Blue,1288000.0,1.5,116,129,Yes,16.7,625,1
Ford,FOR611,Hybrid,Manual,Hatchback,Blue,2829000.0,2.6,92,209,No,29.3,617,1
Mercedes,MER427,Petrol,Automatic,SUV,Blue,16088000.0,4.1,221,220,No,16.9,288,1
Kia,KIA977,Petrol,Manual,Pickup,White,3130000.0,2.9,239,214,No,15.6,730,1
Honda,HON593,Petrol,Manual,Sedan,Grey,2285000.0,1.3,143,204,Yes,12.0,528,1
Hyundai,HYU768,Diesel,Automatic,Sedan,Black,2419000.0,2.1,175,213,No,14.8,740,1
Honda,HON463,Petrol,Manual,SUV,Green,2610000.0,1.7,162,151,Yes,13.4,327,1
Ford,FOR558,Petrol,Manual,SUV,Green,3149000.0,2.2,236,168,No,16.6,197,1
BMW,BMW998,Petrol,Automatic,Sedan,Blue,15064000.0,2.4,291,185,Yes,20.0,327,1
Hyundai,HYU502,Petrol,Automatic,Coupe,White,2844000.0,2.6,100,232,Yes,13.7,532,1
Mahindra,MAH961,Diesel,Automatic,Coupe,Green,1787000.0,1.3,165,219,No,12.5,323,1
BMW,BMW994,Petrol,Automatic,Coupe,Blue,14809000.0,3.4,321,252,No,15.2,73,0
Audi,AUD282,Diesel,Automatic,SUV,Black,9513000.0,4.6,435,206,Yes,14.2,280,1
Tata,TAT115,Petrol,Manual,SUV,Grey,1554000.0,1.4,61,129,No,17.7,486,1
Hyundai,HYU900,Petrol,Manual,Pickup,Black,2042000.0,1.7,197,141,Yes,12.8,554,1
Maruti Suzuki,MAR193,Diesel,Automatic,SUV,White,1841000.0,1.2,99,134,Yes,12.8,722,1
Ford,FOR824,Diesel,Automatic,SUV,Silver,4343000.0,3.1,153,193,No,13.6,208,1
Honda,HON913,Diesel,Automatic,Hatchback,Silver,2394000.0,3.3,92,146,No,13.7,199,1
Kia,KIA723,Petrol,Automatic,Coupe,Grey,4422000.0,3.1,144,198,Yes,15.0,614,1
Tata,TAT348,Hybrid,Automatic,Pickup,Black,1526000.0,1.3,97,144,Yes,25.5,236,1
Maruti Suzuki,MAR539,Petrol,Automatic,SUV,Green,2159000.0,1.8,68,172,Yes,15.9,518,1
Audi,AUD865,Petrol,Manual,Coupe,Green,17209000.0,4.4,294,202,Yes,14.1,573,1
Audi,AUD642,Diesel,Automatic,Pickup,Green,8678000.0,2.4,405,248,No,16.2,350,1
Audi,AUD898,Electric,Manual,Sedan,White,6475000.0,2.8,184,244,No,26.8,30,0
BMW,BMW760,Diesel,Manual,SUV,Silver,13746000.0,4.0,404,194,No,12.1,332,1
Kia,KIA300,Diesel,Automatic,Hatchback,Green,2187000.0,3.3,229,187,No,16.8,199,1
BMW,BMW126,Petrol,Manual,Coupe,Blue,15742000.0,3.3,283,262,Yes,12.4,326,1
BMW,BMW717,Electric,Manual,SUV,Red,7476000.0,4.2,202,222,Yes,28.7,30,0
Ford,FOR224,Hybrid,Automatic,Sedan,Silver,2604000.0,2.9,137,185,No,24.8,230,1
Hyundai,HYU829,Petrol,Manual,Coupe,White,4038000.0,3.4,207,195,Yes,12.2,641,1
Maruti Suzuki,MAR688,Petrol,Manual,SUV,Blue,680000.0,1.5,95,140,No,18.2,372,1
Mahindra,MAH644,Hybrid,Automatic,Sedan,Grey,1660000.0,1.4,206,179,No,26.9,66,1
Audi,AUD225,Petrol,Manual,Pickup,Red,17241000.0,4.4,367,199,Yes,16.7,189,0
Honda,HON223,Diesel,Manual,SUV,Green,2477000.0,1.4,236,150,Yes,19.6,252,1
Hyundai,HYU532,Petrol,Manual,Coupe,Grey,3535000.0,3.2,207,236,Yes,17.3,516,1
BMW,BMW831,Diesel,Manual,Hatchback,Blue,14272000.0,4.5,247,214,Yes,13.8,372,1
BMW,BMW107,Electric,Automatic,Sedan,Green,6247000.0,4.1,260,244,Yes,39.6,270,1
Hyundai,HYU590,Electric,Manual,SUV,Black,4604000.0,2.3,227,207,No,29.8,339,1
Hyundai,HYU889,Electric,Manual,Coupe,Silver,1690000.0,1.4,201,203,Yes,35.9,625,1
Hyundai,HYU418,Hybrid,Manual,Coupe,Silver,1578000.0,1.9,176,235,Yes,23.2,680,1
Toyota,TOY999,Petrol,Automatic,Hatchback,White,2818000.0,1.7,93,209,Yes,12.2,442,1
Honda,HON335,Petrol,Manual,SUV,White,4483000.0,2.4,240,203,No,20.0,633,1
Maruti Suzuki,MAR887,Petrol,Manual,Hatchback,Grey,1258000.0,1.5,97,172,No,19.9,497,1
Ford,FOR932,Petrol,Manual,Sedan,Red,3694000.0,2.2,157,199,No,13.9,304,1
Honda,HON453,Diesel,Automatic,Coupe,Green,2105000.0,1.9,127,182,Yes,12.1,329,1
Audi,AUD649,Petrol,Automatic,Sedan,Red,16558000.0,3.3,283,227,No,13.7,225,0
Maruti Suzuki,MAR625,Petrol,Automatic,Hatchback,Green,2127000.0,1.9,88,156,Yes,13.3,476,1
BMW,BMW619,Petrol,Manual,Pickup,Grey,17954000.0,2.7,434,225,Yes,16.9,30,0
Tata,TAT243,Petrol,Manual,Coupe,Red,821000.0,1.2,71,166,Yes,14.8,511,1
Mercedes,MER966,Hybrid,Automatic,SUV,White,7854000.0,4.9,418,244,Yes,29.9,143,1
Mercedes,MER753,Diesel,Automatic,Sedan,Grey,14231000.0,4.1,221,237,Yes,13.8,30,0
BMW,BMW482,Petrol,Manual,SUV,Grey,8686000.0,3.6,340,220,No,12.7,195,1
Audi,AUD827,Petrol,Manual,Hatchback,Grey,8864000.0,4.7,438,240,No,18.5,337,1
Tata,TAT855,Petrol,Automatic,Hatchback,Silver,1625000.0,1.6,65,144,Yes,15.0,632,1
Audi,AUD394,Petrol,Manual,Pickup,Black,9550000.0,2.2,239,227,No,12.6,107,0
Honda,HON281,Petrol,Automatic,Coupe,Silver,4027000.0,2.3,166,221,Yes,18.6,648,1
Ford,FOR816,Diesel,Automatic,Pickup,Grey,3206000.0,1.8,230,203,No,17.3,180,1
Honda,HON657,Diesel,Manual,Hatchback,Blue,4595000.0,3.2,203,206,No,17.6,601,1
Hyundai,HYU369,Diesel,Manual,Sedan,Green,3702000.0,1.6,230,209,No,12.2,779,1
BMW,BMW978,Petrol,Manual,SUV,Blue,13391000.0,2.4,270,232,No,13.3,312,1
Honda,HON803,Petrol,Manual,Pickup,Blue,2511000.0,1.2,135,189,Yes,19.8,510,1
BMW,BMW823,Petrol,Manual,SUV,Grey,12801000.0,2.8,351,217,No,18.2,289,1
BMW,BMW352,Petrol,Manual,SUV,Red,13141000.0,4.9,272,224,Yes,19.5,189,1
BMW,BMW459,Petrol,Manual,Hatchback,Silver,8104000.0,4.8,365,184,No,14.4,195,1
Honda,HON538,Petrol,Manual,Hatchback,Black,3182000.0,2.0,189,143,No,19.0,476,1
Ford,FOR193,Petrol,Manual,Coupe,Grey,5150000.0,3.4,209,189,Yes,18.1,330,1
Mercedes,MER131,Petrol,Manual,SUV,Silver,15245000.0,4.0,300,199,Yes,20.0,30,0
Kia,KIA366,Diesel,Manual,Hatchback,White,2549000.0,2.2,116,203,Yes,17.5,518,1
Mercedes,MER459,Petrol,Automatic,Pickup,Red,9356000.0,4.9,220,210,Yes,19.5,396,1
Hyundai,HYU737,Petrol,Manual,Hatchback,Silver,2794000.0,2.7,153,161,No,19.9,684,1
Honda,HON171,Diesel,Automatic,Coupe,Grey,1820000.0,1.7,94,225,Yes,14.9,419,1
Tata,TAT144,Petrol,Manual,SUV,Blue,2075000.0,1.5,118,131,No,18.9,606,1
Toyota,TOY666,Petrol,Automatic,SUV,Grey,4428000.0,3.0,190,150,No,12.3,508,1
Hyundai,HYU708,Hybrid,Automatic,Coupe,Silver,4622000.0,2.6,217,213,Yes,21.2,606,1
Audi,AUD763,Petrol,Automatic,Hatchback,Blue,9973000.0,2.6,312,184,No,16.7,136,0
Mahindra,MAH825,Petrol,Automatic,Hatchback,Grey,2361000.0,3.0,139,176,No,12.1,274,1
BMW,BMW247,Petrol,Manual,Coupe,Blue,11152000.0,3.8,258,283,Yes,18.9,146,0
Honda,HON510,Diesel,Manual,Coupe,Black,3384000.0,1.3,166,187,No,13.9,810,1
Ford,FOR120,Petrol,Manual,Coupe,Silver,3354000.0,2.5,91,202,No,16.1,346,1
Mahindra,MAH512,Diesel,Manual,Hatchback,White,1510000.0,2.0,95,146,No,15.2,329,1
Hyundai,HYU903,Diesel,Manual,Sedan,Blue,3637000.0,3.0,122,153,Yes,12.8,390,1
Ford,FOR945,Hybrid,Manual,Sedan,Silver,3293000.0,2.8,95,214,Yes,20.5,621,1
Mahindra,MAH542,Diesel,Manual,Coupe,Black,4552000.0,2.8,218,203,Yes,18.5,353,1
Ford,FOR900,Petrol,Manual,Hatchback,White,1885000.0,3.3,177,205,No,15.6,410,1
Hyundai,HYU683,Petrol,Manual,Sedan,Red,3021000.0,1.4,99,159,Yes,13.3,877,1
Tata,TAT298,Electric,Manual,Sedan,Red,2006000.0,1.2,118,140,No,27.7,592,1
Maruti Suzuki,MAR949,Hybrid,Manual,Hatchback,Silver,1447000.0,1.6,103,133,Yes,30.0,769,1
BMW,BMW733,Petrol,Manual,Coupe,Black,16709000.0,4.0,233,281,Yes,12.6,413,1
Honda,HON623,Hybrid,Automatic,Coupe,Grey,3861000.0,2.9,158,204,Yes,23.7,433,1
Mercedes,MER552,Diesel,Manual,Coupe,Red,16721000.0,2.1,414,269,No,15.5,184,0
Toyota,TOY845,Petrol,Automatic,Coupe,Grey,4510000.0,3.3,157,199,Yes,16.7,667,1
Mercedes,MER528,Petrol,Manual,Hatchback,Blue,15649000.0,2.6,348,224,No,17.9,260,1
Audi,AUD528,Diesel,Automatic,SUV,White,14006000.0,2.5,244,247,Yes,13.4,147,0
Mahindra,MAH732,Petrol,Manual,Coupe,Blue,3870000.0,2.3,129,240,No,15.6,30,0
Mahindra,MAH273,Diesel,Manual,Pickup,White,2936000.0,1.6,152,217,No,14.1,335,1
BMW,BMW815,Petrol,Manual,Pickup,Blue,13742000.0,3.0,388,189,No,19.8,30,0
Audi,AUD464,Petrol,Automatic,SUV,Grey,6136000.0,2.5,320,203,No,18.6,209,1
Hyundai,HYU358,Petrol,Manual,Sedan,Green,2660000.0,1.8,188,196,Yes,13.3,677,1
Mahindra,MAH216,Petrol,Manual,Hatchback,Grey,3304000.0,3.1,218,186,Yes,18.9,483,1
Maruti Suzuki,MAR277,Petrol,Manual,Coupe,Grey,859000.0,1.1,76,123,No,16.2,580,1
Kia,KIA178,Diesel,Manual,Coupe,Green,4111000.0,1.9,171,182,Yes,13.2,194,1
Mercedes,MER543,Electric,Automatic,SUV,Green,17408000.0,4.9,181,246,No,34.6,179,0
Maruti Suzuki,MAR566,Diesel,Manual,Sedan,White,1451000.0,1.5,100,128,Yes,12.2,762,1
Mercedes,MER909,Petrol,Manual,Sedan,Silver,9243000.0,4.1,234,227,Yes,19.8,241,1
Toyota,TOY363,Hybrid,Manual,SUV,Grey,2916000.0,3.2,118,195,Yes,28.4,302,1
Toyota,TOY211,Petrol,Manual,Hatchback,Grey,4566000.0,2.8,169,189,No,19.0,332,1
Maruti Suzuki,MAR767,Petrol,Manual,SUV,Silver,2193000.0,1.7,100,132,No,17.3,610,1
Kia,KIA752,Diesel,Manual,Sedan,Silver,2578000.0,2.7,107,192,Yes,20.0,500,1
Tata,TAT993,Petrol,Manual,Sedan,Green,1926000.0,1.6,104,172,Yes,15.2,462,1
Mahindra,MAH962,Hybrid,Automatic,Coupe,Silver,2682000.0,2.7,219,233,No,28.0,493,1
Tata,TAT504,Hybrid,Manual,Hatchback,Blue,756000.0,1.5,60,139,Yes,23.7,460,1
Mercedes,MER882,Diesel,Automatic,Sedan,Silver,10700000.0,4.1,284,211,Yes,13.9,30,0
Ford,FOR868,Diesel,Automatic,SUV,Silver,1768000.0,2.6,196,189,No,15.7,259,1
Mercedes,MER918,Hybrid,Automatic,Sedan,Red,11261000.0,4.6,320,213,No,20.3,30,0
Kia,KIA189,Hybrid,Manual,Coupe,White,2734000.0,2.5,175,222,No,27.6,120,1
BMW,BMW209,Petrol,Manual,SUV,Black,17817000.0,4.2,437,181,No,13.6,212,0
Mercedes,MER165,Petrol,Automatic,Hatchback,Black,16439000.0,2.2,432,204,No,12.8,258,1
Mercedes,MER401,Diesel,Automatic,Hatchback,Silver,10214000.0,2.8,256,201,No,18.4,30,0
Kia,KIA752,Diesel,Manual,Coupe,Blue,3355000.0,2.8,133,208,No,13.0,409,1
Maruti Suzuki,MAR409,Hybrid,Automatic,Coupe,White,887000.0,1.7,70,151,Yes,27.1,624,1
Maruti Suzuki,MAR600,Diesel,Manual,Coupe,Red,1077000.0,2.0,89,168,No,16.4,459,1
Maruti Suzuki,MAR695,Petrol,Manual,Coupe,Red,696000.0,1.6,117,156,No,18.6,557,1
Maruti Suzuki,MAR246,Petrol,Manual,SUV,Black,942000.0,1.6,84,170,Yes,19.2,660,1
Honda,HON258,Petrol,Automatic,Sedan,Blue,2477000.0,1.7,214,161,No,18.6,722,1
Hyundai,HYU864,Petrol,Manual,Sedan,Blue,1775000.0,2.6,162,186,No,13.3,425,1
Toyota,TOY191,Hybrid,Automatic,Hatchback,Red,3875000.0,3.2,124,147,No,20.2,583,1
Maruti Suzuki,MAR157,Hybrid,Manual,Coupe,Green,1408000.0,1.2,83,155,Yes,25.0,843,1
Honda,HON396,Petrol,Manual,SUV,Grey,4220000.0,1.5,201,172,Yes,15.4,596,1
Audi,AUD781,Petrol,Manual,Hatchback,Black,14137000.0,2.4,208,230,Yes,16.6,415,1
Tata,TAT371,Petrol,Automatic,Sedan,Black,947000.0,1.1,65,173,No,13.5,334,1
Honda,HON242,Diesel,Automatic,SUV,Grey,2282000.0,1.4,173,145,Yes,18.4,343,1
Ford,FOR596,Petrol,Automatic,Sedan,Black,2323000.0,2.4,230,192,Yes,16.3,174,1
Mercedes,MER992,Petrol,Manual,Sedan,Grey,15882000.0,5.0,358,219,No,17.8,30,0
Tata,TAT881,Petrol,Automatic,SUV,White,1282000.0,1.1,93,177,Yes,13.4,351,1
Ford,FOR721,Petrol,Automatic,SUV,Red,2744000.0,1.4,162,200,Yes,14.8,444,1
Mercedes,MER150,Petrol,Manual,Pickup,Blue,15959000.0,4.4,430,196,Yes,15.2,210,0
Toyota,TOY587,Petrol,Manual,Sedan,White,4146000.0,2.4,189,147,Yes,18.0,517,1
Mercedes,MER489,Petrol,Manual,Hatchback,Red,8418000.0,4.5,391,229,No,12.3,39,0
Hyundai,HYU847,Diesel,Manual,Pickup,Black,2483000.0,1.4,239,184,No,14.4,416,1
Hyundai,HYU347,Petrol,Manual,Coupe,White,2672000.0,2.2,186,216,No,19.4,587,1
Maruti Suzuki,MAR438,Diesel,Manual,Sedan,Silver,1965000.0,1.2,115,126,Yes,18.5,599,1
Mercedes,MER694,Diesel,Manual,SUV,White,12100000.0,4.6,414,236,Yes,18.3,123,0
Maruti Suzuki,MAR345,Petrol,Manual,SUV,White,1216000.0,1.2,101,140,No,19.8,564,1
Audi,AUD916,Hybrid,Automatic,SUV,Blue,13292000.0,4.5,215,240,No,29.2,619,1
Mahindra,MAH901,Hybrid,Manual,Sedan,Black,3486000.0,1.6,170,171,No,21.5,254,1
Kia,KIA477,Hybrid,Manual,SUV,Black,2092000.0,1.4,94,150,No,29.6,426,1
Ford,FOR881,Petrol,Automatic,SUV,Grey,2641000.0,1.9,170,175,No,12.8,358,1
BMW,BMW457,Petrol,Manual,Coupe,Blue,12629000.0,2.6,347,278,No,13.2,146,0
Honda,HON836,Petrol,Manual,Sedan,Silver,4140000.0,1.3,201,218,Yes,13.9,440,1
Mahindra,MAH187,Petrol,Manual,SUV,White,1642000.0,1.5,138,148,Yes,17.5,302,1
Hyundai,HYU794,Diesel,Manual,Coupe,Red,4979000.0,3.1,188,201,No,17.0,440,1
Audi,AUD367,Petrol,Manual,SUV,Green,10733000.0,3.3,215,242,Yes,15.6,173,1
Honda,HON847,Hybrid,Manual,Hatchback,White,3059000.0,3.1,207,201,Yes,20.1,274,1
Maruti Suzuki,MAR450,Diesel,Automatic,Pickup,Silver,1220000.0,1.5,61,135,Yes,18.1,616,1
Maruti Suzuki,MAR209,Diesel,Automatic,Pickup,White,858000.0,1.0,74,178,Yes,18.4,432,1
Toyota,TOY174,Hybrid,Manual,Hatchback,Green,4070000.0,2.3,107,183,No,24.5,221,1
Mercedes,MER411,Petrol,Manual,Hatchback,Silver,10127000.0,4.2,308,206,Yes,15.2,193,1
Hyundai,HYU451,Petrol,Manual,Hatchback,White,3263000.0,3.0,232,216,No,18.3,721,1
BMW,BMW798,Petrol,Automatic,SUV,Red,11129000.0,2.8,407,182,No,19.2,81,0
Ford,FOR903,Petrol,Manual,SUV,Red,3058000.0,2.7,195,211,No,17.1,253,1
Maruti Suzuki,MAR615,Petrol,Automatic,Sedan,Red,1405000.0,1.2,104,150,Yes,17.4,625,1
Hyundai,HYU943,Petrol,Manual,Pickup,Green,1470000.0,1.4,204,145,Yes,12.6,429,1
Toyota,TOY572,Petrol,Automatic,SUV,Green,2381000.0,2.0,213,192,No,13.5,594,1
Maruti Suzuki,MAR983,Petrol,Automatic,Coupe,Red,839000.0,1.1,99,165,Yes,14.1,691,1
Honda,HON486,Hybrid,Automatic,Hatchback,Black,2258000.0,1.7,109,189,Yes,27.7,646,1
Mahindra,MAH867,Petrol,Manual,SUV,Green,3168000.0,2.4,96,217,Yes,18.4,518,1
Maruti Suzuki,MAR417,Diesel,Automatic,Pickup,Blue,1905000.0,1.8,99,127,No,14.7,869,1
Honda,HON375,Diesel,Manual,Coupe,Green,3895000.0,1.7,149,210,Yes,15.5,536,1
Honda,HON880,Petrol,Manual,Coupe,White,1865000.0,1.5,121,242,Yes,17.2,472,1
Honda,HON293,Petrol,Manual,Pickup,Red,2667000.0,3.1,227,207,No,19.4,575,1
Kia,KIA250,Hybrid,Manual,Sedan,White,3216000.0,3.1,206,202,No,26.6,227,1
Audi,AUD164,Petrol,Manual,Coupe,Green,8840000.0,3.6,445,312,Yes,12.3,235,1
Ford,FOR576,Petrol,Automatic,SUV,Black,3800000.0,3.1,124,180,No,18.7,337,1
Ford,FOR282,Diesel,Manual,Sedan,Black,3781000.0,2.4,184,180,No,14.4,621,1
Toyota,TOY376,Petrol,Manual,Pickup,Red,4482000.0,2.7,211,152,No,15.7,493,1
Maruti Suzuki,MAR472,Petrol,Manual,Sedan,Grey,593000.0,1.2,103,179,No,12.8,793,1
BMW,BMW723,Petrol,Manual,Sedan,Grey,8779000.0,3.7,377,223,Yes,13.5,186,1
Kia,KIA974,Petrol,Manual,Hatchback,Blue,2747000.0,3.0,178,140,Yes,18.1,132,1
BMW,BMW640,Petrol,Manual,Hatchback,Black,7826000.0,2.9,416,249,Yes,14.9,84,0
Tata,TAT439,Diesel,Manual,SUV,White,1399000.0,1.7,113,155,Yes,15.1,752,1
Ford,FOR529,Hybrid,Manual,SUV,Green,1460000.0,2.6,146,203,No,20.9,237,1
BMW,BMW583,Diesel,Automatic,Coupe,Silver,12982000.0,3.4,353,207,Yes,16.6,529,1
Mercedes,MER839,Diesel,Manual,Coupe,Grey,14312000.0,4.0,397,232,No,18.6,482,1
BMW,BMW400,Petrol,Automatic,SUV,Green,9134000.0,2.2,195,203,No,18.3,392,1
Hyundai,HYU518,Diesel,Manual,SUV,Black,2798000.0,2.2,113,166,No,15.5,652,1
Audi,AUD619,Petrol,Manual,Sedan,Black,6539000.0,2.7,341,231,No,20.0,278,1
Audi,AUD802,Petrol,Manual,SUV,Black,11810000.0,3.9,392,188,Yes,15.3,336,1
BMW,BMW224,Petrol,Manual,SUV,Green,15461000.0,3.2,334,221,No,13.5,38,0
Toyota,TOY214,Petrol,Manual,Sedan,Blue,1441000.0,1.3,223,161,No,16.1,223,1
Ford,FOR684,Petrol,Manual,Pickup,Red,2540000.0,3.4,131,174,Yes,19.0,294,1
Mahindra,MAH258,Electric,Manual,Hatchback,Black,3883000.0,2.3,167,150,No,26.2,360,1
Toyota,TOY189,Petrol,Manual,Coupe,Black,3623000.0,2.3,159,231,No,18.1,453,1
Hyundai,HYU870,Petrol,Manual,SUV,Grey,2029000.0,2.9,195,216,Yes,12.6,385,1
Mercedes,MER936,Hybrid,Manual,SUV,Grey,5738000.0,2.8,250,197,No,29.1,73,0
Toyota,TOY546,Diesel,Manual,Pickup,White,3906000.0,2.2,214,145,Yes,15.9,261,1
BMW,BMW928,Diesel,Manual,Pickup,Green,6105000.0,2.2,424,189,No,16.3,30,0
Mercedes,MER868,Diesel,Manual,Hatchback,Grey,14964000.0,2.1,359,247,Yes,16.5,46,0
Mercedes,MER382,Petrol,Manual,Pickup,Red,14555000.0,2.2,293,198,No,17.8,33,0
Ford,FOR338,Petrol,Automatic,Sedan,White,3434000.0,2.3,245,188,Yes,14.8,435,1
Mercedes,MER202,Petrol,Automatic,Sedan,Blue,6080000.0,2.5,240,197,Yes,18.8,352,1
Mercedes,MER919,Electric,Manual,SUV,Silver,8207000.0,4.6,375,184,No,35.6,599,1
Ford,FOR138,Petrol,Manual,Coupe,White,2769000.0,1.4,163,213,No,13.3,282,1
Toyota,TOY184,Electric,Manual,Pickup,Red,2841000.0,2.7,177,144,No,32.7,701,1
Maruti Suzuki,MAR180,Diesel,Manual,Sedan,Blue,1835000.0,1.5,63,167,Yes,13.6,493,1
Mahindra,MAH968,Petrol,Manual,Pickup,Silver,2622000.0,2.9,173,156,Yes,19.0,223,1
Mercedes,MER964,Petrol,Automatic,Hatchback,White,16610000.0,4.6,244,211,Yes,19.9,190,0
Kia,KIA103,Diesel,Automatic,Hatchback,Blue,4264000.0,2.4,169,148,No,17.3,239,1
Kia,KIA811,Petrol,Manual,SUV,Green,4061000.0,2.1,214,217,Yes,13.6,75,1
Mahindra,MAH183,Petrol,Manual,Hatchback,Grey,4042000.0,2.5,191,203,Yes,15.2,330,1
Maruti Suzuki,MAR818,Petrol,Automatic,Hatchback,Black,2023000.0,1.5,69,161,Yes,18.3,725,1
Maruti Suzuki,MAR974,Petrol,Automatic,SUV,Red,2092000.0,1.3,119,128,Yes,13.6,535,1
BMW,BMW618,Petrol,Manual,Coupe,Silver,9073000.0,4.7,356,218,Yes,15.5,139,1
Ford,FOR839,Diesel,Manual,Pickup,Red,4462000.0,3.0,170,217,Yes,15.3,380,1
Hyundai,HYU293,Petrol,Manual,Sedan,Silver,4753000.0,2.7,191,153,No,19.1,371,1
Maruti Suzuki,MAR735,Hybrid,Manual,Pickup,Blue,622000.0,1.6,91,163,No,28.9,561,1
Toyota,TOY400,Electric,Manual,SUV,Blue,1700000.0,2.9,119,208,No,37.3,671,1
Mercedes,MER561,Petrol,Manual,SUV,Green,10106000.0,3.4,401,212,Yes,14.9,252,1
BMW,BMW466,Diesel,Automatic,Sedan,Black,12129000.0,4.5,270,192,Yes,17.7,165,0
BMW,BMW745,Diesel,Manual,SUV,Black,10362000.0,3.4,382,225,No,17.0,188,1
Tata,TAT330,Petrol,Manual,Pickup,Silver,1210000.0,1.8,88,178,Yes,17.1,555,1
Tata,TAT820,Diesel,Manual,Pickup,Green,1112000.0,1.7,64,130,Yes,18.8,381,1
Mahindra,MAH810,Petrol,Manual,SUV,Black,2240000.0,3.1,134,191,No,17.6,30,0
Tata,TAT817,Diesel,Automatic,Pickup,Grey,860000.0,1.0,78,159,Yes,19.5,518,1
BMW,BMW828,Petrol,Manual,Coupe,Silver,18127000.0,4.3,392,279,No,14.1,290,1
Mercedes,MER281,Diesel,Automatic,Pickup,White,10923000.0,2.3,300,212,No,18.9,297,1
Mahindra,MAH866,Hybrid,Manual,Pickup,Black,3306000.0,2.1,246,148,No,24.2,266,1
Mercedes,MER369,Diesel,Automatic,SUV,Silver,16504000.0,2.9,425,232,No,18.4,263,1
Kia,KIA301,Petrol,Manual,Sedan,Green,1738000.0,3.4,206,164,No,18.6,448,1
Ford,FOR188,Petrol,Manual,Sedan,White,1896000.0,2.8,176,147,Yes,13.9,292,1
Maruti Suzuki,MAR594,Diesel,Automatic,SUV,White,602000.0,1.5,78,155,Yes,14.4,757,1
Ford,FOR127,Petrol,Manual,Sedan,Black,1862000.0,3.3,226,193,Yes,16.7,220,1
Mercedes,MER663,Diesel,Automatic,Coupe,Grey,13380000.0,2.6,201,228,No,18.4,212,1
Mahindra,MAH601,Petrol,Automatic,Pickup,Grey,4950000.0,3.2,173,145,No,18.7,229,1
Audi,AUD821,Petrol,Manual,Coupe,White,10275000.0,2.3,205,309,Yes,17.4,347,1
BMW,BMW390,Petrol,Automatic,Sedan,Grey,10207000.0,3.0,297,234,No,16.8,653,1
Toyota,TOY273,Diesel,Manual,Hatchback,White,4204000.0,2.2,187,190,No,16.7,247,1
Toyota,TOY169,Electric,Manual,Coupe,Black,2644000.0,1.4,151,214,No,34.8,517,1
Ford,FOR132,Petrol,Manual,Coupe,Red,4677000.0,2.6,208,215,Yes,17.1,334,1
Ford,FOR848,Hybrid,Manual,Hatchback,Silver,2341000.0,2.3,97,151,No,22.8,322,1
Toyota,TOY649,Hybrid,Manual,Pickup,Red,4251000.0,2.0,167,155,No,26.1,265,1
Honda,HON566,Petrol,Automatic,Coupe,Red,2386000.0,1.2,91,195,No,12.3,349,1
Audi,AUD612,Petrol,Automatic,SUV,Black,7272000.0,3.0,396,220,Yes,16.1,306,1
Hyundai,HYU886,Petrol,Manual,Pickup,Grey,2442000.0,1.4,188,149,No,14.8,522,1
Mercedes,MER148,Diesel,Manual,Hatchback,White,12824000.0,4.6,313,229,Yes,19.9,140,0
Honda,HON175,Diesel,Automatic,Hatchback,Silver,2574000.0,2.2,155,212,Yes,17.7,352,1
Hyundai,HYU390,Petrol,Automatic,Hatchback,Green,3341000.0,1.9,221,216,Yes,18.6,571,1
Honda,HON868,Petrol,Automatic,Hatchback,White,3151000.0,1.5,151,176,Yes,15.0,357,1
Kia,KIA709,Hybrid,Automatic,Coupe,Blue,1871000.0,2.2,210,184,No,20.8,426,1
Mercedes,MER739,Diesel,Manual,Coupe,Blue,13754000.0,4.0,277,271,Yes,12.1,174,0
Kia,KIA293,Hybrid,Manual,Sedan,Red,3830000.0,3.3,188,209,Yes,27.2,358,1
Tata,TAT383,Petrol,Automatic,Sedan,White,762000.0,1.0,85,137,Yes,15.9,388,1
Ford,FOR866,Petrol,Automatic,Sedan,Red,2633000.0,1.3,109,184,No,14.7,478,1
BMW,BMW818,Diesel,Automatic,Pickup,Grey,16228000.0,4.1,296,227,Yes,14.2,443,1
Mercedes,MER187,Petrol,Automatic,Coupe,Grey,9998000.0,4.4,300,295,No,18.6,30,0
BMW,BMW737,Diesel,Manual,Pickup,Red,12467000.0,3.1,342,229,No,17.5,146,0
Kia,KIA862,Diesel,Manual,SUV,White,2351000.0,1.6,158,151,Yes,19.1,205,1
Hyundai,HYU560,Petrol,Manual,Hatchback,White,1621000.0,2.7,191,167,Yes,12.6,485,1
Ford,FOR468,Petrol,Automatic,Coupe,Blue,2658000.0,1.9,198,222,No,14.9,633,1
Audi,AUD552,Petrol,Automatic,Sedan,Grey,6643000.0,3.5,187,215,No,19.7,180,1
Mercedes,MER476,Petrol,Manual,Pickup,Red,7940000.0,2.1,188,207,No,13.3,30,0
Hyundai,HYU490,Petrol,Manual,SUV,Grey,4157000.0,1.5,242,165,Yes,19.1,496,1
Hyundai,HYU900,Petrol,Manual,SUV,White,3858000.0,3.1,247,163,Yes,19.7,319,1
BMW,BMW186,Diesel,Manual,Pickup,Green,9085000.0,3.6,221,218,Yes,16.3,30,0
Kia,KIA191,Diesel,Manual,SUV,White,4065000.0,3.1,160,164,Yes,14.1,160,1
Tata,TAT651,Hybrid,Manual,Pickup,White,2165000.0,1.6,80,154,Yes,21.4,370,1
Kia,KIA519,Diesel,Automatic,Sedan,Grey,2886000.0,2.6,168,172,Yes,20.0,393,1
Hyundai,HYU327,Hybrid,Automatic,Sedan,White,3119000.0,2.6,122,171,Yes,20.4,684,1
Ford,FOR360,Petrol,Manual,Pickup,White,2786000.0,2.4,126,217,No,19.3,389,1
Audi,AUD249,Petrol,Manual,SUV,Green,15522000.0,2.4,393,188,No,18.4,515,1
Toyota,TOY913,Diesel,Manual,Coupe,Red,2692000.0,3.2,241,190,No,15.7,397,1
Ford,FOR565,Petrol,Manual,Coupe,White,4128000.0,2.6,150,200,Yes,13.6,408,1
Tata,TAT878,Petrol,Manual,Hatchback,Blue,1807000.0,1.4,90,149,Yes,16.6,679,1
Ford,FOR258,Petrol,Manual,Coupe,Black,4166000.0,2.5,242,194,Yes,12.9,299,1
Honda,HON605,Diesel,Manual,Pickup,Grey,4256000.0,2.2,225,211,Yes,12.5,429,1
Toyota,TOY401,Hybrid,Manual,SUV,Black,3329000.0,2.6,238,141,No,24.8,550,1
Kia,KIA607,Petrol,Manual,Hatchback,Black,3899000.0,2.9,200,150,No,14.4,521,1
Kia,KIA950,Petrol,Automatic,SUV,Blue,2326000.0,1.7,243,140,Yes,20.0,270,1
Maruti Suzuki,MAR196,Diesel,Manual,Pickup,Black,1733000.0,1.8,77,120,Yes,17.9,677,1
Honda,HON920,Diesel,Automatic,Coupe,Grey,2092000.0,2.9,213,226,No,18.1,557,1
Tata,TAT915,Diesel,Automatic,Hatchback,White,1929000.0,1.6,65,149,No,12.6,253,1
Kia,KIA866,Diesel,Manual,Hatchback,Silver,1472000.0,2.0,107,204,Yes,19.6,105,1
Toyota,TOY157,Petrol,Automatic,SUV,Grey,1870000.0,3.4,173,163,Yes,12.6,618,1
Toyota,TOY702,Hybrid,Automatic,Hatchback,Green,2927000.0,1.3,101,172,Yes,23.0,400,1
Hyundai,HYU589,Petrol,Manual,Coupe,Blue,2146000.0,1.8,218,245,Yes,15.2,508,1
Honda,HON671,Petrol,Automatic,Sedan,White,2776000.0,1.7,192,218,No,16.8,545,1
Mercedes,MER426,Petrol,Automatic,Hatchback,Silver,9462000.0,3.9,213,242,Yes,16.0,528,1
Hyundai,HYU896,Petrol,Manual,Sedan,Red,3125000.0,1.4,199,159,Yes,17.7,356,1
BMW,BMW322,Petrol,Manual,SUV,Black,16783000.0,4.4,329,216,Yes,13.1,139,0
Mercedes,MER497,Electric,Manual,Hatchback,Grey,10027000.0,2.9,216,224,No,25.8,333,1
Hyundai,HYU252,Petrol,Automatic,Coupe,Grey,3233000.0,1.9,90,215,Yes,12.4,693,1
Honda,HON847,Petrol,Automatic,Pickup,Green,1632000.0,3.1,90,159,Yes,17.9,295,1
Tata,TAT600,Petrol,Automatic,Pickup,White,1034000.0,1.1,81,136,No,18.7,654,1
Mercedes,MER719,Diesel,Manual,Coupe,Green,17468000.0,3.3,425,245,Yes,19.7,100,0
Hyundai,HYU693,Petrol,Manual,Hatchback,Red,1807000.0,2.8,169,171,Yes,17.1,628,1
Maruti Suzuki,MAR467,Petrol,Automatic,Sedan,White,1824000.0,2.0,105,177,Yes,17.6,477,1
Toyota,TOY859,Petrol,Manual,Coupe,Silver,2234000.0,1.4,215,225,No,12.4,461,1
Hyundai,HYU536,Diesel,Manual,Coupe,Blue,2915000.0,2.2,163,194,No,14.9,531,1
Ford,FOR623,Hybrid,Automatic,Sedan,Blue,2406000.0,1.3,212,173,Yes,28.2,290,1
BMW,BMW703,Petrol,Manual,Coupe,Green,14548000.0,3.4,417,225,Yes,17.4,322,1
Mercedes,MER407,Petrol,Manual,Hatchback,Black,11144000.0,2.9,216,225,Yes,17.9,361,1
Mercedes,MER439,Hybrid,Automatic,Pickup,Grey,10231000.0,4.1,233,242,No,22.9,30,0
Tata,TAT273,Petrol,Automatic,Pickup,Green,1088000.0,1.1,66,150,No,14.1,271,1
Honda,HON716,Diesel,Manual,Hatchback,White,1343000.0,1.5,156,179,No,15.2,279,1
Audi,AUD732,Hybrid,Manual,Sedan,White,10949000.0,3.8,182,212,No,29.6,552,1
Toyota,TOY592,Petrol,Automatic,SUV,Green,2695000.0,3.0,213,181,No,19.8,432,1
Kia,KIA270,Petrol,Manual,Sedan,Red,1688000.0,1.2,213,204,Yes,13.0,497,1
Honda,HON769,Diesel,Manual,Hatchback,White,2854000.0,2.0,149,140,Yes,14.4,338,1
Tata,TAT345,Petrol,Manual,Pickup,Grey,1800000.0,2.0,110,121,Yes,19.2,600,1
Hyundai,HYU396,Diesel,Automatic,Pickup,Blue,2677000.0,2.1,138,145,No,13.8,651,1
Hyundai,HYU625,Diesel,Manual,Coupe,Grey,2290000.0,2.3,209,213,No,12.5,630,1
BMW,BMW896,Petrol,Manual,Pickup,Blue,6044000.0,3.1,240,193,Yes,13.1,257,1
Maruti Suzuki,MAR442,Petrol,Manual,Sedan,Silver,1679000.0,1.8,94,128,Yes,18.5,405,1
Mahindra,MAH675,Diesel,Manual,SUV,Green,3211000.0,1.8,145,213,Yes,14.3,536,1
Toyota,TOY569,Petrol,Manual,Hatchback,Red,3272000.0,3.2,203,144,Yes,13.2,236,1
Honda,HON540,Petrol,Manual,SUV,White,4216000.0,2.4,128,180,Yes,17.4,426,1
Kia,KIA611,Petrol,Automatic,Coupe,Green,1671000.0,1.8,219,212,No,16.4,265,1
Tata,TAT938,Petrol,Automatic,Pickup,Black,829000.0,1.4,72,122,Yes,18.7,487,1
BMW,BMW623,Petrol,Manual,Pickup,Grey,19996000.0,4.4,410,196,Yes,19.7,257,0
Hyundai,HYU475,Hybrid,Manual,Coupe,Red,2244000.0,2.2,184,185,No,26.2,599,1
Honda,HON293,Diesel,Manual,Coupe,Blue,4324000.0,1.6,216,243,No,19.5,454,1
BMW,BMW855,Diesel,Manual,Hatchback,Red,17033000.0,4.3,223,213,Yes,17.7,335,1
Ford,FOR374,Petrol,Automatic,Hatchback,White,2358000.0,2.7,196,153,No,16.5,349,1
Ford,FOR764,Petrol,Automatic,Sedan,Blue,1259000.0,1.2,147,214,Yes,13.8,584,1
Maruti Suzuki,MAR332,Petrol,Manual,Sedan,Blue,1535000.0,1.2,79,170,No,17.8,576,1
Tata,TAT241,Petrol,Automatic,Hatchback,White,647000.0,1.5,99,127,No,14.3,369,1
Maruti Suzuki,MAR207,Petrol,Manual,Hatchback,Silver,1355000.0,1.9,119,122,No,18.1,398,1
Honda,HON154,Diesel,Manual,Hatchback,Red,4464000.0,3.3,242,186,No,14.9,209,1
BMW,BMW194,Petrol,Automatic,SUV,White,14318000.0,2.8,332,205,No,17.3,143,0
Audi,AUD359,Petrol,Manual,Pickup,Green,14835000.0,2.3,316,195,Yes,12.3,160,0
Toyota,TOY105,Hybrid,Manual,SUV,Black,1530000.0,1.6,228,162,No,29.5,168,1
Mercedes,MER930,Petrol,Manual,Coupe,Grey,13436000.0,3.6,384,233,Yes,14.8,497,1
Mahindra,MAH454,Diesel,Automatic,Coupe,White,4974000.0,3.4,232,209,Yes,18.2,245,1
Audi,AUD220,Petrol,Automatic,Sedan,Red,7822000.0,3.8,230,203,No,18.8,30,0
Kia,KIA670,Diesel,Automatic,Pickup,Blue,1707000.0,1.4,101,215,Yes,16.1,539,1
Kia,KIA412,Hybrid,Manual,Pickup,White,3998000.0,2.0,200,201,Yes,26.5,294,1
Mahindra,MAH326,Hybrid,Automatic,SUV,Black,2107000.0,3.2,176,162,Yes,24.3,403,1
Tata,TAT385,Hybrid,Manual,SUV,White,711000.0,2.0,73,138,Yes,23.0,116,1
Honda,HON118,Hybrid,Manual,Coupe,Black,1969000.0,1.2,206,247,No,22.2,632,1
Ford,FOR227,Petrol,Automatic,Pickup,Black,3848000.0,2.2,138,166,No,17.7,473,1
Ford,FOR625,Petrol,Manual,Coupe,Blue,3541000.0,1.6,149,243,No,18.5,568,1
Tata,TAT200,Petrol,Manual,Hatchback,Red,1582000.0,1.1,92,162,Yes,13.3,241,1
Maruti Suzuki,MAR614,Diesel,Automatic,Coupe,White,1956000.0,1.6,117,122,Yes,14.1,361,1
Honda,HON158,Petrol,Manual,Pickup,Silver,3610000.0,2.9,106,181,No,16.1,568,1
Honda,HON909,Hybrid,Automatic,Pickup,Red,3004000.0,3.3,222,195,No,27.1,572,1
Mahindra,MAH971,Hybrid,Automatic,Hatchback,Green,4029000.0,2.9,227,161,No,28.1,288,1
Toyota,TOY487,Diesel,Automatic,SUV,White,1908000.0,2.0,143,218,No,18.9,558,1
Kia,KIA582,Hybrid,Manual,Sedan,Red,3543000.0,3.4,169,170,No,21.6,490,1
BMW,BMW379,Petrol,Manual,Pickup,Green,15473000.0,4.2,283,181,No,18.7,240,1
Tata,TAT357,Petrol,Manual,SUV,Green,1026000.0,1.7,109,152,Yes,19.7,568,1
BMW,BMW710,Electric,Manual,Pickup,Green,6747000.0,3.5,373,240,Yes,27.7,286,1
Tata,TAT134,Petrol,Automatic,Pickup,White,1206000.0,1.1,111,129,Yes,14.5,708,1
Maruti Suzuki,MAR571,Petrol,Automatic,Hatchback,Grey,1136000.0,1.9,100,167,Yes,14.0,766,1
Ford,FOR214,Diesel,Automatic,Sedan,Black,4082000.0,3.3,91,193,No,12.4,640,1
BMW,BMW780,Petrol,Automatic,Hatchback,Blue,11034000.0,2.9,262,204,Yes,17.0,432,1
Ford,FOR267,Diesel,Manual,Coupe,Grey,2544000.0,1.4,215,200,Yes,15.5,219,1
Audi,AUD457,Hybrid,Manual,Coupe,Red,11795000.0,3.0,195,244,No,29.4,458,1
Maruti Suzuki,MAR518,Petrol,Automatic,Sedan,White,1545000.0,1.2,85,165,Yes,12.8,771,1
Hyundai,HYU561,Diesel,Automatic,SUV,Blue,2135000.0,1.8,159,218,Yes,12.5,350,1
BMW,BMW313,Petrol,Manual,Pickup,Green,14971000.0,2.3,288,231,Yes,17.6,261,1
Hyundai,HYU839,Petrol,Manual,Sedan,Green,2591000.0,2.0,153,161,No,13.6,287,1
Toyota,TOY371,Petrol,Manual,Pickup,White,2613000.0,2.7,244,188,Yes,12.6,380,1
Toyota,TOY911,Hybrid,Manual,Coupe,Silver,1814000.0,3.4,137,186,No,26.0,624,1
BMW,BMW603,Diesel,Automatic,SUV,Black,8748000.0,2.0,440,197,No,17.4,437,1
BMW,BMW646,Hybrid,Manual,Hatchback,White,13804000.0,3.8,264,198,No,26.0,217,1
Honda,HON502,Petrol,Manual,Coupe,Black,3519000.0,2.8,198,208,No,12.1,491,1
Maruti Suzuki,MAR106,Diesel,Automatic,Pickup,Grey,1493000.0,1.3,87,177,Yes,15.2,542,1
Toyota,TOY190,Petrol,Automatic,Coupe,Blue,3677000.0,3.4,106,180,Yes,15.5,463,1
Ford,FOR469,Diesel,Automatic,Hatchback,Green,1965000.0,2.9,236,174,No,14.1,601,1
Hyundai,HYU879,Diesel,Manual,Coupe,Green,1546000.0,2.6,188,224,Yes,13.9,476,1
Mercedes,MER977,Hybrid,Manual,Coupe,Green,11691000.0,2.3,233,305,No,27.4,95,0
Kia,KIA744,Hybrid,Manual,Sedan,White,1936000.0,1.3,163,198,No,26.1,219,1
Maruti Suzuki,MAR462,Petrol,Automatic,Pickup,Black,1658000.0,1.1,117,170,No,18.4,389,1
Kia,KIA553,Diesel,Manual,Pickup,Black,3690000.0,2.9,208,181,Yes,12.5,381,1
Mahindra,MAH646,Petrol,Manual,Coupe,Blue,2899000.0,3.3,183,217,Yes,14.2,421,1
Mahindra,MAH349,Petrol,Manual,Hatchback,Grey,3719000.0,3.0,162,190,No,14.0,259,1
Audi,AUD884,Diesel,Manual,Coupe,Green,13610000.0,3.3,299,277,No,19.5,178,0
Honda,HON854,Petrol,Manual,SUV,Red,1440000.0,1.9,170,144,Yes,15.9,183,1
BMW,BMW656,Hybrid,Manual,SUV,Grey,15927000.0,2.3,386,208,Yes,26.6,145,0
Ford,FOR223,Petrol,Automatic,SUV,Red,1628000.0,1.4,119,193,Yes,19.1,276,1
Audi,AUD195,Petrol,Automatic,SUV,Green,14705000.0,4.1,209,200,Yes,14.5,264,1
Mahindra,MAH567,Petrol,Automatic,Pickup,Black,2894000.0,2.0,146,206,No,18.3,51,1
Ford,FOR204,Diesel,Manual,Coupe,Silver,2837000.0,3.3,242,202,No,14.8,456,1
Kia,KIA642,Petrol,Manual,SUV,White,3627000.0,1.4,152,184,No,16.0,351,1
Mahindra,MAH354,Diesel,Manual,Hatchback,White,2300000.0,3.2,198,207,No,18.9,241,1
Hyundai,HYU748,Petrol,Automatic,Sedan,White,3150000.0,1.6,197,154,Yes,17.6,788,1
Honda,HON330,Hybrid,Automatic,Coupe,Grey,1824000.0,1.5,116,180,Yes,27.2,466,1
BMW,BMW988,Diesel,Manual,SUV,White,6051000.0,2.3,185,191,Yes,19.1,511,1
Audi,AUD944,Petrol,Manual,Sedan,Silver,7549000.0,3.1,208,195,No,16.2,37,0
Hyundai,HYU287,Petrol,Manual,Coupe,Red,1503000.0,2.1,127,195,No,19.7,639,1
Mercedes,MER766,Diesel,Automatic,Sedan,Black,12971000.0,3.7,292,210,No,16.3,362,1
Ford,FOR265,Petrol,Automatic,Pickup,Red,1954000.0,2.4,155,209,No,17.1,508,1
Honda,HON235,Diesel,Manual,Coupe,Grey,2851000.0,1.5,186,188,Yes,14.7,515,1
Ford,FOR751,Hybrid,Manual,Pickup,Grey,2170000.0,2.1,233,156,No,25.1,229,1
Toyota,TOY708,Hybrid,Automatic,Hatchback,Green,2529000.0,1.2,216,145,Yes,24.7,704,1
Toyota,TOY399,Diesel,Automatic,Hatchback,White,3039000.0,1.8,91,197,Yes,16.3,543,1
Ford,FOR408,Petrol,Manual,Pickup,Silver,4594000.0,3.1,224,178,No,14.7,314,1
BMW,BMW741,Petrol,Automatic,Sedan,White,9418000.0,4.6,418,212,No,12.6,464,1
Mahindra,MAH743,Hybrid,Automatic,Pickup,Green,3018000.0,3.0,234,156,Yes,20.7,258,1
Audi,AUD256,Hybrid,Automatic,Coupe,Black,12366000.0,4.9,197,277,No,20.7,391,1
Audi,AUD563,Hybrid,Automatic,Hatchback,Black,10830000.0,4.4,297,249,No,25.6,88,0
Kia,KIA589,Diesel,Automatic,Hatchback,White,2261000.0,2.1,100,169,Yes,15.7,246,1
Tata,TAT206,Petrol,Automatic,Coupe,White,1845000.0,1.7,102,120,No,13.7,468,1
Tata,TAT588,Petrol,Automatic,Coupe,Red,638000.0,1.8,106,152,Yes,12.5,816,1
Kia,KIA878,Diesel,Manual,Sedan,Black,4059000.0,2.5,215,200,Yes,18.4,178,1
Mercedes,MER956,Petrol,Manual,Sedan,Silver,14874000.0,3.9,380,191,No,13.6,208,0
Toyota,TOY450,Petrol,Manual,Sedan,Red,4743000.0,2.9,235,200,Yes,16.8,517,1
Audi,AUD515,Petrol,Automatic,Coupe,Silver,11996000.0,3.9,222,256,No,17.7,296,1
Hyundai,HYU396,Petrol,Automatic,Pickup,White,2042000.0,1.7,140,159,Yes,13.7,677,1
Kia,KIA712,Petrol,Manual,Sedan,Black,2533000.0,1.6,102,195,Yes,15.1,326,1
Tata,TAT220,Petrol,Manual,Pickup,Grey,2026000.0,1.7,107,136,No,17.5,514,1
Toyota,TOY694,Petrol,Manual,Hatchback,Black,3098000.0,1.9,133,155,Yes,17.6,392,1
BMW,BMW324,Petrol,Automatic,Pickup,Red,8129000.0,3.8,251,226,Yes,18.5,356,1
Ford,FOR195,Petrol,Automatic,Hatchback,Black,1882000.0,1.4,201,169,Yes,15.5,463,1
Audi,AUD565,Hybrid,Manual,Hatchback,Green,5147000.0,2.8,189,241,Yes,22.4,169,1
Kia,KIA938,Electric,Manual,Pickup,Blue,3570000.0,1.9,233,211,Yes,29.9,360,1
Audi,AUD628,Petrol,Manual,SUV,Black,19641000.0,5.0,402,239,Yes,14.0,143,0
Toyota,TOY985,Petrol,Manual,Pickup,Black,1907000.0,3.5,142,199,No,18.5,418,1
Audi,AUD632,Petrol,Automatic,Sedan,Green,16907000.0,5.0,245,182,No,15.3,432,1
Maruti Suzuki,MAR826,Petrol,Manual,Coupe,Grey,1491000.0,1.3,99,133,Yes,12.1,510,1
Honda,HON460,Petrol,Automatic,Coupe,Grey,4077000.0,2.6,211,182,No,18.7,610,1
Maruti Suzuki,MAR944,Petrol,Automatic,SUV,White,1707000.0,1.9,95,154,No,19.9,903,1
Audi,AUD685,Diesel,Manual,Pickup,Red,15081000.0,3.3,370,207,No,13.8,355,1
Audi,AUD651,Petrol,Automatic,Sedan,Silver,16035000.0,3.0,322,194,No,20.0,273,1
Ford,FOR624,Petrol,Automatic,SUV,Silver,4877000.0,2.7,218,197,No,16.7,340,1
BMW,BMW623,Hybrid,Manual,Pickup,Grey,13862000.0,4.0,280,245,Yes,21.7,152,0
Maruti Suzuki,MAR335,Hybrid,Automatic,SUV,Blue,1466000.0,1.7,101,158,Yes,22.8,660,1
Maruti Suzuki,MAR978,Diesel,Manual,Sedan,Blue,1530000.0,1.2,102,147,Yes,17.3,446,1
Audi,AUD639,Hybrid,Automatic,Coupe,Red,12504000.0,2.5,185,293,Yes,26.1,376,1
Mahindra,MAH995,Diesel,Automatic,Hatchback,Green,4395000.0,3.4,175,179,No,15.2,374,1
Audi,AUD405,Diesel,Manual,Hatchback,Red,7347000.0,3.7,254,244,No,16.7,30,0
Toyota,TOY550,Petrol,Manual,SUV,Green,1398000.0,1.3,157,146,Yes,16.9,566,1
Mercedes,MER495,Petrol,Manual,Sedan,Black,18187000.0,4.6,357,194,Yes,18.9,175,0
BMW,BMW553,Petrol,Automatic,Coupe,Silver,14676000.0,2.9,396,319,No,12.2,281,1
Kia,KIA688,Petrol,Manual,Hatchback,Silver,4674000.0,2.6,245,177,No,18.8,322,1
Mahindra,MAH343,Petrol,Manual,Hatchback,Grey,1938000.0,3.4,220,208,Yes,19.5,227,1
BMW,BMW350,Hybrid,Manual,Pickup,Black,5962000.0,3.2,199,194,No,22.3,30,0
Audi,AUD285,Diesel,Manual,Sedan,Blue,5823000.0,2.5,219,248,Yes,18.1,215,1
Kia,KIA308,Diesel,Manual,SUV,Grey,4176000.0,2.2,134,203,No,14.6,197,1
Ford,FOR815,Petrol,Manual,Pickup,Green,1686000.0,1.8,146,193,Yes,12.5,235,1
Ford,FOR443,Petrol,Automatic,Pickup,Red,2137000.0,3.1,113,167,Yes,18.9,62,1
Hyundai,HYU832,Petrol,Automatic,SUV,Black,3203000.0,3.0,111,186,Yes,16.0,527,1
Audi,AUD506,Petrol,Manual,SUV,White,7362000.0,3.9,253,214,Yes,12.7,30,0
Mahindra,MAH117,Diesel,Manual,Hatchback,Black,3455000.0,1.3,156,176,No,17.8,240,1
Honda,HON340,Petrol,Manual,Pickup,Grey,3496000.0,2.7,214,208,Yes,14.5,633,1
Maruti Suzuki,MAR995,Petrol,Manual,Hatchback,Grey,2298000.0,1.9,82,131,Yes,15.9,620,1
Hyundai,HYU984,Diesel,Automatic,Pickup,White,3697000.0,2.3,167,207,Yes,14.9,509,1
Ford,FOR275,Petrol,Automatic,Sedan,Red,2529000.0,2.2,211,150,Yes,13.6,508,1
Kia,KIA586,Petrol,Manual,Pickup,Black,4061000.0,1.6,180,186,No,15.9,165,1
Ford,FOR881,Diesel,Automatic,Sedan,Grey,3149000.0,2.1,195,151,Yes,16.6,449,1
Honda,HON816,Petrol,Automatic,SUV,Blue,1793000.0,1.8,124,154,No,18.6,507,1
Tata,TAT438,Hybrid,Manual,SUV,Grey,2136000.0,1.6,68,142,No,28.0,471,1
Tata,TAT689,Electric,Automatic,SUV,Black,1131000.0,1.1,93,170,No,36.9,577,1
Ford,FOR269,Petrol,Manual,Hatchback,Grey,2112000.0,1.7,229,159,Yes,14.1,203,1
Maruti Suzuki,MAR633,Diesel,Manual,Sedan,Grey,639000.0,1.9,107,157,No,18.0,578,1
Maruti Suzuki,MAR838,Hybrid,Manual,SUV,Blue,1099000.0,1.1,89,175,No,20.4,422,1
Audi,AUD694,Petrol,Manual,Hatchback,Grey,7946000.0,2.6,244,243,Yes,15.7,488,1
Mercedes,MER368,Diesel,Automatic,Hatchback,Red,7500000.0,3.5,296,221,No,20.0,169,1
Mahindra,MAH279,Petrol,Automatic,Hatchback,Black,3929000.0,2.1,222,153,No,12.2,210,1
Toyota,TOY243,Petrol,Manual,Coupe,Green,3319000.0,2.6,235,215,Yes,16.0,233,1
Maruti Suzuki,MAR757,Petrol,Automatic,Sedan,Silver,631000.0,1.0,93,146,No,18.7,367,1
BMW,BMW680,Diesel,Manual,SUV,Silver,6211000.0,4.2,210,222,Yes,14.2,204,1
Ford,FOR697,Petrol,Automatic,Coupe,Grey,2032000.0,2.1,218,207,Yes,18.0,398,1
Tata,TAT611,Petrol,Automatic,Coupe,Black,1008000.0,1.7,93,175,Yes,15.1,433,1
Maruti Suzuki,MAR322,Hybrid,Automatic,Hatchback,Blue,670000.0,1.0,109,151,Yes,27.8,494,1
Maruti Suzuki,MAR289,Electric,Automatic,SUV,Blue,693000.0,2.0,100,175,No,29.0,419,1
Audi,AUD776,Diesel,Manual,Sedan,Red,12949000.0,4.0,265,239,Yes,19.6,299,1
Tata,TAT718,Hybrid,Automatic,SUV,Blue,1054000.0,1.3,117,120,Yes,27.2,580,1
Hyundai,HYU556,Petrol,Manual,Sedan,Black,4033000.0,2.6,248,164,No,14.7,533,1
Maruti Suzuki,MAR548,Petrol,Manual,SUV,White,1017000.0,1.3,110,176,Yes,13.5,480,1
BMW,BMW527,Electric,Automatic,Sedan,Red,10261000.0,4.8,196,186,No,27.4,85,0
Maruti Suzuki,MAR648,Diesel,Automatic,SUV,Black,2139000.0,1.4,90,134,No,15.8,644,1
Kia,KIA572,Hybrid,Manual,Coupe,White,3851000.0,2.9,210,220,No,29.0,434,1
Mercedes,MER740,Petrol,Manual,Sedan,Green,5206000.0,2.0,237,226,No,15.3,304,1
Audi,AUD900,Electric,Manual,Coupe,Grey,12552000.0,4.7,421,309,Yes,29.7,84,0
Kia,KIA392,Hybrid,Manual,Hatchback,Silver,1807000.0,1.6,144,174,No,28.3,488,1
Kia,KIA129,Diesel,Manual,Hatchback,Grey,1937000.0,2.9,175,163,Yes,15.9,467,1
Hyundai,HYU461,Diesel,Manual,Sedan,Silver,2362000.0,1.6,108,183,No,19.2,306,1
Maruti Suzuki,MAR469,Petrol,Manual,Coupe,Blue,1197000.0,1.7,99,175,Yes,18.6,886,1
Kia,KIA845,Diesel,Manual,SUV,Grey,3966000.0,2.1,142,140,No,18.6,471,1
Tata,TAT309,Diesel,Manual,Sedan,Silver,1804000.0,1.1,94,147,No,12.9,522,1
Mahindra,MAH849,Diesel,Automatic,SUV,Blue,3393000.0,1.3,195,182,No,12.8,198,1
Mercedes,MER598,Petrol,Manual,Hatchback,Grey,7600000.0,3.7,260,245,No,18.5,190,1
Mercedes,MER600,Petrol,Automatic,Hatchback,Red,7746000.0,2.2,194,228,Yes,15.7,267,1
Tata,TAT433,Petrol,Automatic,Coupe,Red,954000.0,1.6,75,154,No,14.9,564,1
Tata,TAT893,Electric,Manual,Hatchback,White,1334000.0,1.4,81,168,Yes,29.9,565,1
Kia,KIA397,Petrol,Manual,SUV,White,1858000.0,1.4,164,178,Yes,18.7,266,1
Mahindra,MAH671,Petrol,Manual,Hatchback,Grey,4179000.0,3.1,151,176,Yes,14.4,104,1
Honda,HON335,Petrol,Manual,Pickup,Silver,4241000.0,1.5,239,194,No,16.3,445,1
Honda,HON287,Petrol,Manual,Sedan,Silver,2553000.0,1.6,195,217,No,16.5,372,1
Hyundai,HYU470,Hybrid,Automatic,Pickup,Black,3208000.0,1.4,156,149,No,26.1,576,1
Mahindra,MAH638,Petrol,Manual,Coupe,Silver,1634000.0,2.0,178,208,Yes,18.7,373,1
Mahindra,MAH842,Petrol,Manual,Coupe,Green,3972000.0,2.6,149,197,Yes,12.8,139,1
Mahindra,MAH553,Hybrid,Automatic,Coupe,Green,3395000.0,2.7,101,207,No,21.8,31,0
Audi,AUD893,Hybrid,Manual,Pickup,Red,7494000.0,4.5,191,209,No,21.7,272,1
Toyota,TOY435,Petrol,Automatic,Hatchback,Grey,2260000.0,2.4,207,216,No,13.8,552,1
Mercedes,MER395,Diesel,Manual,Sedan,Black,19504000.0,4.8,427,224,No,17.0,419,1
Mercedes,MER698,Hybrid,Automatic,Coupe,Silver,12324000.0,4.0,295,287,Yes,28.2,115,0
Audi,AUD561,Diesel,Manual,Hatchback,Blue,8242000.0,4.5,325,239,Yes,15.5,359,1
Mercedes,MER283,Hybrid,Automatic,Coupe,Red,9465000.0,4.5,310,261,No,23.1,167,1
Kia,KIA458,Diesel,Manual,Pickup,Grey,2789000.0,1.9,96,161,Yes,12.1,576,1
BMW,BMW824,Petrol,Manual,Coupe,Silver,10970000.0,4.0,397,313,Yes,15.2,146,0
Audi,AUD737,Diesel,Manual,Pickup,Silver,15746000.0,2.8,447,181,Yes,16.8,442,1
Hyundai,HYU590,Petrol,Manual,Coupe,Silver,1925000.0,3.4,118,223,Yes,13.8,713,1
Honda,HON537,Petrol,Manual,Sedan,Green,2396000.0,2.5,156,152,Yes,13.4,674,1
Ford,FOR569,Petrol,Manual,Pickup,White,3685000.0,1.4,152,148,No,12.1,278,1
Hyundai,HYU443,Petrol,Automatic,Coupe,Silver,3372000.0,2.6,116,196,Yes,12.2,493,1
Ford,FOR471,Diesel,Manual,Sedan,Grey,4493000.0,3.3,157,144,No,12.3,273,1
Ford,FOR947,Hybrid,Automatic,Sedan,Blue,2855000.0,2.1,94,186,No,20.1,248,1
BMW,BMW294,Petrol,Automatic,Sedan,Blue,6305000.0,3.8,287,248,No,16.4,400,1
Kia,KIA914,Petrol,Manual,Hatchback,Red,2315000.0,2.8,133,212,Yes,15.0,255,1
BMW,BMW775,Diesel,Automatic,Sedan,Silver,12475000.0,4.5,397,195,Yes,13.8,260,1
Ford,FOR773,Electric,Manual,Sedan,White,4094000.0,3.3,105,176,Yes,30.1,451,1
Audi,AUD852,Petrol,Automatic,Hatchback,White,6334000.0,3.5,299,203,Yes,15.2,133,1
Honda,HON300,Diesel,Manual,Hatchback,Silver,2861000.0,1.6,181,204,No,18.1,424,1
Honda,HON987,Petrol,Automatic,Hatchback,Silver,2148000.0,2.0,155,194,Yes,12.5,424,1
Hyundai,HYU390,Hybrid,Automatic,Hatchback,Blue,1565000.0,2.1,201,155,No,26.4,628,1
Toyota,TOY551,Diesel,Automatic,SUV,White,3791000.0,1.9,126,172,Yes,13.9,351,1
Hyundai,HYU658,Diesel,Automatic,Pickup,Green,3913000.0,3.1,197,205,Yes,15.2,622,1
Honda,HON637,Hybrid,Manual,SUV,Red,2552000.0,2.7,133,146,Yes,29.9,345,1
Honda,HON650,Petrol,Automatic,SUV,Red,2336000.0,3.5,246,203,No,17.3,607,1
Toyota,TOY339,Diesel,Automatic,SUV,Red,2375000.0,2.3,189,172,Yes,15.4,433,1
Kia,KIA565,Diesel,Manual,Coupe,Black,2658000.0,2.5,226,194,Yes,19.5,489,1
Audi,AUD383,Diesel,Automatic,Pickup,Black,11766000.0,4.3,184,237,Yes,12.3,331,1
Mercedes,MER945,Petrol,Manual,Hatchback,Red,17499000.0,5.0,259,194,No,18.1,287,1
BMW,BMW658,Diesel,Manual,Sedan,Black,7138000.0,2.4,444,227,No,18.8,190,1
Mahindra,MAH901,Diesel,Automatic,Coupe,Silver,2608000.0,2.8,185,222,Yes,17.5,41,1
Mercedes,MER831,Petrol,Automatic,Hatchback,Red,9086000.0,4.3,241,228,Yes,13.9,474,1
Hyundai,HYU922,Petrol,Automatic,Coupe,Grey,3406000.0,2.9,124,184,No,13.0,710,1
Maruti Suzuki,MAR385,Petrol,Automatic,Coupe,Silver,674000.0,1.7,80,148,No,19.4,648,1
Tata,TAT732,Diesel,Manual,SUV,Green,1087000.0,1.5,60,124,Yes,14.1,511,1
Audi,AUD427,Electric,Automatic,Sedan,Green,10070000.0,3.6,227,200,No,35.0,209,1
Toyota,TOY865,Petrol,Automatic,Pickup,Green,4208000.0,1.3,232,186,Yes,16.5,284,1
Ford,FOR429,Hybrid,Manual,Sedan,Red,1723000.0,2.6,144,213,No,24.1,350,1
Ford,FOR473,Diesel,Automatic,Hatchback,Green,1912000.0,2.8,136,182,No,17.6,366,1
Tata,TAT646,Diesel,Automatic,Sedan,White,1798000.0,1.7,116,137,Yes,12.0,522,1
Mahindra,MAH298,Petrol,Automatic,Hatchback,White,2184000.0,1.7,195,190,No,16.7,474,1
Toyota,TOY711,Diesel,Manual,Hatchback,Silver,2832000.0,2.0,111,147,Yes,18.7,213,1
Tata,TAT339,Diesel,Manual,Coupe,Black,2048000.0,1.6,66,144,Yes,17.8,443,1
Maruti Suzuki,MAR563,Electric,Manual,Pickup,Green,601000.0,1.7,81,135,Yes,25.2,641,1
Maruti Suzuki,MAR603,Hybrid,Manual,Hatchback,Green,1605000.0,1.9,117,153,No,25.1,614,1
Toyota,TOY878,Petrol,Manual,Pickup,Red,2637000.0,2.6,152,159,Yes,12.8,273,1
Mahindra,MAH331,Hybrid,Manual,Sedan,Blue,2024000.0,1.4,118,218,No,24.4,460,1
Audi,AUD265,Diesel,Manual,Sedan,Blue,18979000.0,3.7,399,202,No,14.4,263,0
Mahindra,MAH386,Petrol,Manual,Coupe,Grey,2877000.0,2.7,199,202,No,13.1,162,1
Mahindra,MAH422,Hybrid,Manual,SUV,White,3503000.0,2.8,202,200,No,28.7,348,1
BMW,BMW580,Diesel,Automatic,Pickup,Grey,12669000.0,4.2,347,193,No,12.2,181,1
BMW,BMW353,Petrol,Manual,Hatchback,Silver,13204000.0,4.5,232,188,Yes,19.7,30,0
Kia,KIA875,Diesel,Automatic,Sedan,Blue,1796000.0,2.3,183,183,Yes,12.7,527,1
Toyota,TOY927,Hybrid,Manual,Pickup,Red,2373000.0,2.7,221,143,No,25.0,741,1
BMW,BMW816,Diesel,Automatic,Pickup,Grey,12405000.0,2.8,263,222,No,19.2,301,1
Mercedes,MER121,Diesel,Manual,Hatchback,White,14307000.0,3.1,353,212,No,13.5,392,1
Maruti Suzuki,MAR324,Petrol,Automatic,Hatchback,Silver,1737000.0,1.6,81,174,Yes,12.2,543,1
Toyota,TOY246,Petrol,Manual,SUV,Green,3882000.0,2.8,143,194,No,15.2,376,1
Mercedes,MER932,Petrol,Manual,Sedan,White,14208000.0,3.4,291,245,Yes,14.0,232,1
Maruti Suzuki,MAR822,Diesel,Manual,Sedan,Red,2062000.0,1.4,63,140,No,16.0,453,1
Ford,FOR101,Petrol,Manual,Pickup,Silver,2191000.0,2.7,249,176,Yes,14.8,210,1
Mercedes,MER874,Diesel,Manual,Coupe,White,15271000.0,3.2,284,279,No,15.5,164,0
Ford,FOR785,Electric,Manual,SUV,Grey,3233000.0,1.3,220,215,No,34.7,716,1
BMW,BMW333,Petrol,Manual,SUV,Blue,11802000.0,3.2,271,188,No,15.1,168,0
Maruti Suzuki,MAR137,Diesel,Automatic,SUV,Black,859000.0,1.7,72,123,No,16.4,749,1
Audi,AUD288,Petrol,Automatic,Pickup,Red,12881000.0,3.0,396,217,No,12.6,288,1
Kia,KIA991,Hybrid,Manual,SUV,Black,3464000.0,3.3,153,163,Yes,21.4,316,1
Mahindra,MAH800,Petrol,Automatic,Pickup,Red,3190000.0,1.4,240,200,No,16.7,127,1
Ford,FOR955,Diesel,Manual,Hatchback,Red,3560000.0,1.4,166,190,Yes,18.6,243,1
Tata,TAT191,Petrol,Manual,Coupe,Grey,2072000.0,1.1,112,178,No,13.4,634,1
Kia,KIA159,Diesel,Manual,Sedan,Grey,3179000.0,1.3,154,181,No,16.6,378,1
Honda,HON653,Petrol,Manual,Sedan,Blue,3405000.0,3.1,242,141,No,19.9,520,1
Maruti Suzuki,MAR806,Diesel,Automatic,SUV,White,748000.0,1.8,76,127,Yes,15.5,410,1
Mercedes,MER352,Petrol,Automatic,SUV,Grey,7226000.0,3.8,423,206,Yes,13.7,429,1
Tata,TAT855,Petrol,Automatic,SUV,Black,1258000.0,1.0,109,169,No,16.7,671,1
Toyota,TOY766,Petrol,Manual,SUV,Black,3489000.0,3.1,191,202,Yes,16.8,316,1
BMW,BMW373,Hybrid,Automatic,Sedan,Black,12030000.0,4.9,326,222,Yes,22.2,415,1
BMW,BMW778,Petrol,Manual,Pickup,Red,7280000.0,2.2,343,233,No,16.2,540,1
Ford,FOR791,Diesel,Automatic,SUV,Black,2068000.0,2.7,102,175,No,13.3,272,1
Audi,AUD111,Petrol,Automatic,Coupe,Black,8929000.0,2.2,287,261,Yes,15.9,167,1
Maruti Suzuki,MAR866,Petrol,Manual,Sedan,White,1228000.0,1.8,68,150,Yes,12.5,618,1
Mercedes,MER822,Petrol,Manual,Hatchback,White,13752000.0,4.6,330,247,No,12.4,89,0
Mahindra,MAH100,Diesel,Automatic,Hatchback,Green,1448000.0,1.3,119,183,No,17.2,226,1
Mahindra,MAH498,Diesel,Automatic,Sedan,Black,1434000.0,1.6,110,149,No,16.1,423,1
Honda,HON653,Hybrid,Manual,Sedan,Blue,2309000.0,2.0,248,194,Yes,29.5,399,1
Mahindra,MAH334,Petrol,Manual,Pickup,Black,2545000.0,1.4,90,193,Yes,17.1,148,1
Mercedes,MER608,Petrol,Manual,Coupe,Red,10401000.0,3.5,292,202,Yes,14.7,216,1
Hyundai,HYU259,Electric,Manual,Coupe,Green,3433000.0,1.9,152,196,No,26.5,626,1
Audi,AUD160,Petrol,Manual,SUV,Black,8841000.0,4.4,362,218,No,15.8,115,0
Ford,FOR604,Hybrid,Manual,SUV,White,4167000.0,3.5,128,209,Yes,28.3,153,1
Audi,AUD220,Petrol,Automatic,Hatchback,Black,8044000.0,3.2,290,248,No,13.4,160,1
Hyundai,HYU868,Petrol,Manual,Coupe,Black,3685000.0,2.2,182,238,No,18.4,711,1
Tata,TAT842,Petrol,Manual,Hatchback,Grey,1924000.0,1.1,101,128,No,15.3,168,1
Ford,FOR214,Petrol,Manual,Sedan,Grey,3235000.0,3.5,111,194,Yes,15.2,515,1
Mahindra,MAH815,Diesel,Manual,Hatchback,Red,1849000.0,1.6,241,210,Yes,19.3,505,1
Hyundai,HYU694,Diesel,Automatic,Hatchback,White,2813000.0,2.2,147,187,No,16.6,374,1
Kia,KIA827,Hybrid,Manual,Coupe,Black,1951000.0,2.3,178,219,No,22.1,530,1
Mercedes,MER447,Petrol,Manual,Hatchback,Blue,12203000.0,2.8,367,219,No,18.4,106,0
Ford,FOR921,Petrol,Automatic,Sedan,Black,3804000.0,2.6,168,150,No,14.1,621,1
Ford,FOR560,Petrol,Automatic,SUV,Grey,2614000.0,1.9,91,179,Yes,14.3,128,1
Maruti Suzuki,MAR897,Petrol,Automatic,SUV,Red,1679000.0,1.0,95,176,Yes,13.4,466,1
Kia,KIA863,Petrol,Manual,Hatchback,Grey,3373000.0,2.5,155,181,Yes,19.2,340,1
Audi,AUD733,Petrol,Manual,Coupe,Red,7812000.0,2.1,412,269,Yes,19.1,437,1
Mahindra,MAH542,Diesel,Manual,SUV,Blue,3140000.0,2.9,236,185,Yes,13.4,358,1
Ford,FOR899,Petrol,Manual,Pickup,Grey,2009000.0,1.7,129,164,No,16.4,116,1
Tata,TAT507,Petrol,Manual,Hatchback,Grey,1454000.0,1.1,65,130,No,16.1,779,1
Mahindra,MAH501,Diesel,Automatic,Sedan,White,1964000.0,1.9,154,204,Yes,12.1,500,1
Honda,HON533,Diesel,Automatic,Coupe,Grey,3983000.0,3.3,93,190,Yes,19.1,627,1
Tata,TAT722,Petrol,Manual,SUV,Black,1373000.0,1.6,99,160,Yes,19.5,597,1
Kia,KIA839,Electric,Automatic,Sedan,Green,1596000.0,1.7,233,160,No,28.3,295,1
Honda,HON725,Petrol,Manual,Sedan,Silver,2049000.0,3.2,170,193,No,13.9,568,1
Kia,KIA644,Electric,Manual,Coupe,Silver,2218000.0,2.1,123,248,No,34.7,467,1
Kia,KIA396,Petrol,Automatic,SUV,Grey,4324000.0,1.9,215,201,No,17.5,335,1
Ford,FOR433,Petrol,Manual,Sedan,Blue,1995000.0,2.7,206,186,No,13.7,412,1
Ford,FOR890,Petrol,Automatic,Coupe,Red,2811000.0,1.9,158,225,Yes,18.0,274,1
Tata,TAT899,Diesel,Automatic,Hatchback,Black,1012000.0,1.2,107,174,No,15.0,287,1
Tata,TAT224,Diesel,Manual,Pickup,Silver,1962000.0,1.9,110,130,No,19.7,273,1
Honda,HON830,Diesel,Manual,Coupe,White,1517000.0,2.3,107,197,Yes,14.5,276,1
Toyota,TOY373,Hybrid,Manual,Hatchback,Blue,4167000.0,3.2,138,208,Yes,28.6,315,1
Ford,FOR672,Diesel,Manual,Coupe,Black,4101000.0,3.4,199,203,No,16.0,413,1
Hyundai,HYU838,Petrol,Manual,Coupe,Grey,3222000.0,2.4,109,201,No,18.4,530,1
Kia,KIA304,Diesel,Manual,Hatchback,Green,3887000.0,2.9,219,215,Yes,14.5,401,1
Hyundai,HYU860,Petrol,Automatic,SUV,Silver,3850000.0,1.5,202,199,Yes,17.4,633,1
BMW,BMW501,Hybrid,Manual,Sedan,Blue,7311000.0,2.2,373,213,No,28.5,194,1
Honda,HON743,Petrol,Automatic,Sedan,Black,2564000.0,1.6,223,183,Yes,13.5,463,1
Toyota,TOY213,Diesel,Manual,Coupe,Silver,3479000.0,2.3,222,238,No,17.7,670,1
Hyundai,HYU408,Diesel,Automatic,Pickup,Grey,1972000.0,3.1,197,195,Yes,14.9,604,1
Tata,TAT669,Petrol,Automatic,Pickup,Blue,789000.0,1.4,113,122,No,19.7,591,1
Toyota,TOY584,Diesel,Manual,Sedan,Silver,3530000.0,2.7,133,159,No,19.5,549,1
BMW,BMW245,Petrol,Automatic,Pickup,White,8235000.0,2.4,182,218,No,19.8,140,1
Hyundai,HYU398,Electric,Manual,SUV,Silver,2413000.0,2.0,145,181,No,31.6,552,1
Mahindra,MAH113,Petrol,Manual,SUV,Grey,2984000.0,1.5,247,159,Yes,12.6,457,1
Maruti Suzuki,MAR975,Diesel,Automatic,Sedan,Green,1681000.0,1.6,84,145,Yes,18.3,676,1
Hyundai,HYU684,Petrol,Automatic,Hatchback,Black,3360000.0,2.2,163,160,Yes,18.0,477,1
Honda,HON783,Petrol,Automatic,Pickup,Silver,2926000.0,1.9,185,219,No,15.5,415,1
Hyundai,HYU633,Petrol,Manual,Hatchback,White,1475000.0,1.7,156,157,No,12.0,642,1
Kia,KIA445,Electric,Automatic,Coupe,Green,4796000.0,3.1,208,191,Yes,26.8,372,1
Mahindra,MAH484,Petrol,Automatic,SUV,Green,3944000.0,2.2,109,180,No,14.8,256,1
Mercedes,MER887,Petrol,Manual,Coupe,Silver,11058000.0,3.9,374,213,Yes,12.3,184,1
Kia,KIA808,Petrol,Manual,Pickup,Black,3727000.0,2.0,161,194,Yes,16.1,281,1
Mahindra,MAH126,Hybrid,Automatic,Hatchback,Red,4126000.0,3.2,91,202,No,24.6,298,1
Kia,KIA683,Diesel,Manual,Pickup,Silver,4554000.0,2.9,129,183,No,19.9,394,1
Maruti Suzuki,MAR832,Petrol,Manual,Pickup,Green,1913000.0,1.1,102,140,Yes,12.1,386,1
Kia,KIA849,Petrol,Automatic,SUV,White,4042000.0,2.0,222,140,Yes,14.5,272,1
Ford,FOR553,Diesel,Manual,SUV,Grey,1863000.0,1.7,100,154,No,16.4,251,1
Toyota,TOY396,Petrol,Manual,Sedan,Green,3037000.0,3.2,234,179,Yes,14.6,150,1
Kia,KIA695,Petrol,Manual,Pickup,Silver,1843000.0,3.4,99,163,No,14.4,211,1
Audi,AUD581,Electric,Manual,Sedan,Grey,13999000.0,2.4,351,188,No,26.1,176,0
Honda,HON207,Diesel,Automatic,SUV,Green,4134000.0,1.6,221,183,Yes,12.6,419,1
Audi,AUD507,Petrol,Manual,Sedan,Green,13783000.0,2.0,318,233,No,19.5,283,1
Tata,TAT656,Petrol,Manual,Hatchback,Black,2221000.0,1.8,113,131,Yes,14.3,372,1
Honda,HON373,Petrol,Automatic,SUV,Green,2541000.0,2.5,115,195,Yes,13.3,230,1
Tata,TAT964,Petrol,Manual,Hatchback,Silver,1122000.0,1.5,107,164,Yes,17.2,524,1
Mahindra,MAH399,Petrol,Automatic,Pickup,Grey,1643000.0,2.1,156,143,Yes,14.2,120,1
Mercedes,MER752,Electric,Manual,SUV,Grey,18414000.0,4.9,275,183,Yes,27.7,283,1
Tata,TAT451,Diesel,Automatic,Pickup,Green,829000.0,1.8,66,178,Yes,15.1,479,1
Tata,TAT454,Diesel,Manual,Hatchback,Silver,1822000.0,1.3,97,131,Yes,13.2,541,1
BMW,BMW324,Hybrid,Automatic,Hatchback,White,12952000.0,2.2,270,201,No,26.4,379,1
BMW,BMW254,Petrol,Manual,Hatchback,Black,9253000.0,2.4,341,237,Yes,15.1,208,1
Tata,TAT838,Diesel,Automatic,Sedan,Blue,963000.0,1.3,98,156,No,17.6,449,1
Mahindra,MAH388,Petrol,Manual,SUV,Green,2640000.0,3.1,122,177,Yes,18.4,250,1
Ford,FOR426,Diesel,Manual,Coupe,Green,3258000.0,1.3,200,202,Yes,12.4,470,1
Mercedes,MER509,Petrol,Manual,Sedan,White,11697000.0,2.7,284,185,Yes,13.2,119,0
Hyundai,HYU872,Petrol,Manual,Pickup,White,3696000.0,1.2,167,149,Yes,14.5,510,1
Toyota,TOY523,Diesel,Automatic,Hatchback,Green,4293000.0,1.6,244,156,Yes,17.9,550,1
Toyota,TOY787,Petrol,Automatic,SUV,White,2999000.0,2.4,121,153,Yes,19.3,418,1
Honda,HON843,Hybrid,Manual,Coupe,Blue,2500000.0,2.1,211,203,No,29.5,542,1
Ford,FOR334,Electric,Manual,Sedan,Red,3497000.0,1.3,131,177,Yes,28.4,576,1
Kia,KIA723,Petrol,Manual,Coupe,Blue,4076000.0,3.3,157,203,Yes,19.7,263,1
Audi,AUD818,Electric,Manual,Hatchback,White,11097000.0,4.7,333,233,Yes,37.2,30,0
Kia,KIA817,Petrol,Manual,SUV,White,2610000.0,2.2,225,169,No,18.4,373,1
Kia,KIA748,Petrol,Automatic,Pickup,Grey,4266000.0,3.1,225,171,Yes,12.4,435,1
Honda,HON187,Petrol,Automatic,Coupe,Red,2765000.0,2.7,162,232,No,14.9,279,1
Mahindra,MAH727,Diesel,Automatic,SUV,Grey,3617000.0,2.5,122,163,No,18.0,373,1
Toyota,TOY380,Petrol,Manual,Coupe,Red,2962000.0,1.7,244,230,No,19.7,267,1
Audi,AUD791,Hybrid,Automatic,Sedan,Silver,17195000.0,3.6,370,197,Yes,24.5,30,0
Toyota,TOY316,Petrol,Manual,SUV,Red,1535000.0,1.7,90,143,No,19.8,512,1
Tata,TAT114,Petrol,Manual,Pickup,White,1929000.0,1.6,69,163,Yes,16.8,321,1
Honda,HON240,Petrol,Manual,Coupe,Black,4274000.0,3.0,246,220,Yes,14.7,364,1
Hyundai,HYU645,Electric,Manual,Pickup,Grey,3684000.0,1.5,142,205,Yes,34.0,579,1
Toyota,TOY559,Hybrid,Automatic,Pickup,Silver,2809000.0,2.3,226,167,No,28.7,414,1
BMW,BMW767,Petrol,Manual,Hatchback,Green,14095000.0,2.5,296,191,Yes,17.7,228,1
Kia,KIA907,Hybrid,Automatic,Sedan,Green,3047000.0,2.7,121,156,No,20.4,444,1
Honda,HON849,Hybrid,Automatic,SUV,White,4196000.0,2.7,159,216,No,27.2,168,1
Maruti Suzuki,MAR291,Petrol,Manual,Pickup,White,2064000.0,1.5,75,123,No,17.8,544,1
Tata,TAT157,Diesel,Automatic,SUV,Green,1490000.0,1.6,96,129,Yes,15.0,394,1
Kia,KIA806,Diesel,Automatic,Coupe,Grey,3869000.0,3.4,206,244,No,18.1,158,1
Audi,AUD563,Petrol,Automatic,Hatchback,Grey,14374000.0,3.9,342,214,No,16.2,306,1
Ford,FOR199,Petrol,Manual,Coupe,Blue,2357000.0,2.4,121,236,No,13.5,330,1
Tata,TAT380,Hybrid,Automatic,Pickup,Black,1610000.0,1.4,76,153,No,23.5,376,1
Ford,FOR833,Petrol,Manual,Coupe,White,4772000.0,3.3,170,202,No,17.9,345,1
Mercedes,MER409,Diesel,Automatic,SUV,Green,9726000.0,4.8,183,218,No,17.9,118,0
Hyundai,HYU604,Petrol,Manual,Pickup,Silver,2875000.0,1.4,245,181,No,16.9,535,1
Maruti Suzuki,MAR458,Hybrid,Manual,Sedan,Red,1179000.0,1.1,66,170,No,22.4,360,1
Maruti Suzuki,MAR587,Diesel,Manual,Sedan,White,929000.0,1.5,106,123,No,16.6,776,1
BMW,BMW863,Diesel,Manual,SUV,Green,7777000.0,3.3,190,211,No,16.6,218,1
Toyota,TOY952,Petrol,Automatic,Hatchback,Black,2975000.0,2.0,140,148,No,14.9,432,1
Audi,AUD400,Petrol,Automatic,Coupe,Black,20572000.0,4.9,413,272,Yes,17.6,201,0
Toyota,TOY208,Petrol,Manual,Coupe,Black,2395000.0,2.7,162,213,No,18.1,255,1
Audi,AUD287,Diesel,Manual,Hatchback,Red,14688000.0,2.2,311,243,Yes,16.9,76,0
Mahindra,MAH544,Petrol,Manual,Hatchback,Green,2849000.0,1.8,144,208,No,16.5,158,1
Toyota,TOY284,Diesel,Manual,Sedan,Blue,1638000.0,3.4,150,188,No,12.6,405,1
Toyota,TOY168,Hybrid,Manual,Pickup,White,3970000.0,3.3,182,150,Yes,25.8,324,1
Tata,TAT457,Petrol,Automatic,Pickup,Blue,2115000.0,1.6,113,157,No,13.1,713,1
Toyota,TOY667,Diesel,Automatic,Sedan,Grey,2401000.0,1.7,235,200,No,17.4,262,1
Ford,FOR107,Hybrid,Automatic,Sedan,Grey,3571000.0,2.3,126,189,No,20.4,263,1
Hyundai,HYU220,Diesel,Manual,Coupe,Silver,2284000.0,2.3,113,248,No,13.7,506,1
Ford,FOR801,Diesel,Manual,Coupe,Silver,3793000.0,2.2,180,181,Yes,12.3,295,1
Mahindra,MAH932,Hybrid,Automatic,Pickup,Blue,3244000.0,3.1,231,146,No,25.4,269,1
Audi,AUD453,Petrol,Manual,SUV,Black,15583000.0,2.4,432,232,Yes,19.5,364,1
Tata,TAT688,Petrol,Automatic,Pickup,Red,1730000.0,1.4,116,136,Yes,14.7,652,1
Audi,AUD171,Diesel,Automatic,Sedan,White,16510000.0,2.6,395,231,No,12.5,365,1
Tata,TAT610,Diesel,Automatic,Pickup,Silver,1170000.0,1.3,78,178,No,17.1,681,1
BMW,BMW906,Petrol,Automatic,Pickup,Grey,11102000.0,4.6,228,246,Yes,13.8,176,1
Ford,FOR759,Petrol,Automatic,Coupe,Red,2555000.0,2.9,153,222,Yes,15.6,223,1
Ford,FOR913,Petrol,Manual,Coupe,Silver,1538000.0,1.9,165,191,No,14.8,462,1
Mercedes,MER572,Diesel,Automatic,Sedan,Silver,9513000.0,2.2,337,241,No,13.2,452,1
Ford,FOR277,Petrol,Manual,SUV,Green,2829000.0,2.8,155,180,Yes,12.1,500,1
BMW,BMW986,Petrol,Manual,SUV,Red,12990000.0,4.0,190,205,Yes,19.8,259,1
Toyota,TOY623,Electric,Manual,Coupe,Blue,4520000.0,2.8,183,235,No,38.0,30,0
Kia,KIA278,Hybrid,Automatic,Sedan,Green,2778000.0,2.3,151,217,No,27.0,235,1
Honda,HON267,Petrol,Automatic,Sedan,White,3296000.0,2.2,230,156,Yes,18.6,444,1
Honda,HON790,Hybrid,Manual,Coupe,White,3059000.0,1.3,245,215,Yes,22.9,621,1
Maruti Suzuki,MAR565,Hybrid,Manual,SUV,Grey,1010000.0,1.2,67,137,No,27.8,585,1
Toyota,TOY198,Petrol,Manual,Coupe,Red,2518000.0,1.7,116,203,Yes,19.5,200,1
Honda,HON772,Petrol,Automatic,Coupe,Silver,4320000.0,2.3,203,248,Yes,12.4,440,1
BMW,BMW569,Hybrid,Automatic,SUV,White,7017000.0,4.2,256,192,Yes,20.4,235,1
Honda,HON280,Diesel,Automatic,Pickup,Silver,2979000.0,2.2,94,202,No,12.1,283,1
Mahindra,MAH862,Petrol,Manual,Coupe,Black,4144000.0,3.3,159,217,No,15.8,433,1
Kia,KIA225,Diesel,Manual,SUV,Silver,4120000.0,2.0,188,214,No,19.7,311,1
Mahindra,MAH108,Diesel,Manual,Sedan,Grey,2844000.0,2.2,134,216,No,13.1,52,1
Toyota,TOY768,Petrol,Automatic,Coupe,White,2444000.0,2.1,249,183,Yes,16.6,490,1
Ford,FOR532,Petrol,Manual,Coupe,Grey,1542000.0,1.6,160,215,No,14.1,262,1
Tata,TAT750,Electric,Manual,Sedan,White,1197000.0,2.0,116,140,Yes,33.6,461,1
Maruti Suzuki,MAR865,Petrol,Manual,SUV,Black,1983000.0,1.0,108,176,Yes,12.7,551,1
Audi,AUD327,Hybrid,Manual,Hatchback,Black,9069000.0,3.3,367,231,No,30.0,253,1
Mercedes,MER162,Petrol,Automatic,Coupe,Grey,9316000.0,3.6,323,248,Yes,13.4,576,1
Mercedes,MER997,Petrol,Manual,Coupe,Green,8923000.0,3.6,367,261,No,19.9,193,1
Audi,AUD484,Hybrid,Manual,Hatchback,Black,13314000.0,3.1,388,191,No,23.8,122,0
Honda,HON578,Diesel,Manual,Pickup,Grey,4032000.0,2.3,217,186,No,14.7,163,1
Hyundai,HYU541,Petrol,Automatic,Hatchback,Blue,3461000.0,1.7,125,180,Yes,14.1,114,1
Honda,HON888,Diesel,Automatic,Sedan,Silver,4780000.0,2.5,228,151,Yes,16.6,538,1
Toyota,TOY598,Petrol,Manual,Sedan,White,4342000.0,2.5,204,169,No,12.7,60,0
Tata,TAT146,Diesel,Manual,SUV,Black,1998000.0,1.2,118,177,No,14.0,364,1
Maruti Suzuki,MAR384,Hybrid,Manual,Hatchback,Blue,1264000.0,1.9,117,146,No,23.2,892,1
Maruti Suzuki,MAR263,Petrol,Automatic,Pickup,White,1027000.0,1.7,63,122,No,15.1,640,1
Audi,AUD408,Petrol,Manual,Hatchback,Green,9405000.0,2.9,312,202,No,13.5,51,0
Mercedes,MER343,Petrol,Automatic,Pickup,White,13403000.0,5.0,245,227,Yes,17.7,30,0
Toyota,TOY311,Hybrid,Manual,Pickup,Grey,3071000.0,1.4,198,145,No,26.0,276,1
Maruti Suzuki,MAR483,Diesel,Manual,Hatchback,Silver,1883000.0,1.0,110,147,No,13.7,702,1
Mercedes,MER838,Petrol,Manual,Pickup,White,7536000.0,4.9,199,193,No,14.8,322,1
Toyota,TOY855,Petrol,Manual,Hatchback,Silver,1658000.0,1.9,128,157,No,15.3,727,1
Ford,FOR423,Diesel,Manual,Pickup,Green,3267000.0,1.7,148,171,Yes,19.8,179,1
Mercedes,MER369,Diesel,Automatic,SUV,Green,13489000.0,4.3,411,239,Yes,14.9,66,0
Mercedes,MER742,Diesel,Manual,Sedan,Grey,11706000.0,2.9,196,229,No,12.1,30,0
Hyundai,HYU407,Petrol,Manual,Hatchback,Grey,3712000.0,3.0,138,204,No,14.4,412,1
Ford,FOR984,Diesel,Manual,Hatchback,Green,3086000.0,2.9,200,218,Yes,13.8,512,1
Ford,FOR833,Petrol,Manual,Hatchback,Green,4099000.0,1.6,210,185,No,14.2,590,1
Hyundai,HYU485,Petrol,Manual,Pickup,White,2834000.0,2.0,182,211,No,16.6,598,1
Toyota,TOY781,Petrol,Manual,Hatchback,Grey,1487000.0,1.7,168,164,Yes,13.5,741,1
Mahindra,MAH656,Petrol,Automatic,SUV,Green,2721000.0,1.9,131,177,No,13.1,209,1
Ford,FOR557,Petrol,Automatic,Sedan,Blue,4331000.0,3.1,212,149,Yes,17.2,397,1
Audi,AUD604,Petrol,Automatic,Coupe,Red,16332000.0,3.7,354,255,Yes,16.2,264,1
Toyota,TOY589,Diesel,Automatic,Hatchback,Green,1607000.0,2.2,136,183,Yes,13.1,351,1
Honda,HON755,Diesel,Manual,Coupe,Grey,3620000.0,3.0,116,187,No,13.2,461,1
BMW,BMW207,Petrol,Manual,Coupe,Red,10495000.0,2.3,355,304,Yes,18.6,408,1
Honda,HON399,Petrol,Manual,Pickup,Green,2785000.0,1.4,107,143,Yes,14.1,389,1
Ford,FOR493,Hybrid,Manual,Coupe,Silver,2988000.0,3.4,187,238,Yes,27.1,257,1
Tata,TAT273,Diesel,Manual,SUV,Silver,781000.0,1.7,76,158,Yes,14.7,548,1
Mercedes,MER276,Petrol,Manual,Hatchback,Black,6742000.0,4.1,375,238,No,19.8,175,1
Maruti Suzuki,MAR265,Diesel,Manual,Sedan,Blue,2118000.0,1.1,109,158,Yes,17.2,652,1
Kia,KIA906,Hybrid,Manual,Pickup,Silver,4891000.0,3.3,160,143,Yes,23.6,219,1
Mahindra,MAH550,Petrol,Manual,SUV,Black,4158000.0,2.8,163,144,No,15.4,416,1
Honda,HON725,Petrol,Automatic,SUV,Silver,3266000.0,1.9,174,145,Yes,19.8,441,1
Mahindra,MAH730,Petrol,Automatic,Sedan,Blue,2474000.0,2.3,146,194,No,17.3,151,1
Tata,TAT524,Electric,Manual,Sedan,Silver,1060000.0,1.1,99,122,No,34.0,638,1
Hyundai,HYU601,Hybrid,Manual,Hatchback,Black,4470000.0,3.2,161,176,Yes,20.8,699,1
Audi,AUD745,Diesel,Automatic,Coupe,White,9204000.0,3.3,406,305,Yes,13.9,329,1
Audi,AUD748,Petrol,Manual,Coupe,Black,10159000.0,2.6,207,309,No,18.6,218,1
Honda,HON661,Diesel,Manual,Sedan,White,2361000.0,2.5,104,200,Yes,16.7,626,1
Mahindra,MAH359,Petrol,Manual,Pickup,Grey,1741000.0,1.6,119,144,No,16.7,314,1
Audi,AUD561,Petrol,Automatic,Pickup,Silver,14171000.0,3.0,274,221,No,14.2,161,0
Mahindra,MAH379,Petrol,Automatic,Coupe,Grey,1657000.0,2.9,190,220,No,17.9,141,1
Toyota,TOY201,Diesel,Manual,Hatchback,Grey,2127000.0,1.5,110,194,No,18.9,494,1
Ford,FOR646,Hybrid,Automatic,Hatchback,Black,4284000.0,2.6,119,148,No,28.1,630,1
Tata,TAT547,Petrol,Automatic,Sedan,Silver,1965000.0,1.7,110,123,Yes,18.0,686,1
Mahindra,MAH319,Diesel,Automatic,Hatchback,White,3963000.0,1.9,192,165,Yes,19.7,311,1
Honda,HON502,Hybrid,Manual,Hatchback,Green,1945000.0,2.8,118,158,Yes,24.9,380,1
Toyota,TOY621,Petrol,Manual,Pickup,Blue,3688000.0,1.7,113,200,Yes,16.0,214,1
Toyota,TOY916,Hybrid,Automatic,Pickup,White,2056000.0,2.8,184,200,No,23.1,501,1
BMW,BMW916,Petrol,Automatic,Coupe,White,11992000.0,3.2,445,235,No,14.4,380,1
Hyundai,HYU761,Hybrid,Manual,Hatchback,Silver,2364000.0,3.3,132,211,No,21.0,256,1
Maruti Suzuki,MAR983,Diesel,Manual,Hatchback,Silver,1706000.0,1.9,70,178,No,15.6,622,1
Audi,AUD500,Hybrid,Manual,Pickup,Black,8192000.0,2.6,262,186,Yes,21.4,307,1
Mahindra,MAH371,Hybrid,Manual,Hatchback,Black,1833000.0,2.2,217,151,Yes,21.3,128,1
Toyota,TOY434,Petrol,Manual,Pickup,White,1733000.0,1.6,237,205,No,14.8,481,1
Kia,KIA212,Hybrid,Manual,SUV,Grey,3592000.0,2.4,198,194,No,26.3,495,1
Tata,TAT474,Petrol,Manual,Coupe,Red,1640000.0,1.8,119,129,No,17.5,483,1
Mahindra,MAH924,Diesel,Manual,Pickup,Green,4270000.0,3.5,247,194,Yes,13.9,272,1
Toyota,TOY253,Petrol,Manual,SUV,Black,4174000.0,3.3,151,190,Yes,15.4,420,1
BMW,BMW701,Petrol,Automatic,SUV,Blue,11019000.0,2.9,385,245,No,19.5,269,1
Mercedes,MER187,Petrol,Manual,Pickup,Silver,12102000.0,2.8,198,198,Yes,19.3,182,1
Audi,AUD449,Petrol,Manual,SUV,Silver,13247000.0,4.2,249,230,Yes,12.2,467,1
Tata,TAT620,Petrol,Automatic,Pickup,Black,846000.0,1.8,74,159,No,15.2,286,1
Mercedes,MER893,Petrol,Manual,Pickup,Blue,10018000.0,2.3,184,243,No,14.2,97,0
Kia,KIA677,Diesel,Manual,Sedan,Black,4147000.0,3.4,236,180,Yes,18.4,223,1
Ford,FOR415,Petrol,Manual,SUV,Red,2235000.0,3.4,244,153,No,14.4,307,1
Honda,HON142,Diesel,Manual,Sedan,Red,3561000.0,2.1,104,167,Yes,19.9,375,1
BMW,BMW674,Petrol,Manual,SUV,Black,11794000.0,3.2,224,249,Yes,18.6,199,1
Mahindra,MAH395,Diesel,Automatic,Hatchback,Silver,1491000.0,1.5,182,214,Yes,16.0,274,1
Honda,HON237,Petrol,Automatic,Coupe,Grey,4122000.0,2.2,203,231,Yes,13.4,654,1
Mercedes,MER863,Diesel,Automatic,Coupe,Silver,6472000.0,3.1,324,319,No,15.8,30,0
Toyota,TOY360,Diesel,Manual,Pickup,Red,4099000.0,2.2,217,187,Yes,19.1,659,1
Honda,HON959,Diesel,Automatic,Hatchback,Silver,3117000.0,2.2,113,147,Yes,12.1,228,1
Honda,HON914,Hybrid,Automatic,Sedan,Green,3624000.0,1.7,123,198,No,23.2,261,1
Toyota,TOY913,Petrol,Manual,Hatchback,Silver,5097000.0,3.2,228,172,No,18.1,403,1
Toyota,TOY338,Petrol,Manual,Hatchback,Grey,1490000.0,1.2,93,186,Yes,15.6,364,1
Maruti Suzuki,MAR266,Diesel,Automatic,Coupe,Black,1308000.0,1.7,86,163,Yes,13.9,601,1
Toyota,TOY381,Petrol,Automatic,Sedan,Black,3854000.0,2.6,123,158,No,17.0,353,1
Mahindra,MAH478,Hybrid,Manual,SUV,Blue,2520000.0,3.2,197,175,No,24.9,480,1
Kia,KIA106,Petrol,Manual,Pickup,Black,2081000.0,2.6,147,219,Yes,15.8,765,1
Tata,TAT349,Electric,Manual,Coupe,Silver,2161000.0,1.8,87,163,No,33.8,410,1
Hyundai,HYU846,Petrol,Manual,Coupe,Black,2698000.0,1.6,164,197,No,19.3,605,1
Toyota,TOY726,Diesel,Manual,Pickup,Green,3228000.0,2.7,176,150,Yes,15.0,379,1
Audi,AUD818,Diesel,Manual,Coupe,Black,7130000.0,3.9,300,293,Yes,13.8,201,1
Tata,TAT907,Petrol,Automatic,Pickup,Grey,2143000.0,1.7,85,151,No,12.7,326,1
Audi,AUD474,Hybrid,Automatic,Pickup,Grey,17177000.0,4.0,257,221,Yes,21.1,61,0
Toyota,TOY327,Electric,Automatic,Hatchback,Blue,4028000.0,3.0,197,189,No,38.4,509,1
Ford,FOR232,Petrol,Automatic,SUV,Red,1548000.0,2.0,129,219,No,15.1,484,1
Maruti Suzuki,MAR313,Petrol,Manual,SUV,Grey,882000.0,1.2,76,144,Yes,13.9,769,1
Kia,KIA858,Hybrid,Automatic,Coupe,Grey,1773000.0,3.2,244,203,Yes,23.4,305,1
Maruti Suzuki,MAR463,Diesel,Automatic,Coupe,Red,893000.0,1.8,96,122,Yes,17.0,640,1
Toyota,TOY302,Petrol,Manual,Hatchback,Green,2420000.0,2.0,213,204,Yes,15.2,381,1
Tata,TAT298,Petrol,Manual,SUV,Red,1906000.0,1.5,113,174,No,12.7,588,1
Tata,TAT663,Petrol,Manual,Coupe,White,2251000.0,1.8,107,132,No,18.4,430,1
Mercedes,MER932,Diesel,Manual,Coupe,Grey,13506000.0,2.1,220,264,No,16.6,315,1
Ford,FOR885,Hybrid,Manual,Hatchback,Silver,3274000.0,1.2,243,143,No,21.4,355,1
Mahindra,MAH247,Diesel,Manual,Hatchback,Grey,4727000.0,2.7,221,141,No,16.3,258,1
Hyundai,HYU195,Petrol,Manual,Sedan,Green,2628000.0,2.3,101,194,No,16.0,536,1
Hyundai,HYU292,Diesel,Manual,Hatchback,Grey,1870000.0,2.7,117,209,No,16.9,788,1
Audi,AUD686,Diesel,Automatic,SUV,Silver,8603000.0,4.9,319,185,Yes,17.0,365,1
BMW,BMW785,Diesel,Automatic,SUV,Silver,17198000.0,4.9,315,211,Yes,18.0,156,0
Ford,FOR472,Petrol,Manual,Sedan,Grey,1901000.0,2.5,177,147,Yes,15.3,437,1
Tata,TAT111,Hybrid,Manual,SUV,Silver,798000.0,1.7,66,157,No,23.6,444,1
Audi,AUD218,Diesel,Automatic,Coupe,Green,14462000.0,2.7,352,228,No,17.7,289,1
Mercedes,MER598,Petrol,Automatic,Pickup,Grey,6603000.0,3.3,223,229,Yes,18.1,353,1
Honda,HON920,Electric,Manual,Sedan,Red,1881000.0,2.4,220,214,Yes,32.7,457,1
Tata,TAT303,Petrol,Manual,Sedan,Black,1282000.0,1.8,89,148,Yes,15.9,595,1
Ford,FOR544,Petrol,Manual,Hatchback,Blue,4318000.0,3.1,154,166,No,15.9,124,1
Mahindra,MAH336,Petrol,Automatic,Sedan,Grey,3753000.0,2.3,143,148,Yes,13.9,362,1
Maruti Suzuki,MAR870,Diesel,Manual,SUV,Green,2022000.0,1.3,70,147,No,14.5,592,1
Honda,HON724,Diesel,Manual,Pickup,White,3095000.0,2.5,147,175,Yes,19.7,429,1
Toyota,TOY291,Diesel,Manual,SUV,Blue,2329000.0,1.8,128,176,Yes,18.1,499,1
Tata,TAT248,Petrol,Automatic,SUV,Green,632000.0,1.4,106,140,Yes,16.5,360,1
Mahindra,MAH253,Petrol,Automatic,Sedan,Red,2040000.0,2.9,98,208,No,13.6,248,1
Audi,AUD327,Petrol,Manual,Coupe,Silver,14966000.0,3.0,424,215,No,13.4,380,1
Kia,KIA306,Diesel,Automatic,Sedan,Grey,2493000.0,1.4,121,215,Yes,19.8,452,1
Tata,TAT141,Petrol,Manual,Hatchback,Silver,1463000.0,1.3,102,159,Yes,19.9,470,1
Mahindra,MAH305,Hybrid,Manual,Sedan,Grey,2171000.0,2.7,98,149,No,20.0,307,1
Maruti Suzuki,MAR864,Petrol,Manual,Coupe,Blue,1018000.0,1.2,77,142,No,18.1,823,1
Toyota,TOY651,Petrol,Manual,Hatchback,White,2514000.0,1.4,92,148,No,15.3,428,1
Hyundai,HYU434,Petrol,Manual,SUV,Black,3794000.0,2.3,147,148,Yes,19.0,638,1
Hyundai,HYU372,Petrol,Manual,Pickup,Blue,3542000.0,1.6,171,178,Yes,17.0,566,1
Mercedes,MER646,Petrol,Manual,Hatchback,Green,9528000.0,2.2,196,193,No,12.3,292,1
Tata,TAT775,Petrol,Manual,Pickup,Silver,1797000.0,1.7,68,170,No,13.2,343,1
Tata,TAT448,Diesel,Automatic,Coupe,Black,1164000.0,1.3,89,144,Yes,19.9,375,1
Hyundai,HYU689,Petrol,Automatic,SUV,Black,1339000.0,1.5,98,190,No,12.4,556,1
Kia,KIA321,Petrol,Manual,Pickup,Grey,2941000.0,2.5,117,155,No,14.6,538,1
BMW,BMW664,Petrol,Manual,SUV,Silver,10618000.0,2.6,211,247,No,12.2,337,1
Ford,FOR714,Diesel,Manual,Hatchback,Green,1992000.0,1.5,113,195,Yes,17.1,442,1
Tata,TAT478,Petrol,Manual,SUV,Green,1995000.0,1.9,101,129,No,13.9,436,1
Mercedes,MER588,Petrol,Manual,Sedan,Blue,6859000.0,4.1,288,244,Yes,17.2,274,1
Audi,AUD644,Petrol,Manual,Sedan,Green,7256000.0,4.8,249,203,Yes,15.2,249,1
Hyundai,HYU348,Petrol,Automatic,Sedan,Silver,1729000.0,2.1,146,201,No,18.4,451,1
Audi,AUD346,Petrol,Automatic,Sedan,Silver,7122000.0,3.1,280,190,Yes,18.4,114,1
Tata,TAT565,Petrol,Automatic,Pickup,Grey,1136000.0,1.1,97,127,Yes,19.9,590,1
Honda,HON143,Petrol,Manual,SUV,Black,3795000.0,2.1,182,212,No,16.4,386,1
Honda,HON581,Hybrid,Manual,Coupe,White,4306000.0,2.7,194,240,Yes,28.9,280,1
Maruti Suzuki,MAR550,Petrol,Manual,Pickup,Green,1982000.0,1.1,92,164,No,18.1,429,1
Mahindra,MAH432,Petrol,Manual,Coupe,Red,3850000.0,2.9,103,212,Yes,13.4,354,1
Maruti Suzuki,MAR529,Diesel,Manual,Coupe,Blue,1055000.0,1.0,84,152,Yes,17.0,745,1
Maruti Suzuki,MAR525,Hybrid,Automatic,SUV,Red,919000.0,1.1,111,129,No,29.7,670,1
BMW,BMW684,Hybrid,Manual,Hatchback,Green,17372000.0,3.5,444,186,No,23.0,41,0
Audi,AUD313,Diesel,Manual,Sedan,White,14969000.0,2.2,328,221,Yes,17.2,442,1
Audi,AUD937,Petrol,Manual,Sedan,Blue,9196000.0,3.1,407,193,Yes,18.6,479,1
Honda,HON198,Petrol,Manual,Pickup,Red,3426000.0,1.7,181,209,Yes,15.5,504,1
Kia,KIA124,Diesel,Automatic,Coupe,Grey,4065000.0,2.2,112,207,Yes,19.6,470,1
Honda,HON860,Hybrid,Automatic,Hatchback,Grey,3691000.0,2.0,103,197,No,23.1,391,1
Toyota,TOY717,Petrol,Manual,Hatchback,Black,3780000.0,2.2,167,202,Yes,15.1,89,1
Toyota,TOY391,Hybrid,Manual,Sedan,Silver,2732000.0,2.4,219,168,No,25.2,257,1
Audi,AUD495,Diesel,Manual,Coupe,White,12105000.0,2.8,254,312,No,17.8,528,1
Ford,FOR156,Diesel,Manual,Hatchback,Black,1582000.0,2.6,171,183,Yes,14.9,495,1
Honda,HON119,Hybrid,Automatic,Hatchback,Silver,1693000.0,1.6,242,172,No,24.7,496,1
Ford,FOR218,Petrol,Automatic,SUV,Green,2960000.0,1.8,209,153,No,13.5,617,1
Mahindra,MAH291,Electric,Manual,Pickup,Green,2593000.0,1.9,129,191,Yes,34.8,253,1
Tata,TAT771,Petrol,Automatic,Sedan,Blue,719000.0,1.3,118,155,No,17.7,684,1
Toyota,TOY995,Petrol,Manual,Pickup,White,1359000.0,2.4,96,185,No,19.4,406,1
Toyota,TOY708,Diesel,Manual,Pickup,Silver,3275000.0,3.4,197,145,No,15.7,474,1
Ford,FOR971,Diesel,Automatic,Sedan,Red,2156000.0,2.3,162,186,No,14.9,352,1
Ford,FOR384,Petrol,Automatic,Pickup,Silver,4042000.0,2.7,144,214,No,19.3,160,1
Honda,HON714,Electric,Automatic,Sedan,Blue,1937000.0,1.3,208,206,No,39.5,484,1
Maruti Suzuki,MAR362,Petrol,Manual,SUV,Grey,1325000.0,1.0,74,147,Yes,17.0,735,1
Honda,HON808,Petrol,Manual,Sedan,Grey,3229000.0,2.9,134,185,No,12.7,676,1
Mahindra,MAH954,Petrol,Automatic,Coupe,Red,3894000.0,3.5,134,214,Yes,14.6,221,1
Toyota,TOY870,Diesel,Automatic,Coupe,Silver,3157000.0,3.2,199,241,Yes,13.6,351,1
Audi,AUD408,Petrol,Manual,SUV,Silver,10451000.0,3.5,433,183,No,14.8,361,1
Toyota,TOY460,Petrol,Automatic,Hatchback,Green,3750000.0,2.1,121,173,No,15.1,421,1
Kia,KIA270,Petrol,Automatic,SUV,Blue,3364000.0,3.5,164,144,No,14.1,384,1
Tata,TAT820,Petrol,Manual,Pickup,Red,1295000.0,1.2,116,166,No,14.1,738,1
Audi,AUD479,Petrol,Manual,Hatchback,Grey,18434000.0,4.6,319,234,No,16.5,347,1
Mercedes,MER504,Petrol,Automatic,Pickup,Green,9938000.0,2.3,214,217,Yes,14.2,212,1
Toyota,TOY749,Diesel,Automatic,Hatchback,Black,3457000.0,3.4,167,145,No,16.4,336,1
Kia,KIA642,Petrol,Manual,SUV,Red,4495000.0,3.5,158,165,No,19.3,417,1
Hyundai,HYU552,Petrol,Manual,Pickup,Black,2309000.0,1.3,145,161,No,17.5,368,1
Mercedes,MER783,Diesel,Automatic,Hatchback,Grey,17081000.0,2.8,399,183,No,16.3,305,1
Mercedes,MER180,Diesel,Manual,Coupe,White,17621000.0,3.9,441,285,No,19.4,378,1
Tata,TAT550,Hybrid,Automatic,Hatchback,Green,1358000.0,1.1,91,127,No,25.9,850,1
Kia,KIA366,Hybrid,Automatic,Pickup,Black,1353000.0,1.6,168,216,Yes,23.8,299,1
Toyota,TOY164,Petrol,Manual,Coupe,Red,2939000.0,2.8,186,200,Yes,15.3,351,1
Tata,TAT953,Petrol,Manual,Hatchback,White,622000.0,1.2,106,132,No,12.6,359,1
Kia,KIA521,Diesel,Manual,Coupe,Grey,2323000.0,1.2,103,236,Yes,18.2,299,1
Hyundai,HYU682,Diesel,Automatic,Coupe,Silver,4377000.0,3.1,217,215,No,13.9,570,1
Toyota,TOY858,Diesel,Automatic,Sedan,Black,4635000.0,2.9,246,152,Yes,13.8,494,1
Audi,AUD141,Diesel,Automatic,Pickup,Grey,8030000.0,2.2,449,181,Yes,18.7,156,1
Honda,HON858,Hybrid,Manual,Coupe,Red,2808000.0,3.1,178,243,No,29.3,569,1
Toyota,TOY477,Diesel,Manual,Coupe,Blue,4237000.0,2.3,187,193,Yes,18.4,223,1
BMW,BMW490,Hybrid,Manual,SUV,Red,16038000.0,2.8,313,186,No,25.6,74,0
Kia,KIA474,Hybrid,Automatic,Sedan,Red,2709000.0,2.0,173,186,No,20.1,351,1
Hyundai,HYU980,Electric,Automatic,Coupe,Blue,3886000.0,2.8,148,183,Yes,36.3,401,1
Tata,TAT271,Diesel,Manual,Coupe,Silver,1451000.0,1.2,81,161,Yes,16.5,416,1
Maruti Suzuki,MAR551,Diesel,Automatic,SUV,Red,1210000.0,1.4,93,120,No,12.6,669,1
Hyundai,HYU503,Petrol,Manual,Coupe,Red,2246000.0,2.1,181,241,Yes,19.5,583,1
BMW,BMW984,Hybrid,Manual,SUV,Black,13511000.0,2.3,360,208,No,24.7,215,1
Ford,FOR413,Diesel,Automatic,Sedan,Black,2458000.0,2.1,226,199,Yes,14.2,565,1
Tata,TAT850,Petrol,Automatic,Coupe,Green,789000.0,1.3,115,154,Yes,16.3,243,1
Tata,TAT930,Petrol,Automatic,Pickup,Silver,1847000.0,1.5,67,127,Yes,16.3,684,1
Ford,FOR436,Diesel,Automatic,Sedan,White,4397000.0,1.9,229,201,Yes,14.0,223,1
Toyota,TOY505,Diesel,Manual,Coupe,Grey,2708000.0,2.4,206,187,Yes,15.3,496,1
Ford,FOR529,Diesel,Automatic,Pickup,Grey,3119000.0,2.4,220,153,No,18.5,429,1
Mahindra,MAH162,Petrol,Manual,Pickup,Red,3270000.0,2.1,112,193,Yes,16.2,575,1
BMW,BMW728,Hybrid,Manual,Hatchback,Blue,13946000.0,3.0,424,221,No,20.9,487,1
Tata,TAT182,Hybrid,Automatic,Sedan,White,1943000.0,1.5,113,136,Yes,24.1,453,1
Honda,HON279,Petrol,Automatic,Sedan,Red,4790000.0,3.3,199,208,No,12.7,389,1
Honda,HON952,Petrol,Manual,Sedan,White,1844000.0,1.8,156,160,Yes,14.6,572,1
Hyundai,HYU818,Petrol,Automatic,SUV,Silver,1793000.0,1.9,181,175,No,14.8,619,1
Ford,FOR172,Hybrid,Automatic,Hatchback,Grey,3793000.0,2.0,209,152,No,21.3,393,1
Toyota,TOY971,Hybrid,Automatic,Pickup,Green,2606000.0,3.1,129,145,No,21.3,454,1
BMW,BMW135,Hybrid,Manual,Coupe,Blue,8978000.0,3.7,322,278,No,22.3,395,1
Kia,KIA161,Diesel,Manual,Pickup,White,4044000.0,1.9,201,141,No,15.0,441,1
Audi,AUD406,Petrol,Automatic,Sedan,White,6747000.0,4.4,238,227,Yes,18.4,30,0
Toyota,TOY252,Hybrid,Manual,Sedan,Blue,3458000.0,2.9,195,168,Yes,28.1,489,1
Kia,KIA470,Diesel,Automatic,Sedan,White,3506000.0,2.1,138,176,Yes,18.5,91,1
Maruti Suzuki,MAR359,Petrol,Automatic,Pickup,Silver,2132000.0,1.5,99,174,Yes,12.8,714,1
Honda,HON554,Hybrid,Automatic,SUV,Red,4295000.0,3.2,156,147,Yes,24.4,302,1
Audi,AUD683,Hybrid,Manual,Pickup,Black,8608000.0,2.9,388,185,Yes,28.3,536,1
Mercedes,MER206,Petrol,Manual,SUV,Grey,5920000.0,3.0,204,247,Yes,18.5,30,0
Mahindra,MAH752,Petrol,Manual,Hatchback,Green,2875000.0,1.7,239,167,Yes,13.3,398,1
Honda,HON262,Petrol,Manual,Hatchback,Grey,1468000.0,1.7,240,153,Yes,12.9,463,1
Hyundai,HYU347,Diesel,Manual,Pickup,Black,3489000.0,3.2,166,219,Yes,17.4,308,1
Ford,FOR709,Petrol,Manual,Sedan,White,2773000.0,1.9,103,140,No,15.6,245,1
Toyota,TOY897,Diesel,Manual,Sedan,Silver,4441000.0,2.5,249,162,No,14.2,355,1
Ford,FOR301,Petrol,Automatic,Pickup,Red,2657000.0,3.0,234,218,No,13.9,304,1
Maruti Suzuki,MAR496,Petrol,Manual,SUV,White,1906000.0,1.3,66,172,Yes,17.1,562,1
Tata,TAT486,Petrol,Manual,Hatchback,Green,1084000.0,1.7,87,179,Yes,12.4,319,1
Mahindra,MAH466,Petrol,Manual,SUV,Blue,2526000.0,2.3,170,165,No,17.8,361,1
Honda,HON885,Diesel,Automatic,Coupe,Red,3291000.0,3.1,138,207,No,14.5,503,1
Mahindra,MAH666,Petrol,Automatic,Coupe,Red,2975000.0,1.9,243,201,Yes,12.8,196,1
Hyundai,HYU848,Diesel,Manual,Coupe,Grey,1648000.0,1.7,164,210,No,18.4,556,1
Toyota,TOY413,Petrol,Automatic,Coupe,Grey,3551000.0,2.2,143,202,No,18.2,383,1
Mahindra,MAH165,Petrol,Automatic,Hatchback,Red,1859000.0,1.7,239,208,Yes,17.7,516,1
Hyundai,HYU217,Diesel,Automatic,Sedan,Blue,3194000.0,2.4,246,217,No,13.7,471,1
BMW,BMW856,Hybrid,Automatic,Pickup,Green,8484000.0,4.0,289,245,Yes,20.9,330,1
Tata,TAT507,Petrol,Manual,SUV,Silver,1548000.0,1.9,114,129,Yes,14.9,338,1
Tata,TAT147,Diesel,Automatic,SUV,Green,2227000.0,1.9,70,127,No,12.7,556,1
BMW,BMW460,Petrol,Automatic,Pickup,Blue,14827000.0,2.6,292,211,Yes,16.8,413,1
Tata,TAT978,Hybrid,Automatic,SUV,Red,1107000.0,1.9,98,124,No,29.1,278,1
Mercedes,MER154,Petrol,Manual,SUV,Blue,15205000.0,2.2,323,201,No,15.1,245,1
Maruti Suzuki,MAR652,Hybrid,Manual,SUV,Blue,2076000.0,1.5,64,157,Yes,23.4,411,1
Maruti Suzuki,MAR683,Diesel,Manual,Pickup,Red,1908000.0,1.4,71,131,No,18.2,731,1
Tata,TAT960,Diesel,Automatic,SUV,Black,898000.0,1.3,87,176,No,19.5,384,1
Hyundai,HYU591,Diesel,Automatic,Coupe,White,1873000.0,2.0,113,215,No,15.7,524,1
Maruti Suzuki,MAR980,Diesel,Manual,Pickup,Black,2051000.0,1.8,60,139,Yes,15.4,239,1
Honda,HON445,Petrol,Automatic,Pickup,Black,1824000.0,1.7,96,191,No,14.1,512,1
Mahindra,MAH692,Petrol,Manual,Sedan,Grey,3132000.0,2.2,246,156,Yes,13.7,353,1
Audi,AUD478,Petrol,Manual,Pickup,Black,8172000.0,2.5,282,243,Yes,16.9,352,1
Mahindra,MAH807,Hybrid,Manual,Pickup,Red,1500000.0,1.7,180,189,Yes,20.4,279,1
Maruti Suzuki,MAR381,Petrol,Manual,Pickup,Black,1284000.0,1.6,101,158,Yes,14.6,576,1
Mahindra,MAH401,Diesel,Manual,SUV,White,2050000.0,3.4,166,165,Yes,18.1,170,1
Ford,FOR115,Diesel,Manual,Hatchback,Grey,2993000.0,1.9,219,209,No,17.4,362,1
Kia,KIA578,Hybrid,Manual,Coupe,Silver,3255000.0,1.5,126,241,No,20.2,261,1
Toyota,TOY379,Hybrid,Manual,SUV,Red,3706000.0,2.3,161,140,No,28.2,492,1
Hyundai,HYU274,Diesel,Manual,Pickup,Silver,3989000.0,2.8,242,182,No,15.2,230,1
Mahindra,MAH734,Petrol,Manual,Coupe,White,4392000.0,2.7,137,188,No,18.7,511,1
Maruti Suzuki,MAR675,Petrol,Automatic,Hatchback,Red,1314000.0,1.2,96,123,Yes,15.3,418,1
Honda,HON430,Petrol,Automatic,Pickup,Black,3213000.0,2.2,209,206,Yes,18.2,560,1
Mahindra,MAH164,Petrol,Manual,Hatchback,Grey,4208000.0,3.1,138,174,No,15.8,309,1
Hyundai,HYU246,Diesel,Manual,Hatchback,Silver,1860000.0,1.3,241,159,No,13.9,819,1
Hyundai,HYU471,Petrol,Manual,Sedan,Green,4178000.0,2.0,189,143,No,13.5,678,1
BMW,BMW226,Petrol,Manual,Sedan,Black,16028000.0,4.3,274,206,Yes,16.3,149,0
Hyundai,HYU997,Petrol,Manual,Sedan,Red,3472000.0,1.8,120,180,No,18.9,432,1
Ford,FOR553,Petrol,Automatic,Pickup,Silver,1905000.0,1.4,147,199,Yes,16.4,419,1
Audi,AUD384,Petrol,Automatic,Hatchback,Green,11473000.0,2.1,445,206,No,13.2,445,1
Maruti Suzuki,MAR193,Diesel,Manual,Coupe,Grey,1643000.0,1.3,95,155,Yes,15.6,523,1
Ford,FOR404,Diesel,Automatic,Sedan,White,2925000.0,2.4,196,202,Yes,15.2,459,1
Toyota,TOY577,Petrol,Automatic,Coupe,Black,3375000.0,1.5,239,206,No,17.8,558,1
Honda,HON661,Petrol,Automatic,Hatchback,Red,3382000.0,3.3,167,179,Yes,13.0,444,1
Toyota,TOY638,Petrol,Automatic,Hatchback,Red,3952000.0,1.8,233,212,Yes,19.5,702,1
Audi,AUD379,Petrol,Manual,SUV,Green,13834000.0,2.4,342,182,No,16.0,284,1
Tata,TAT556,Petrol,Automatic,SUV,Blue,800000.0,1.2,81,145,Yes,17.0,501,1
Kia,KIA839,Diesel,Automatic,Sedan,Green,2090000.0,2.5,191,184,Yes,17.9,229,1
BMW,BMW136,Hybrid,Manual,Coupe,Grey,10245000.0,4.3,296,258,No,26.5,30,0
Hyundai,HYU487,Diesel,Manual,Sedan,Green,1659000.0,1.4,237,195,Yes,13.0,692,1
Tata,TAT885,Petrol,Manual,Pickup,White,1220000.0,1.6,110,122,Yes,13.9,283,1
Mahindra,MAH116,Diesel,Manual,SUV,Green,1387000.0,1.3,129,210,No,15.3,403,1
Hyundai,HYU152,Petrol,Manual,Hatchback,Green,3988000.0,3.3,155,155,No,16.1,577,1
Toyota,TOY491,Diesel,Manual,Hatchback,Silver,3328000.0,3.3,109,182,Yes,19.0,337,1
Hyundai,HYU920,Diesel,Automatic,Sedan,Green,2488000.0,2.3,101,162,No,14.6,537,1
Honda,HON373,Petrol,Automatic,Coupe,Red,2803000.0,2.7,115,214,Yes,17.9,476,1
Toyota,TOY401,Petrol,Automatic,SUV,Red,4352000.0,2.6,197,150,No,19.6,452,1
Kia,KIA285,Hybrid,Manual,Pickup,Black,2588000.0,3.3,205,200,Yes,22.2,279,1
Kia,KIA876,Diesel,Automatic,Pickup,Blue,3022000.0,2.6,213,148,Yes,19.7,302,1
Toyota,TOY609,Diesel,Automatic,Sedan,Blue,3971000.0,2.4,163,165,Yes,16.6,481,1
Maruti Suzuki,MAR757,Diesel,Manual,Coupe,Black,1773000.0,1.4,97,161,No,17.7,347,1
Honda,HON391,Hybrid,Automatic,Hatchback,Grey,2328000.0,2.3,231,170,Yes,27.5,405,1
Hyundai,HYU646,Petrol,Manual,Pickup,Green,1887000.0,2.3,248,201,No,13.7,311,1
Kia,KIA317,Petrol,Automatic,Pickup,Green,3031000.0,3.0,213,158,Yes,19.4,351,1
BMW,BMW287,Petrol,Automatic,Sedan,Blue,12291000.0,3.1,315,222,Yes,16.5,442,1
Toyota,TOY490,Petrol,Manual,Hatchback,Black,2169000.0,3.1,176,150,Yes,18.1,30,0
Ford,FOR960,Hybrid,Automatic,Coupe,Black,4718000.0,3.4,149,189,No,25.2,263,1
BMW,BMW963,Diesel,Manual,Pickup,Silver,10916000.0,3.1,394,211,Yes,13.4,139,0
Tata,TAT465,Electric,Automatic,Sedan,Blue,996000.0,1.5,68,156,No,33.5,542,1
Ford,FOR805,Petrol,Automatic,Coupe,Black,4556000.0,3.4,129,189,No,14.4,370,1
Kia,KIA939,Petrol,Automatic,Coupe,Silver,4954000.0,3.4,227,187,Yes,19.6,325,1
Ford,FOR957,Petrol,Manual,Sedan,Silver,2505000.0,1.3,177,167,Yes,15.8,346,1
Audi,AUD511,Diesel,Manual,Hatchback,Silver,14672000.0,4.6,358,210,No,18.6,30,0
Mercedes,MER441,Diesel,Automatic,Coupe,Green,7177000.0,4.0,412,219,No,18.5,240,1
Honda,HON362,Petrol,Automatic,Sedan,Silver,4330000.0,3.3,132,212,Yes,14.6,355,1
Kia,KIA218,Petrol,Manual,SUV,Red,1663000.0,2.9,161,160,Yes,13.5,360,1
BMW,BMW299,Petrol,Automatic,Pickup,Silver,12834000.0,2.0,397,185,No,13.5,201,1
Audi,AUD176,Diesel,Automatic,Hatchback,White,10602000.0,3.0,440,224,Yes,12.2,30,0
Ford,FOR370,Diesel,Manual,Hatchback,Grey,2934000.0,3.2,138,147,No,18.1,543,1
Kia,KIA262,Hybrid,Manual,Pickup,Blue,1495000.0,1.5,189,156,Yes,25.0,642,1
Maruti Suzuki,MAR513,Petrol,Automatic,SUV,White,1491000.0,1.3,116,170,No,17.8,413,1
BMW,BMW593,Diesel,Manual,SUV,Black,15684000.0,2.5,311,205,No,17.1,246,1
Toyota,TOY948,Petrol,Manual,Coupe,Grey,1739000.0,2.2,133,242,No,12.3,544,1
Maruti Suzuki,MAR640,Diesel,Manual,Pickup,Red,687000.0,2.0,91,138,No,14.9,498,1
Maruti Suzuki,MAR988,Hybrid,Automatic,Pickup,Green,721000.0,2.0,62,159,No,24.4,366,1
Tata,TAT724,Diesel,Manual,Sedan,Red,1598000.0,1.1,71,132,Yes,17.9,925,1
Tata,TAT851,Diesel,Manual,SUV,Green,890000.0,1.6,72,171,No,19.5,172,1
Tata,TAT261,Petrol,Manual,SUV,White,889000.0,1.0,76,159,No,16.3,541,1
Audi,AUD616,Petrol,Manual,Hatchback,White,17141000.0,3.2,367,214,Yes,16.1,200,0
Hyundai,HYU308,Hybrid,Manual,Sedan,Red,3265000.0,2.8,240,166,No,20.4,295,1
Hyundai,HYU717,Diesel,Manual,Pickup,White,2847000.0,2.5,116,200,No,19.9,606,1
Maruti Suzuki,MAR391,Petrol,Manual,Pickup,Black,1367000.0,1.5,110,148,No,15.0,704,1
Hyundai,HYU728,Diesel,Automatic,Coupe,Grey,2851000.0,2.5,120,243,No,17.4,432,1
Tata,TAT646,Diesel,Automatic,Hatchback,White,1435000.0,1.1,64,151,Yes,15.2,538,1
Kia,KIA338,Hybrid,Manual,Sedan,Black,2874000.0,1.4,158,153,Yes,29.9,625,1
Tata,TAT667,Hybrid,Automatic,SUV,Green,1104000.0,1.1,118,137,No,24.2,589,1
Tata,TAT779,Petrol,Manual,Sedan,Red,1579000.0,1.0,108,152,Yes,14.2,547,1
Audi,AUD451,Hybrid,Manual,Hatchback,White,8144000.0,2.2,366,220,Yes,24.0,349,1
Audi,AUD802,Petrol,Manual,Coupe,Blue,9759000.0,2.7,360,316,Yes,13.4,31,0
Mercedes,MER766,Diesel,Automatic,Coupe,Silver,11190000.0,2.8,402,258,Yes,16.3,479,1
Tata,TAT963,Hybrid,Automatic,Pickup,Black,1007000.0,1.2,65,162,Yes,22.0,363,1
BMW,BMW274,Diesel,Automatic,Hatchback,Grey,10248000.0,3.4,279,187,No,14.5,485,1
Tata,TAT771,Diesel,Manual,Sedan,Green,1688000.0,1.7,77,147,Yes,13.5,476,1
Mahindra,MAH824,Petrol,Manual,SUV,Blue,1875000.0,1.8,110,191,No,12.6,332,1
Honda,HON659,Petrol,Automatic,Coupe,Silver,1879000.0,2.7,144,229,No,16.5,567,1
Maruti Suzuki,MAR479,Petrol,Manual,Pickup,Blue,777000.0,1.5,86,136,Yes,16.8,409,1
Toyota,TOY150,Petrol,Manual,Coupe,Silver,4731000.0,3.5,187,208,No,13.8,378,1
Kia,KIA498,Petrol,Manual,SUV,Blue,2786000.0,3.3,148,169,Yes,15.1,96,1
Audi,AUD788,Hybrid,Manual,SUV,Grey,16641000.0,4.0,345,203,No,28.2,30,0
Ford,FOR147,Petrol,Manual,Hatchback,Blue,2836000.0,2.7,92,209,No,15.6,396,1
BMW,BMW311,Diesel,Manual,SUV,Red,8750000.0,2.4,298,214,No,15.2,132,1
Toyota,TOY800,Petrol,Automatic,Sedan,White,4767000.0,2.6,219,148,No,15.2,665,1
Toyota,TOY916,Diesel,Manual,SUV,Black,2682000.0,2.5,227,146,No,12.6,340,1
Maruti Suzuki,MAR102,Electric,Manual,Sedan,Red,1724000.0,1.5,109,127,Yes,26.9,672,1
Kia,KIA734,Petrol,Automatic,Hatchback,Grey,3479000.0,3.4,156,166,No,16.9,388,1
Mercedes,MER820,Petrol,Automatic,Sedan,Silver,13655000.0,2.9,244,235,Yes,12.5,65,0
BMW,BMW180,Diesel,Manual,Pickup,Grey,10267000.0,3.5,331,231,Yes,14.8,453,1
Kia,KIA606,Petrol,Manual,Hatchback,White,3119000.0,2.7,131,146,Yes,13.0,618,1
Kia,KIA374,Petrol,Manual,Sedan,Red,2278000.0,2.4,224,196,Yes,18.3,185,1
Hyundai,HYU317,Diesel,Manual,Pickup,Black,2230000.0,1.6,99,187,No,19.9,292,1
Hyundai,HYU819,Diesel,Automatic,Sedan,White,1829000.0,1.3,214,160,Yes,18.6,588,1
Ford,FOR314,Petrol,Manual,Sedan,White,2793000.0,2.7,164,190,Yes,15.6,367,1
Hyundai,HYU640,Diesel,Manual,Hatchback,Red,2049000.0,2.4,174,204,No,17.9,434,1
Tata,TAT383,Diesel,Manual,Pickup,Red,1820000.0,1.5,113,175,Yes,12.4,548,1
Toyota,TOY102,Diesel,Manual,Sedan,Red,3416000.0,1.3,148,183,Yes,13.2,443,1
Ford,FOR151,Hybrid,Manual,Sedan,Grey,4158000.0,3.3,202,193,No,23.9,169,1
Toyota,TOY417,Petrol,Automatic,Sedan,Blue,1324000.0,1.5,175,194,Yes,15.3,424,1
Ford,FOR655,Diesel,Automatic,SUV,Green,1637000.0,1.6,224,197,Yes,19.2,611,1
Tata,TAT207,Petrol,Manual,Sedan,White,817000.0,2.0,72,120,No,20.0,640,1
Maruti Suzuki,MAR474,Electric,Manual,Pickup,Blue,920000.0,1.6,114,139,Yes,35.1,416,1
Ford,FOR746,Diesel,Automatic,Sedan,White,2022000.0,2.6,143,156,Yes,14.5,134,1
Mercedes,MER305,Petrol,Automatic,Coupe,Grey,11191000.0,3.0,380,316,Yes,15.5,113,0
Audi,AUD483,Hybrid,Manual,Sedan,Black,14862000.0,3.7,222,228,No,25.1,368,1
Ford,FOR228,Petrol,Automatic,Sedan,White,3221000.0,3.3,210,179,No,16.8,395,1
Mercedes,MER374,Petrol,Manual,Sedan,Blue,11228000.0,5.0,360,183,Yes,14.6,117,0
Ford,FOR944,Petrol,Automatic,Hatchback,White,1451000.0,2.2,143,175,Yes,14.1,373,1
Mercedes,MER521,Hybrid,Manual,Pickup,Blue,8163000.0,4.1,318,194,Yes,23.2,92,0
Maruti Suzuki,MAR460,Electric,Manual,Pickup,Black,807000.0,1.1,108,165,No,36.3,623,1
Audi,AUD510,Diesel,Automatic,Sedan,Green,14693000.0,4.0,308,224,No,12.3,444,1
Toyota,TOY384,Diesel,Manual,Pickup,Black,2753000.0,2.0,134,191,No,17.5,484,1
Toyota,TOY244,Hybrid,Manual,Sedan,Grey,4164000.0,2.0,213,184,No,28.8,664,1
Honda,HON885,Petrol,Manual,SUV,Grey,3686000.0,2.9,244,145,Yes,12.4,867,1
Toyota,TOY825,Hybrid,Manual,Coupe,Black,4443000.0,2.4,188,213,No,20.9,514,1
Audi,AUD640,Petrol,Automatic,SUV,Black,9708000.0,2.9,406,185,No,19.0,373,1
Hyundai,HYU141,Petrol,Manual,Hatchback,Grey,2470000.0,2.6,239,194,No,15.3,389,1
Honda,HON820,Petrol,Automatic,Pickup,Silver,2695000.0,3.5,210,191,Yes,14.8,645,1
Kia,KIA826,Petrol,Manual,Coupe,Blue,1428000.0,1.3,178,233,No,16.3,155,1
Ford,FOR482,Hybrid,Manual,Coupe,White,2752000.0,1.4,242,195,No,29.2,251,1
Audi,AUD437,Hybrid,Manual,SUV,Grey,12305000.0,5.0,329,245,No,20.1,309,1
Audi,AUD832,Petrol,Automatic,SUV,Red,6551000.0,2.3,294,245,No,16.3,286,1
Kia,KIA500,Hybrid,Automatic,Hatchback,Grey,2511000.0,1.5,90,204,Yes,20.9,455,1
Honda,HON797,Diesel,Automatic,Pickup,Black,2014000.0,2.7,102,188,No,13.3,484,1
Tata,TAT437,Diesel,Manual,Hatchback,Green,1734000.0,1.3,87,155,Yes,13.4,369,1
Audi,AUD569,Diesel,Manual,Coupe,Green,12960000.0,2.5,365,215,Yes,15.4,409,1
Mercedes,MER490,Petrol,Manual,SUV,Red,8742000.0,4.2,250,241,No,19.1,269,1
Maruti Suzuki,MAR941,Diesel,Automatic,Coupe,Black,737000.0,1.4,102,159,No,17.0,415,1
Tata,TAT791,Petrol,Automatic,SUV,Green,1004000.0,1.4,66,163,Yes,16.0,349,1
Hyundai,HYU191,Diesel,Manual,Pickup,Green,2146000.0,2.0,94,167,Yes,18.4,675,1
Maruti Suzuki,MAR735,Petrol,Automatic,Coupe,Silver,2044000.0,1.5,87,121,Yes,19.0,279,1
Tata,TAT309,Diesel,Manual,SUV,Silver,1966000.0,1.0,94,152,Yes,13.8,478,1
Toyota,TOY588,Diesel,Automatic,Sedan,Blue,2985000.0,2.7,206,140,No,19.5,326,1
Honda,HON718,Diesel,Automatic,SUV,Black,1844000.0,1.3,109,218,Yes,14.5,357,1
Hyundai,HYU694,Electric,Manual,SUV,Grey,1683000.0,1.4,205,208,Yes,28.9,327,1
Kia,KIA756,Petrol,Automatic,SUV,Black,3086000.0,1.8,240,212,No,16.5,293,1
Maruti Suzuki,MAR608,Petrol,Manual,SUV,Black,1144000.0,1.4,84,163,No,15.6,706,1
Mahindra,MAH528,Hybrid,Manual,SUV,Red,1589000.0,1.7,156,156,Yes,28.8,30,1
BMW,BMW754,Petrol,Automatic,SUV,Blue,7788000.0,3.4,343,228,Yes,15.1,279,1
Audi,AUD137,Hybrid,Automatic,Hatchback,Blue,9630000.0,2.2,305,237,Yes,26.1,407,1
Toyota,TOY910,Petrol,Automatic,Coupe,Red,3712000.0,2.3,108,180,No,14.4,547,1
Honda,HON457,Diesel,Manual,Pickup,Grey,2311000.0,2.3,157,172,Yes,13.9,550,1
Audi,AUD640,Diesel,Automatic,Coupe,Red,6071000.0,2.6,194,223,No,12.1,30,0
Maruti Suzuki,MAR915,Hybrid,Manual,SUV,White,2059000.0,1.2,80,141,Yes,20.1,753,1
Mercedes,MER117,Diesel,Automatic,Pickup,Red,15307000.0,2.1,433,242,No,16.3,508,1
Toyota,TOY932,Petrol,Manual,Sedan,Blue,2528000.0,2.7,97,144,Yes,15.7,487,1
Kia,KIA685,Electric,Manual,Hatchback,Blue,3212000.0,3.2,106,205,Yes,28.2,109,1
BMW,BMW640,Diesel,Manual,Pickup,Grey,9587000.0,2.5,315,236,Yes,15.5,110,0
Kia,KIA100,Diesel,Manual,Sedan,Black,3340000.0,3.2,202,179,No,14.1,378,1
Mercedes,MER266,Diesel,Manual,Sedan,Green,8481000.0,2.8,396,183,Yes,19.9,344,1
Mahindra,MAH920,Hybrid,Manual,SUV,Green,1947000.0,3.0,153,179,Yes,28.8,452,1
Toyota,TOY596,Diesel,Automatic,Coupe,Black,1324000.0,1.2,129,227,Yes,13.0,44,1
Hyundai,HYU358,Diesel,Manual,Coupe,Red,1794000.0,2.1,193,229,Yes,13.4,648,1
Maruti Suzuki,MAR392,Petrol,Manual,Sedan,White,2025000.0,1.8,70,169,No,18.2,533,1
BMW,BMW254,Petrol,Manual,Hatchback,Red,11516000.0,3.0,250,188,No,16.1,30,0
Toyota,TOY397,Petrol,Manual,Coupe,Red,2869000.0,2.0,192,243,No,13.3,563,1
Toyota,TOY626,Petrol,Manual,Sedan,Black,2430000.0,1.5,189,198,No,19.5,422,1
Mercedes,MER864,Petrol,Manual,SUV,Red,7204000.0,4.7,323,226,No,18.7,103,1
Toyota,TOY498,Petrol,Manual,Sedan,Black,1816000.0,1.3,230,165,Yes,13.0,758,1
Mercedes,MER841,Hybrid,Automatic,Hatchback,Blue,5140000.0,2.8,188,209,Yes,29.0,84,1
Tata,TAT430,Petrol,Manual,Coupe,Grey,2159000.0,1.6,69,174,Yes,16.1,621,1
Mercedes,MER791,Diesel,Automatic,Coupe,Blue,12043000.0,2.6,236,282,Yes,13.8,335,1
Maruti Suzuki,MAR915,Petrol,Manual,SUV,Red,1389000.0,1.8,107,147,No,18.3,667,1
Mahindra,MAH806,Petrol,Manual,Pickup,Blue,1949000.0,1.8,140,149,Yes,14.2,448,1
Audi,AUD669,Diesel,Manual,Sedan,Grey,8975000.0,3.4,425,187,Yes,17.8,157,1
Audi,AUD889,Diesel,Manual,Pickup,Black,16331000.0,3.7,278,232,No,14.1,292,1
Audi,AUD981,Petrol,Manual,Hatchback,Red,13320000.0,2.1,406,211,Yes,17.1,353,1
Mercedes,MER943,Petrol,Manual,Sedan,Black,15089000.0,3.4,346,211,No,19.2,36,0
Ford,FOR158,Petrol,Manual,SUV,Red,3385000.0,3.1,218,172,Yes,13.8,529,1
Mahindra,MAH850,Petrol,Manual,Hatchback,White,2274000.0,2.4,218,168,No,17.1,248,1
Ford,FOR360,Petrol,Manual,SUV,Red,2111000.0,1.5,217,147,No,14.2,289,1
Honda,HON524,Diesel,Automatic,Sedan,Green,4820000.0,3.5,132,143,No,17.6,589,1
Kia,KIA681,Petrol,Manual,SUV,Blue,2641000.0,1.4,203,142,Yes,19.0,496,1
BMW,BMW920,Electric,Manual,Pickup,Red,9362000.0,3.0,243,213,Yes,33.3,343,1
Mercedes,MER443,Diesel,Automatic,Pickup,Red,13762000.0,2.8,436,191,Yes,19.7,198,1
Mahindra,MAH173,Hybrid,Automatic,Pickup,Red,2463000.0,2.2,181,174,Yes,24.1,248,1
Maruti Suzuki,MAR556,Petrol,Manual,Pickup,Red,1879000.0,1.7,109,134,Yes,16.9,328,1
Audi,AUD257,Petrol,Manual,SUV,Grey,9939000.0,2.9,218,194,Yes,12.8,427,1
Hyundai,HYU736,Diesel,Automatic,Hatchback,Silver,3970000.0,2.7,242,198,Yes,12.4,864,1
BMW,BMW332,Petrol,Manual,Hatchback,Red,18953000.0,3.6,424,185,Yes,13.5,42,0
Hyundai,HYU858,Petrol,Manual,SUV,Blue,3006000.0,2.5,220,219,No,15.1,359,1
Hyundai,HYU346,Petrol,Automatic,Coupe,Silver,3292000.0,2.9,213,214,Yes,14.4,615,1
Tata,TAT786,Hybrid,Automatic,Hatchback,Blue,2218000.0,1.7,84,136,No,27.3,399,1
Ford,FOR856,Petrol,Manual,Coupe,Grey,2993000.0,1.9,190,188,Yes,17.2,271,1
Tata,TAT145,Petrol,Automatic,SUV,Green,949000.0,1.0,67,176,No,18.9,610,1
Toyota,TOY480,Petrol,Automatic,Sedan,White,3629000.0,3.4,149,194,No,12.5,294,1
Audi,AUD750,Petrol,Automatic,SUV,Red,11786000.0,4.9,325,200,Yes,13.0,394,1
Toyota,TOY405,Diesel,Automatic,Coupe,Green,2679000.0,3.4,93,201,Yes,19.4,603,1
Tata,TAT970,Hybrid,Manual,SUV,Grey,1087000.0,1.3,92,169,Yes,21.0,585,1
Toyota,TOY457,Petrol,Manual,Pickup,Silver,2691000.0,2.1,215,217,No,13.0,270,1
Mahindra,MAH372,Hybrid,Automatic,Pickup,Black,2667000.0,2.3,150,169,No,20.5,205,1
Ford,FOR588,Diesel,Automatic,Pickup,Green,2326000.0,3.1,218,178,No,14.4,624,1
Honda,HON144,Petrol,Automatic,Pickup,Blue,3080000.0,1.9,127,198,Yes,12.3,384,1
Mahindra,MAH976,Diesel,Manual,Hatchback,Green,4247000.0,2.4,148,209,No,15.2,210,1
Toyota,TOY132,Diesel,Manual,Hatchback,Blue,2246000.0,1.7,150,165,Yes,17.4,492,1
Maruti Suzuki,MAR252,Petrol,Automatic,Pickup,Grey,665000.0,1.2,84,176,Yes,15.0,347,1
BMW,BMW971,Hybrid,Automatic,Coupe,Black,11571000.0,2.8,214,207,No,23.1,200,1
Mahindra,MAH765,Hybrid,Automatic,SUV,Black,3345000.0,1.2,179,170,Yes,25.1,248,1
Maruti Suzuki,MAR493,Petrol,Manual,SUV,Grey,1441000.0,1.3,77,164,No,19.0,557,1
Mercedes,MER875,Petrol,Manual,SUV,White,10755000.0,3.1,213,221,No,16.2,313,1
Toyota,TOY487,Diesel,Automatic,Hatchback,Silver,2146000.0,2.2,217,187,Yes,12.8,673,1
Toyota,TOY985,Petrol,Manual,SUV,Red,3754000.0,2.6,114,196,Yes,17.4,464,1
Tata,TAT611,Hybrid,Manual,SUV,Blue,614000.0,1.4,79,160,No,22.2,619,1
Tata,TAT553,Petrol,Manual,SUV,Black,2065000.0,1.9,118,120,No,17.0,526,1
Ford,FOR291,Petrol,Manual,Hatchback,Grey,2853000.0,3.2,130,218,Yes,16.9,435,1
Mahindra,MAH713,Petrol,Manual,Hatchback,Green,1511000.0,3.1,92,192,No,14.9,195,1
Audi,AUD523,Electric,Manual,Coupe,Black,13138000.0,4.1,272,212,No,26.0,338,1
Tata,TAT375,Petrol,Manual,Coupe,Grey,1788000.0,1.5,85,143,Yes,12.2,881,1
Mercedes,MER687,Diesel,Manual,SUV,Silver,11740000.0,4.9,415,203,Yes,16.7,170,1
Maruti Suzuki,MAR841,Diesel,Automatic,Pickup,Black,588000.0,1.1,90,178,Yes,17.5,775,1
Tata,TAT832,Petrol,Manual,SUV,Grey,694000.0,1.2,106,170,No,16.9,466,1
Honda,HON172,Diesel,Automatic,SUV,Green,4112000.0,3.0,131,196,No,13.7,460,1
Hyundai,HYU639,Electric,Manual,Coupe,Blue,1369000.0,1.7,118,203,Yes,31.3,61,1
BMW,BMW400,Diesel,Manual,Coupe,Blue,8115000.0,2.1,343,247,Yes,14.4,429,1
Mahindra,MAH329,Hybrid,Automatic,Sedan,Silver,4625000.0,2.9,227,179,Yes,21.3,153,1
Tata,TAT752,Petrol,Manual,Hatchback,Silver,1273000.0,1.1,109,127,No,19.2,598,1
Tata,TAT931,Diesel,Manual,Hatchback,Black,2037000.0,1.5,104,157,Yes,18.4,712,1
Tata,TAT221,Petrol,Manual,Hatchback,Grey,1416000.0,1.9,89,147,Yes,18.3,449,1
Toyota,TOY187,Hybrid,Manual,Sedan,White,3813000.0,2.5,118,177,Yes,29.7,509,1
Hyundai,HYU701,Diesel,Manual,Coupe,Blue,1580000.0,2.3,193,238,No,12.4,638,1
Mahindra,MAH296,Diesel,Automatic,Hatchback,Red,3918000.0,2.5,121,165,No,14.3,202,1
Audi,AUD552,Diesel,Manual,Sedan,Grey,7606000.0,4.4,215,196,No,15.6,256,1
Ford,FOR303,Diesel,Automatic,Sedan,Black,3227000.0,3.0,161,203,No,16.9,44,0
Mercedes,MER704,Electric,Automatic,Coupe,Blue,14351000.0,3.7,284,220,Yes,28.4,30,0
BMW,BMW508,Hybrid,Automatic,Coupe,Silver,12358000.0,3.3,319,220,Yes,26.6,182,1
Tata,TAT731,Hybrid,Manual,Sedan,Silver,1466000.0,2.0,79,155,No,20.9,597,1
Ford,FOR362,Petrol,Automatic,Sedan,White,3232000.0,1.4,243,197,Yes,18.3,458,1
Tata,TAT389,Petrol,Automatic,SUV,Black,1444000.0,1.9,117,149,No,19.5,746,1
BMW,BMW106,Petrol,Manual,SUV,Black,12588000.0,3.6,302,194,No,12.0,259,1
Toyota,TOY293,Petrol,Manual,Hatchback,Black,2794000.0,2.2,246,168,No,15.6,156,1
Honda,HON554,Petrol,Automatic,Sedan,White,1734000.0,1.3,214,185,No,18.1,484,1
Maruti Suzuki,MAR189,Petrol,Manual,Sedan,Silver,923000.0,1.2,60,127,Yes,14.5,429,1
Honda,HON873,Petrol,Automatic,Pickup,Green,1975000.0,3.5,139,150,Yes,13.6,349,1
Honda,HON543,Petrol,Automatic,Sedan,Green,4392000.0,3.4,129,176,Yes,12.2,470,1
BMW,BMW963,Petrol,Automatic,Hatchback,Black,12228000.0,3.2,252,194,Yes,17.2,63,0
Mercedes,MER320,Petrol,Automatic,Pickup,Silver,15232000.0,3.7,411,188,Yes,18.3,151,0
Tata,TAT596,Petrol,Automatic,SUV,Green,1622000.0,1.1,101,146,Yes,19.6,556,1
Tata,TAT229,Hybrid,Manual,Hatchback,Green,1278000.0,2.0,79,177,Yes,29.0,358,1
Maruti Suzuki,MAR406,Petrol,Automatic,Pickup,Red,1114000.0,1.8,119,135,No,15.5,318,1
Hyundai,HYU633,Electric,Manual,Coupe,Grey,1330000.0,1.7,135,211,Yes,27.6,577,1
Mercedes,MER448,Diesel,Automatic,Pickup,Green,15284000.0,4.1,203,225,No,17.2,221,1
Kia,KIA401,Diesel,Manual,Hatchback,Red,4779000.0,2.9,212,147,No,16.1,337,1
Mahindra,MAH439,Petrol,Automatic,Coupe,Blue,2099000.0,1.6,219,189,Yes,15.7,112,1
Maruti Suzuki,MAR978,Hybrid,Manual,Sedan,Red,1074000.0,1.4,78,136,No,29.7,631,1
Mahindra,MAH240,Diesel,Manual,Hatchback,Silver,1867000.0,2.9,90,187,Yes,19.3,169,1
Hyundai,HYU611,Petrol,Automatic,Hatchback,Blue,3739000.0,2.8,200,165,Yes,14.0,461,1
Tata,TAT459,Hybrid,Automatic,Pickup,Green,2256000.0,1.9,87,170,No,24.5,326,1
Mahindra,MAH434,Petrol,Automatic,Pickup,White,2540000.0,2.4,93,175,No,18.3,261,1
Kia,KIA789,Petrol,Automatic,SUV,Blue,3932000.0,2.7,235,141,Yes,16.5,381,1
BMW,BMW180,Hybrid,Manual,Pickup,Black,9549000.0,2.4,419,212,Yes,28.8,468,1
Ford,FOR903,Petrol,Manual,Pickup,Black,3585000.0,2.8,218,192,No,15.2,561,1
BMW,BMW808,Petrol,Manual,Hatchback,Silver,8955000.0,3.2,205,244,Yes,12.7,259,1
Honda,HON336,Diesel,Manual,Hatchback,Silver,3325000.0,2.2,154,194,Yes,12.5,660,1
Hyundai,HYU713,Petrol,Manual,Hatchback,Black,3943000.0,1.6,233,192,No,19.1,622,1
Ford,FOR622,Diesel,Automatic,SUV,Silver,3175000.0,2.4,237,211,No,15.6,242,1
Kia,KIA704,Petrol,Manual,Hatchback,Black,2399000.0,1.9,132,208,Yes,12.6,124,1
Ford,FOR933,Petrol,Manual,SUV,Grey,3143000.0,1.6,145,144,No,14.2,411,1
Toyota,TOY850,Diesel,Automatic,Sedan,Black,2106000.0,2.3,165,209,Yes,18.1,443,1
Mahindra,MAH754,Diesel,Manual,Hatchback,Green,3328000.0,2.7,225,140,No,15.2,336,1
Maruti Suzuki,MAR414,Petrol,Automatic,Pickup,White,1456000.0,1.5,80,151,Yes,17.2,661,1
BMW,BMW598,Petrol,Manual,Sedan,Silver,12141000.0,4.1,412,190,No,15.6,501,1
Audi,AUD902,Petrol,Automatic,SUV,White,9793000.0,3.9,416,209,No,19.3,126,0
Mahindra,MAH336,Electric,Automatic,Hatchback,Grey,3817000.0,1.4,127,216,No,39.4,301,1
Mahindra,MAH634,Petrol,Manual,Coupe,Green,3615000.0,1.2,186,199,No,18.9,99,1
BMW,BMW155,Petrol,Manual,SUV,Black,9966000.0,4.1,362,195,No,12.3,30,0
Hyundai,HYU164,Diesel,Automatic,Sedan,Green,4190000.0,3.0,163,188,No,16.8,445,1
Kia,KIA260,Petrol,Manual,Pickup,Grey,3768000.0,2.2,134,161,No,16.3,38,0
Mercedes,MER466,Diesel,Automatic,Pickup,Black,6839000.0,4.2,237,193,No,15.3,30,0
Hyundai,HYU642,Diesel,Automatic,Coupe,Black,2135000.0,2.5,149,211,No,16.3,479,1
Toyota,TOY840,Petrol,Manual,Coupe,Silver,4019000.0,2.2,155,182,Yes,16.0,339,1
BMW,BMW906,Diesel,Automatic,Pickup,Red,13072000.0,3.7,370,192,Yes,14.0,248,1
Mercedes,MER698,Petrol,Manual,Pickup,White,7049000.0,2.2,267,190,No,17.7,31,0
Mahindra,MAH256,Petrol,Manual,SUV,Black,2530000.0,1.5,91,204,No,13.4,55,1
Ford,FOR633,Petrol,Automatic,Coupe,Red,2847000.0,1.9,103,195,Yes,13.5,509,1
Ford,FOR745,Petrol,Manual,Coupe,Red,2756000.0,2.7,132,180,No,16.2,416,1
Mahindra,MAH579,Petrol,Manual,Sedan,Red,3283000.0,2.3,181,214,No,18.6,315,1
Honda,HON960,Diesel,Automatic,SUV,Green,2164000.0,1.7,132,180,Yes,18.0,335,1
Hyundai,HYU221,Diesel,Manual,SUV,Red,3841000.0,3.1,136,193,Yes,15.4,550,1
BMW,BMW429,Hybrid,Automatic,Hatchback,Red,17656000.0,4.5,321,228,Yes,28.8,30,0
Tata,TAT346,Petrol,Automatic,Coupe,White,1728000.0,1.2,83,171,Yes,17.8,493,1
Audi,AUD166,Hybrid,Manual,Hatchback,Black,9363000.0,2.6,276,199,No,21.8,120,0
Tata,TAT962,Diesel,Automatic,Coupe,Black,1364000.0,1.4,118,143,Yes,12.6,626,1
Audi,AUD200,Hybrid,Automatic,Coupe,Blue,7202000.0,3.8,341,250,Yes,24.3,253,1
Maruti Suzuki,MAR855,Hybrid,Manual,Pickup,Red,1291000.0,1.1,66,127,No,21.0,499,1
Mahindra,MAH866,Diesel,Automatic,Coupe,Red,2938000.0,1.7,130,192,Yes,19.7,238,1
Honda,HON523,Petrol,Manual,Pickup,Grey,2274000.0,1.7,168,141,No,17.4,531,1
Kia,KIA671,Petrol,Manual,Pickup,Silver,3196000.0,3.3,116,204,Yes,18.3,310,1
Toyota,TOY737,Hybrid,Manual,Hatchback,Grey,1769000.0,1.8,132,184,Yes,24.1,253,1
Maruti Suzuki,MAR294,Petrol,Manual,Hatchback,Blue,2100000.0,1.1,118,133,Yes,18.2,464,1
Mahindra,MAH451,Petrol,Automatic,Coupe,Black,3997000.0,1.9,195,219,No,15.8,238,1
Hyundai,HYU896,Petrol,Manual,Coupe,Grey,2937000.0,2.9,104,226,Yes,19.2,475,1
BMW,BMW232,Petrol,Manual,Pickup,Green,9541000.0,2.4,316,188,No,15.8,507,1
Toyota,TOY775,Petrol,Manual,Sedan,Grey,3550000.0,1.8,166,219,Yes,17.5,356,1
Ford,FOR398,Diesel,Manual,SUV,Black,3112000.0,1.3,109,156,No,15.2,522,1
Toyota,TOY657,Petrol,Automatic,SUV,Red,4001000.0,2.0,194,196,Yes,16.7,551,1
Mahindra,MAH154,Petrol,Manual,Hatchback,White,2454000.0,1.4,248,150,No,12.6,30,0
Mercedes,MER381,Diesel,Automatic,Sedan,Blue,15784000.0,2.9,355,203,No,15.1,76,0
Hyundai,HYU638,Diesel,Manual,SUV,Silver,2880000.0,2.9,171,215,Yes,12.3,362,1
Kia,KIA101,Petrol,Automatic,Sedan,White,3267000.0,2.5,237,143,Yes,16.6,285,1
Audi,AUD532,Petrol,Automatic,Sedan,Black,14960000.0,2.1,377,245,No,17.3,338,1
Kia,KIA173,Hybrid,Manual,Coupe,Green,2681000.0,1.3,237,212,No,20.3,321,1
Tata,TAT863,Diesel,Manual,Pickup,Black,733000.0,1.2,63,154,No,17.0,793,1
Mercedes,MER810,Petrol,Manual,Coupe,Red,13698000.0,4.5,412,273,No,12.1,92,0
Hyundai,HYU324,Petrol,Manual,SUV,Grey,3227000.0,2.7,146,213,Yes,13.1,806,1
Hyundai,HYU958,Petrol,Automatic,Sedan,Blue,3328000.0,1.2,237,149,No,12.8,381,1
Toyota,TOY104,Hybrid,Manual,SUV,Red,2119000.0,2.5,160,142,No,23.2,176,1
Audi,AUD471,Diesel,Automatic,Pickup,Red,16839000.0,4.1,375,228,Yes,14.5,207,0
Honda,HON852,Petrol,Automatic,Coupe,Blue,4512000.0,3.5,169,180,No,13.1,375,1
Hyundai,HYU321,Diesel,Manual,Pickup,Blue,2296000.0,2.5,102,215,Yes,14.9,557,1
Audi,AUD720,Hybrid,Manual,Coupe,Red,15429000.0,3.8,349,276,No,26.3,261,1
Audi,AUD753,Petrol,Manual,SUV,Silver,14510000.0,5.0,377,234,No,19.0,586,1
BMW,BMW468,Diesel,Manual,Pickup,Green,15472000.0,3.3,334,216,No,12.3,30,0
Honda,HON114,Electric,Automatic,Pickup,White,3415000.0,3.1,115,187,Yes,33.9,441,1
Honda,HON998,Hybrid,Automatic,Coupe,Grey,2031000.0,1.6,196,222,No,26.4,487,1
Kia,KIA844,Electric,Manual,Pickup,Green,1865000.0,3.3,152,165,No,31.9,500,1
Kia,KIA580,Petrol,Manual,Hatchback,Silver,4369000.0,1.9,228,202,No,19.4,304,1
Mercedes,MER766,Petrol,Manual,Hatchback,White,8382000.0,3.7,254,237,Yes,12.0,30,0
Audi,AUD763,Diesel,Automatic,SUV,Grey,10687000.0,3.9,409,222,Yes,18.8,365,1
Tata,TAT504,Petrol,Manual,Hatchback,Grey,1019000.0,1.5,87,120,No,16.5,647,1
Mahindra,MAH815,Diesel,Manual,Hatchback,White,3488000.0,2.5,100,149,Yes,16.8,559,1
Toyota,TOY714,Petrol,Manual,Pickup,Red,2023000.0,1.4,158,184,No,14.6,531,1
Audi,AUD732,Petrol,Manual,Hatchback,Silver,10702000.0,4.3,355,224,Yes,16.4,451,1
Tata,TAT686,Petrol,Automatic,Hatchback,Green,620000.0,1.7,82,176,No,18.5,273,1
Toyota,TOY385,Diesel,Manual,Coupe,Grey,1985000.0,2.0,166,200,Yes,16.1,480,1
Maruti Suzuki,MAR423,Petrol,Manual,SUV,Blue,891000.0,2.0,66,175,No,19.3,865,1
BMW,BMW470,Petrol,Manual,Coupe,Green,10868000.0,3.9,271,236,Yes,16.6,279,1
Honda,HON506,Petrol,Automatic,Coupe,Blue,2915000.0,2.5,135,205,No,12.7,261,1
Hyundai,HYU416,Petrol,Manual,Coupe,Silver,3961000.0,2.3,138,216,No,15.1,681,1
Tata,TAT255,Petrol,Automatic,Pickup,Green,1488000.0,1.1,119,145,No,14.8,364,1
Mahindra,MAH345,Petrol,Manual,Pickup,Grey,4101000.0,2.2,205,148,No,18.8,509,1
Toyota,TOY682,Diesel,Automatic,Hatchback,Blue,3211000.0,1.7,113,165,Yes,19.8,355,1
Mahindra,MAH549,Electric,Manual,SUV,Red,1517000.0,2.1,181,216,No,32.8,52,1
Maruti Suzuki,MAR162,Diesel,Automatic,Sedan,Blue,1853000.0,1.5,62,138,No,16.6,492,1
BMW,BMW604,Petrol,Manual,Coupe,Blue,9746000.0,4.8,410,292,Yes,15.1,145,1
Audi,AUD921,Petrol,Automatic,Coupe,Black,10928000.0,3.4,248,260,No,12.2,179,1
Mahindra,MAH104,Petrol,Manual,Hatchback,Black,3083000.0,2.1,208,202,Yes,18.1,529,1
Maruti Suzuki,MAR520,Petrol,Automatic,Coupe,Red,1673000.0,1.2,80,148,No,14.6,483,1
Mercedes,MER542,Petrol,Manual,Coupe,Red,8067000.0,3.2,444,227,No,16.9,374,1
Kia,KIA321,Diesel,Manual,SUV,Green,2482000.0,1.4,168,196,Yes,16.1,291,1
BMW,BMW275,Hybrid,Manual,SUV,Green,7398000.0,4.8,282,220,No,27.9,353,1
Mercedes,MER345,Diesel,Automatic,Coupe,Grey,9282000.0,4.1,216,234,No,13.2,114,0
Honda,HON278,Petrol,Automatic,SUV,Grey,4096000.0,3.4,174,183,Yes,15.7,545,1
Mercedes,MER432,Petrol,Manual,Coupe,Blue,9762000.0,3.4,342,318,Yes,19.5,513,1
Tata,TAT363,Petrol,Manual,Coupe,Blue,2096000.0,1.4,117,144,Yes,16.8,436,1
Maruti Suzuki,MAR688,Hybrid,Manual,Hatchback,Blue,1828000.0,2.0,74,164,No,25.2,731,1
Kia,KIA635,Petrol,Automatic,Hatchback,Silver,3168000.0,2.7,141,178,No,16.9,239,1
Tata,TAT701,Petrol,Automatic,Coupe,Red,1246000.0,1.2,117,150,No,17.9,234,1
Maruti Suzuki,MAR659,Petrol,Manual,Pickup,Blue,1241000.0,1.4,92,152,No,16.0,436,1
Audi,AUD534,Hybrid,Manual,Pickup,Black,6824000.0,3.5,225,188,No,29.3,495,1
Toyota,TOY533,Petrol,Automatic,SUV,Red,3031000.0,3.3,192,201,No,14.9,561,1
BMW,BMW758,Hybrid,Manual,Coupe,Blue,19856000.0,4.5,410,220,No,22.7,100,0
Tata,TAT119,Diesel,Automatic,SUV,Blue,1781000.0,1.0,64,136,No,13.6,360,1
Mercedes,MER586,Petrol,Manual,SUV,Blue,9309000.0,4.4,332,180,Yes,15.4,59,0
Hyundai,HYU719,Diesel,Manual,Hatchback,Red,3840000.0,2.8,205,198,No,12.0,516,1
Mahindra,MAH809,Diesel,Manual,Hatchback,Silver,5056000.0,3.1,234,141,Yes,19.5,365,1
Audi,AUD922,Diesel,Automatic,SUV,Silver,8063000.0,4.2,439,227,Yes,16.6,310,1
Kia,KIA114,Petrol,Automatic,Pickup,White,4358000.0,2.2,185,178,No,19.5,350,1
BMW,BMW531,Diesel,Manual,Pickup,Black,15157000.0,4.4,337,243,Yes,19.5,128,0
Hyundai,HYU107,Petrol,Manual,Pickup,Green,1460000.0,2.1,93,166,No,16.3,680,1
BMW,BMW234,Hybrid,Manual,Hatchback,Silver,10729000.0,4.7,430,208,Yes,28.9,613,1
Mercedes,MER487,Petrol,Automatic,Pickup,Black,10855000.0,4.2,308,188,Yes,19.4,452,1
Toyota,TOY265,Petrol,Automatic,Pickup,Green,2068000.0,1.2,106,179,Yes,17.5,350,1
Toyota,TOY876,Hybrid,Automatic,SUV,Green,2686000.0,2.8,201,196,Yes,24.9,396,1
Toyota,TOY942,Petrol,Manual,Coupe,Blue,2533000.0,1.7,139,182,Yes,17.1,529,1
Toyota,TOY181,Petrol,Manual,Pickup,Grey,2208000.0,1.9,213,166,Yes,13.9,474,1
BMW,BMW860,Diesel,Automatic,SUV,Blue,7279000.0,3.4,316,228,Yes,17.1,160,1
Maruti Suzuki,MAR764,Petrol,Manual,Pickup,Grey,1749000.0,1.0,77,136,No,13.2,448,1
BMW,BMW730,Petrol,Manual,Sedan,White,12079000.0,4.0,282,230,No,14.7,82,0
Audi,AUD978,Petrol,Automatic,Coupe,Silver,8266000.0,3.6,186,209,Yes,15.3,263,1
Kia,KIA984,Petrol,Manual,Pickup,Blue,1932000.0,3.1,207,188,No,18.6,376,1
Mercedes,MER215,Diesel,Manual,Hatchback,Silver,9837000.0,2.7,318,218,Yes,16.3,292,1
Hyundai,HYU316,Petrol,Manual,Pickup,White,4845000.0,3.2,218,215,Yes,12.8,563,1
Kia,KIA790,Diesel,Manual,Coupe,Grey,2389000.0,2.3,225,215,No,18.0,288,1
Honda,HON106,Petrol,Automatic,Hatchback,Grey,3295000.0,1.6,146,161,Yes,14.8,359,1
Mahindra,MAH749,Petrol,Manual,Sedan,Silver,3519000.0,2.0,178,147,Yes,18.4,517,1
Hyundai,HYU214,Petrol,Manual,Pickup,Blue,3664000.0,1.7,231,189,No,15.4,359,1
Toyota,TOY938,Petrol,Manual,Sedan,White,2331000.0,3.4,210,156,Yes,14.7,489,1
Hyundai,HYU649,Petrol,Manual,Pickup,Silver,3884000.0,2.2,204,170,No,13.7,691,1
Mahindra,MAH650,Diesel,Manual,Coupe,Black,3672000.0,3.4,139,212,Yes,17.4,480,1
Honda,HON267,Hybrid,Manual,Hatchback,Silver,3683000.0,1.3,249,200,No,28.6,471,1
Mercedes,MER474,Diesel,Manual,Sedan,White,13469000.0,4.6,210,204,Yes,19.0,279,1
Mahindra,MAH851,Hybrid,Manual,Sedan,Red,2194000.0,3.2,199,181,Yes,28.3,368,1
Maruti Suzuki,MAR113,Diesel,Manual,Coupe,Grey,1200000.0,1.2,77,150,Yes,16.3,685,1
Honda,HON199,Petrol,Manual,Hatchback,Blue,3291000.0,3.0,120,144,Yes,19.0,539,1
Mahindra,MAH930,Petrol,Automatic,Hatchback,White,1636000.0,1.8,201,172,No,19.0,400,1
Ford,FOR754,Hybrid,Manual,Hatchback,Grey,2792000.0,2.4,230,212,No,22.7,92,1
Toyota,TOY308,Diesel,Manual,Coupe,Grey,3143000.0,2.5,241,249,Yes,13.9,284,1
Kia,KIA916,Diesel,Automatic,Pickup,Black,1274000.0,1.2,163,179,Yes,12.2,565,1
Mahindra,MAH750,Petrol,Automatic,Pickup,Red,3420000.0,1.9,179,164,Yes,13.3,86,1
Honda,HON201,Diesel,Manual,Pickup,Green,2875000.0,1.7,171,152,No,17.4,375,1
Mahindra,MAH870,Petrol,Manual,Sedan,Blue,3389000.0,1.5,164,145,No,16.8,330,1
Mahindra,MAH867,Petrol,Automatic,Coupe,Grey,3383000.0,3.3,177,220,Yes,15.2,42,0
Mahindra,MAH448,Diesel,Manual,Hatchback,Black,4513000.0,3.0,135,207,Yes,15.5,360,1
Kia,KIA310,Petrol,Automatic,Sedan,White,2054000.0,2.8,136,163,No,14.4,411,1
Maruti Suzuki,MAR918,Diesel,Manual,SUV,Silver,1629000.0,1.2,60,162,Yes,13.4,562,1
Toyota,TOY160,Diesel,Manual,Coupe,White,2391000.0,2.3,97,247,No,17.7,343,1
Toyota,TOY745,Petrol,Automatic,Coupe,Grey,2297000.0,1.9,161,223,Yes,13.2,451,1
Toyota,TOY694,Petrol,Manual,Hatchback,Black,2321000.0,2.1,229,193,No,14.7,355,1
Tata,TAT589,Petrol,Manual,Hatchback,Grey,1622000.0,1.0,104,149,No,18.5,503,1
Mahindra,MAH954,Hybrid,Manual,SUV,Red,2627000.0,2.3,200,210,Yes,22.1,434,1
Hyundai,HYU509,Petrol,Manual,Coupe,Blue,4986000.0,3.1,246,241,No,14.2,674,1
Mahindra,MAH431,Petrol,Automatic,Pickup,Black,4417000.0,3.3,189,140,No,13.5,73,1
Ford,FOR493,Petrol,Manual,Pickup,Red,1687000.0,2.0,170,143,No,14.8,423,1
Audi,AUD460,Diesel,Automatic,Hatchback,White,11041000.0,3.5,295,246,Yes,13.7,89,0
Honda,HON690,Petrol,Automatic,SUV,Black,3253000.0,2.9,179,214,Yes,15.0,319,1
Mercedes,MER948,Petrol,Manual,SUV,Black,11234000.0,2.9,223,218,No,16.3,188,1
Honda,HON395,Petrol,Automatic,Pickup,Blue,1800000.0,2.8,189,155,No,15.8,485,1
Kia,KIA681,Petrol,Manual,Pickup,White,2582000.0,1.9,187,215,Yes,17.4,617,1
Hyundai,HYU131,Hybrid,Manual,SUV,White,1784000.0,2.3,232,147,No,29.9,522,1
Mahindra,MAH638,Diesel,Manual,Coupe,Black,3935000.0,2.2,160,224,No,18.2,388,1
Kia,KIA628,Diesel,Manual,Coupe,White,1507000.0,2.6,119,204,No,14.8,42,1
Kia,KIA691,Petrol,Manual,Pickup,Blue,1464000.0,1.5,95,177,Yes,19.6,292,1
Maruti Suzuki,MAR487,Petrol,Manual,SUV,Black,837000.0,1.9,104,158,Yes,17.2,889,1
BMW,BMW115,Petrol,Manual,Hatchback,Grey,12488000.0,4.5,199,228,Yes,16.3,256,1
Audi,AUD836,Diesel,Manual,Coupe,Red,10084000.0,3.0,347,306,Yes,16.0,196,1
Kia,KIA689,Diesel,Automatic,Hatchback,Green,1418000.0,1.3,98,170,Yes,14.7,528,1
Maruti Suzuki,MAR477,Diesel,Manual,SUV,White,1744000.0,1.7,63,133,No,14.2,428,1
BMW,BMW434,Petrol,Manual,SUV,White,8729000.0,4.8,397,192,Yes,15.3,272,1
Ford,FOR119,Diesel,Automatic,SUV,White,2728000.0,3.0,171,150,Yes,17.9,126,1
Mercedes,MER258,Diesel,Automatic,Pickup,Red,9823000.0,3.5,272,196,Yes,15.2,102,0
Mercedes,MER271,Petrol,Manual,Sedan,Silver,6002000.0,4.3,226,183,No,17.2,296,1
Toyota,TOY752,Petrol,Manual,Coupe,Red,2875000.0,1.7,207,228,Yes,14.0,484,1
Mercedes,MER389,Petrol,Manual,Coupe,Silver,16490000.0,2.3,445,303,No,17.5,217,0
Ford,FOR406,Petrol,Manual,Hatchback,White,1845000.0,2.2,101,171,Yes,17.9,384,1
Ford,FOR909,Diesel,Manual,Coupe,White,2579000.0,2.0,185,241,Yes,12.4,187,1
Honda,HON267,Diesel,Manual,Sedan,Red,3314000.0,1.4,196,162,No,13.6,395,1
Honda,HON726,Petrol,Automatic,Pickup,Black,3731000.0,1.2,160,141,No,15.9,145,1
Mercedes,MER712,Hybrid,Manual,Sedan,Red,7403000.0,3.1,361,234,No,25.3,201,1
BMW,BMW804,Electric,Manual,Pickup,White,11084000.0,2.6,257,191,No,28.7,266,1
Mahindra,MAH846,Petrol,Manual,Sedan,Black,3376000.0,3.4,121,191,Yes,18.5,69,1
Toyota,TOY918,Petrol,Manual,Hatchback,White,2846000.0,1.8,132,143,Yes,14.4,506,1
Mahindra,MAH549,Diesel,Manual,SUV,Grey,3924000.0,2.2,201,171,No,13.3,154,1
Toyota,TOY174,Diesel,Manual,Coupe,Black,2927000.0,2.5,241,184,Yes,16.1,415,1
Hyundai,HYU871,Hybrid,Automatic,Sedan,Green,1532000.0,1.9,221,184,Yes,24.5,239,1
Tata,TAT239,Diesel,Automatic,Pickup,Green,1017000.0,1.3,82,170,Yes,19.7,192,1
Maruti Suzuki,MAR229,Hybrid,Manual,Hatchback,Black,1952000.0,1.4,93,133,No,27.4,422,1
Ford,FOR812,Petrol,Manual,Sedan,Grey,3491000.0,3.1,214,157,No,17.7,264,1
Hyundai,HYU520,Petrol,Automatic,Pickup,White,1710000.0,1.2,162,168,Yes,16.4,717,1
Mahindra,MAH345,Hybrid,Automatic,Sedan,Black,2130000.0,3.2,131,158,No,24.8,75,1
BMW,BMW731,Hybrid,Manual,Pickup,Green,8668000.0,2.5,373,233,No,24.6,249,1
Tata,TAT629,Petrol,Automatic,Sedan,Blue,1750000.0,1.7,68,177,Yes,18.6,415,1
BMW,BMW262,Hybrid,Automatic,SUV,Green,7020000.0,2.4,382,212,No,27.8,170,1
Ford,FOR957,Petrol,Manual,Sedan,Black,3968000.0,2.6,199,141,No,14.5,180,1
Honda,HON373,Petrol,Manual,Pickup,Black,3699000.0,3.0,139,142,Yes,19.5,583,1
BMW,BMW985,Diesel,Manual,Sedan,White,8807000.0,2.3,312,233,Yes,13.8,114,0
Mercedes,MER421,Petrol,Automatic,SUV,Grey,16334000.0,2.6,335,244,No,13.2,78,0
Audi,AUD772,Diesel,Manual,Sedan,Grey,20563000.0,4.8,418,195,No,17.1,332,1
Maruti Suzuki,MAR451,Diesel,Automatic,Sedan,Black,1089000.0,1.2,85,167,No,15.7,500,1
Ford,FOR334,Hybrid,Manual,SUV,Blue,3438000.0,3.5,153,189,No,23.7,586,1
Kia,KIA703,Petrol,Manual,Pickup,Green,4559000.0,2.4,212,147,No,13.7,220,1
BMW,BMW149,Diesel,Manual,Coupe,Red,9600000.0,2.1,248,262,No,12.1,265,1
Kia,KIA151,Petrol,Manual,Pickup,Green,3630000.0,3.3,193,173,No,19.4,90,1
Ford,FOR163,Diesel,Manual,Hatchback,Black,3330000.0,1.7,110,194,No,16.5,452,1
Maruti Suzuki,MAR807,Petrol,Automatic,Pickup,Red,1723000.0,2.0,92,126,Yes,18.6,723,1
Ford,FOR491,Hybrid,Automatic,SUV,White,2562000.0,3.0,243,195,No,26.0,30,0
Maruti Suzuki,MAR526,Diesel,Automatic,Pickup,Blue,1206000.0,1.6,105,160,Yes,13.6,505,1
Honda,HON186,Petrol,Manual,Pickup,Silver,3168000.0,3.0,166,182,Yes,18.2,303,1
Hyundai,HYU453,Diesel,Automatic,SUV,Silver,4222000.0,1.6,249,149,No,12.1,810,1
Honda,HON856,Petrol,Manual,Coupe,Red,4099000.0,1.8,206,236,No,18.9,354,1
Ford,FOR377,Petrol,Automatic,Coupe,Grey,2888000.0,3.2,148,221,No,16.0,402,1
Maruti Suzuki,MAR556,Petrol,Automatic,Pickup,Black,1695000.0,2.0,63,154,Yes,18.9,476,1
Mahindra,MAH739,Diesel,Automatic,Sedan,Black,2854000.0,2.0,114,207,Yes,16.2,294,1
Honda,HON557,Petrol,Automatic,SUV,Silver,4821000.0,3.1,200,140,No,15.4,367,1
Hyundai,HYU546,Petrol,Automatic,Sedan,White,2696000.0,1.8,123,187,Yes,12.7,424,1
Tata,TAT614,Hybrid,Manual,Pickup,Silver,689000.0,1.4,103,153,No,24.2,204,1
Maruti Suzuki,MAR823,Hybrid,Manual,Coupe,Blue,2030000.0,1.1,100,173,No,28.0,744,1
Mercedes,MER689,Diesel,Manual,Sedan,Green,7955000.0,2.9,373,185,Yes,18.5,346,1
Honda,HON793,Diesel,Manual,Hatchback,Red,1918000.0,2.9,198,206,No,12.3,589,1
BMW,BMW753,Diesel,Manual,Hatchback,White,5388000.0,3.1,220,219,Yes,19.3,412,1
Maruti Suzuki,MAR890,Petrol,Manual,Pickup,Green,545000.0,1.2,61,139,Yes,19.3,548,1
Ford,FOR397,Petrol,Manual,SUV,Silver,1779000.0,2.6,162,215,Yes,13.0,97,1
Tata,TAT727,Diesel,Automatic,Hatchback,Silver,2052000.0,1.6,96,151,Yes,12.7,425,1
Ford,FOR980,Petrol,Manual,Coupe,Silver,3340000.0,3.5,223,242,No,18.6,317,1
Maruti Suzuki,MAR715,Petrol,Automatic,SUV,Green,562000.0,1.3,66,148,No,17.4,552,1
Kia,KIA221,Petrol,Manual,Pickup,Red,4711000.0,2.9,240,144,No,12.1,160,1
Ford,FOR361,Petrol,Automatic,Hatchback,Red,2051000.0,2.0,133,180,Yes,15.5,495,1
Maruti Suzuki,MAR453,Petrol,Manual,SUV,Green,1451000.0,1.7,83,135,Yes,13.3,791,1
Toyota,TOY785,Hybrid,Automatic,Pickup,Red,3743000.0,2.7,127,187,No,25.7,281,1
Kia,KIA500,Petrol,Manual,SUV,Silver,2980000.0,2.5,168,185,No,17.7,394,1
BMW,BMW910,Diesel,Manual,Coupe,Black,7395000.0,2.2,443,314,No,12.5,180,1
Toyota,TOY598,Petrol,Automatic,Sedan,White,2570000.0,1.6,167,206,No,19.6,187,1
Audi,AUD847,Petrol,Manual,Pickup,Silver,13405000.0,2.9,425,240,Yes,16.5,445,1
Mercedes,MER616,Diesel,Automatic,Pickup,Black,8075000.0,2.9,189,237,Yes,15.6,150,1
Hyundai,HYU443,Petrol,Automatic,Sedan,White,3845000.0,1.5,227,211,No,19.6,248,1
Toyota,TOY908,Diesel,Manual,Pickup,Blue,2417000.0,1.7,149,166,Yes,13.4,321,1
Hyundai,HYU846,Diesel,Automatic,SUV,Green,3739000.0,1.3,193,201,Yes,18.1,910,1
Mercedes,MER128,Petrol,Manual,Hatchback,Silver,18712000.0,4.2,430,203,No,16.0,144,0
Mercedes,MER491,Hybrid,Automatic,Sedan,White,7123000.0,2.5,187,243,Yes,20.1,163,1
Mahindra,MAH586,Petrol,Manual,Pickup,White,3631000.0,1.5,235,211,Yes,17.2,344,1
Hyundai,HYU248,Diesel,Manual,Coupe,Black,2678000.0,3.3,136,219,No,12.8,661,1
Audi,AUD835,Hybrid,Automatic,Pickup,Red,13935000.0,2.4,240,219,No,27.6,49,0
Mahindra,MAH991,Hybrid,Automatic,Sedan,Black,1663000.0,2.9,247,204,Yes,24.6,389,1
Maruti Suzuki,MAR201,Diesel,Manual,Coupe,Grey,2038000.0,1.4,91,148,Yes,15.6,622,1
Mahindra,MAH438,Diesel,Manual,Hatchback,Blue,2077000.0,1.8,96,186,Yes,13.8,529,1
Maruti Suzuki,MAR501,Petrol,Manual,Hatchback,Blue,867000.0,1.7,100,165,Yes,16.0,676,1
Audi,AUD225,Electric,Manual,Pickup,Grey,9998000.0,4.9,254,194,No,31.6,423,1
Toyota,TOY453,Petrol,Manual,Coupe,Red,1854000.0,3.5,184,218,No,17.2,322,1
Mahindra,MAH206,Petrol,Manual,Hatchback,Silver,3446000.0,2.8,156,200,No,13.8,299,1
Kia,KIA711,Petrol,Automatic,Pickup,Blue,1903000.0,1.6,149,207,Yes,18.6,550,1
Tata,TAT550,Diesel,Automatic,Sedan,Grey,1646000.0,1.2,70,178,No,16.9,235,1
Toyota,TOY806,Petrol,Manual,Hatchback,White,4453000.0,2.0,202,157,Yes,14.1,98,1
Ford,FOR849,Petrol,Manual,Sedan,Silver,1682000.0,1.8,95,196,No,15.9,369,1
Ford,FOR585,Diesel,Automatic,SUV,Black,1471000.0,1.6,106,189,No,12.8,418,1
Audi,AUD809,Diesel,Manual,Pickup,Black,13660000.0,2.2,401,214,Yes,18.8,205,1
Tata,TAT412,Petrol,Automatic,SUV,Silver,1674000.0,1.7,119,133,No,17.0,416,1
Honda,HON583,Petrol,Manual,Coupe,Green,1390000.0,1.5,193,219,No,16.4,442,1
BMW,BMW639,Petrol,Automatic,Coupe,Grey,6749000.0,3.4,429,247,Yes,17.0,351,1
Mahindra,MAH904,Petrol,Automatic,Hatchback,Silver,3271000.0,3.2,152,211,No,13.9,400,1
Ford,FOR913,Petrol,Automatic,Hatchback,Silver,2162000.0,1.3,217,173,Yes,13.8,396,1
Kia,KIA672,Diesel,Manual,SUV,Grey,4160000.0,2.5,188,177,Yes,15.1,318,1
Honda,HON207,Hybrid,Automatic,Hatchback,White,3798000.0,1.5,156,167,Yes,25.0,638,1
Hyundai,HYU720,Petrol,Manual,Coupe,Green,1802000.0,2.4,128,192,Yes,12.5,127,1
Tata,TAT674,Petrol,Manual,Coupe,Black,1826000.0,1.4,97,163,No,17.4,149,1
Mercedes,MER537,Hybrid,Automatic,Pickup,Blue,10538000.0,3.9,313,239,No,28.7,107,0
Tata,TAT616,Hybrid,Automatic,Pickup,Green,831000.0,1.1,97,138,Yes,20.2,460,1
Mercedes,MER796,Diesel,Automatic,Pickup,White,18652000.0,4.2,385,194,Yes,13.9,255,0
Kia,KIA329,Diesel,Manual,Pickup,Black,2691000.0,1.6,138,165,No,13.3,442,1
Ford,FOR716,Petrol,Manual,Hatchback,Silver,1778000.0,1.3,190,218,Yes,14.6,255,1
Hyundai,HYU130,Hybrid,Automatic,SUV,Silver,1973000.0,2.5,235,202,Yes,26.2,615,1
Tata,TAT322,Petrol,Manual,Sedan,Grey,774000.0,1.7,103,177,Yes,14.1,211,1
Mahindra,MAH362,Hybrid,Manual,Hatchback,White,1585000.0,2.5,203,203,No,21.9,313,1
Audi,AUD298,Petrol,Manual,SUV,Black,10524000.0,4.6,307,235,No,16.6,30,0
Hyundai,HYU479,Hybrid,Automatic,SUV,Silver,3903000.0,2.0,223,161,Yes,25.5,530,1
BMW,BMW143,Petrol,Automatic,Hatchback,Silver,9990000.0,2.8,441,191,No,18.3,30,0
Honda,HON723,Petrol,Manual,Coupe,Red,4061000.0,1.2,201,197,Yes,12.3,549,1
Hyundai,HYU911,Petrol,Manual,SUV,White,1525000.0,2.6,170,209,Yes,12.7,527,1
Mahindra,MAH350,Diesel,Automatic,Coupe,Red,3827000.0,2.8,197,245,Yes,18.6,294,1
Mahindra,MAH618,Diesel,Automatic,SUV,Grey,2516000.0,1.9,162,170,No,15.5,212,1
Mercedes,MER203,Hybrid,Manual,Hatchback,Blue,17145000.0,2.3,429,213,No,26.2,132,0
Hyundai,HYU510,Petrol,Manual,SUV,Red,2631000.0,2.1,149,214,Yes,18.6,709,1
Tata,TAT584,Petrol,Manual,Coupe,Grey,723000.0,1.1,85,125,Yes,17.0,510,1
Toyota,TOY275,Petrol,Manual,Coupe,Blue,1443000.0,1.9,198,213,Yes,19.8,226,1
Ford,FOR606,Petrol,Manual,SUV,Green,3644000.0,2.0,97,207,No,19.3,319,1
Mahindra,MAH103,Petrol,Automatic,Coupe,Grey,4419000.0,1.8,205,243,Yes,13.9,326,1
Honda,HON677,Diesel,Manual,SUV,Silver,4388000.0,1.9,246,162,Yes,19.6,465,1
Hyundai,HYU439,Electric,Automatic,Coupe,Blue,2915000.0,2.3,125,229,Yes,27.9,517,1
Audi,AUD704,Diesel,Manual,Sedan,White,12824000.0,2.8,438,182,No,13.6,175,0
Kia,KIA423,Hybrid,Manual,Coupe,Green,2293000.0,2.3,229,229,No,25.8,127,1
Mahindra,MAH216,Petrol,Manual,Coupe,Red,1705000.0,2.8,116,235,No,14.0,30,1
Hyundai,HYU978,Diesel,Manual,SUV,Grey,3752000.0,1.5,180,151,Yes,17.6,399,1
Tata,TAT217,Diesel,Automatic,Pickup,Silver,2035000.0,1.4,89,175,Yes,16.2,902,1
Ford,FOR494,Diesel,Automatic,Sedan,Green,3395000.0,1.4,221,174,Yes,12.6,286,1
Maruti Suzuki,MAR192,Petrol,Manual,Hatchback,Silver,1786000.0,1.4,66,158,Yes,19.0,774,1
BMW,BMW961,Petrol,Manual,Pickup,White,10594000.0,3.8,343,205,No,19.2,184,1
Kia,KIA775,Petrol,Manual,Sedan,White,3241000.0,2.3,249,179,Yes,13.4,554,1
Ford,FOR444,Hybrid,Automatic,Hatchback,Green,4254000.0,3.0,203,160,Yes,28.6,358,1
Honda,HON889,Diesel,Manual,Hatchback,Silver,3571000.0,1.6,110,218,Yes,18.9,764,1
Audi,AUD191,Diesel,Automatic,Pickup,Silver,11509000.0,2.2,381,215,Yes,17.2,339,1
Audi,AUD721,Electric,Manual,Coupe,Black,10788000.0,3.5,226,233,Yes,27.4,179,1
Maruti Suzuki,MAR692,Petrol,Automatic,SUV,Silver,1530000.0,1.6,69,167,No,18.3,493,1
Tata,TAT473,Petrol,Automatic,Pickup,Grey,986000.0,1.3,116,169,Yes,17.6,476,1
Maruti Suzuki,MAR373,Hybrid,Automatic,Hatchback,Green,1434000.0,1.2,86,156,Yes,23.3,481,1
Kia,KIA581,Petrol,Manual,Hatchback,Red,4047000.0,3.1,141,207,Yes,12.8,311,1
Maruti Suzuki,MAR361,Diesel,Manual,Hatchback,Blue,735000.0,1.6,88,174,Yes,14.9,637,1
Tata,TAT908,Hybrid,Manual,Sedan,White,1055000.0,1.5,87,140,Yes,26.9,587,1
Toyota,TOY285,Petrol,Manual,SUV,Grey,4338000.0,1.8,204,171,No,17.4,464,1
Kia,KIA871,Petrol,Automatic,Hatchback,Red,3399000.0,3.5,206,216,Yes,18.7,104,1
BMW,BMW964,Hybrid,Manual,Coupe,Silver,8973000.0,2.1,321,260,No,25.3,209,1
Audi,AUD820,Hybrid,Manual,Pickup,Red,17585000.0,4.7,223,205,Yes,24.2,425,1
Maruti Suzuki,MAR437,Diesel,Manual,SUV,Red,1506000.0,1.6,111,168,Yes,13.1,517,1
BMW,BMW351,Hybrid,Manual,Hatchback,Grey,13220000.0,3.3,259,183,No,24.9,57,0
Mahindra,MAH141,Petrol,Manual,Sedan,Green,3681000.0,3.0,129,143,No,18.8,187,1
Maruti Suzuki,MAR228,Petrol,Manual,Hatchback,Silver,647000.0,1.9,97,139,Yes,14.0,646,1
Maruti Suzuki,MAR238,Petrol,Automatic,Sedan,Silver,869000.0,1.5,95,137,Yes,12.3,449,1
Maruti Suzuki,MAR399,Petrol,Manual,Hatchback,White,621000.0,1.0,104,139,Yes,18.4,371,1
Mahindra,MAH861,Hybrid,Automatic,Pickup,Grey,3053000.0,2.8,133,149,No,25.6,30,0
Ford,FOR243,Diesel,Automatic,Pickup,Black,2476000.0,2.2,193,179,Yes,17.0,600,1
Maruti Suzuki,MAR915,Petrol,Automatic,Sedan,White,1765000.0,1.5,100,172,No,15.5,646,1
Tata,TAT325,Petrol,Automatic,Sedan,Grey,1322000.0,1.8,94,124,Yes,19.1,519,1
Honda,HON615,Petrol,Automatic,Pickup,Silver,2456000.0,2.0,104,185,Yes,15.8,361,1
Toyota,TOY192,Electric,Automatic,Coupe,Blue,1893000.0,2.6,208,233,No,38.6,482,1
Mahindra,MAH465,Petrol,Automatic,Hatchback,Silver,3657000.0,1.9,115,174,Yes,15.2,283,1
Audi,AUD133,Diesel,Automatic,Coupe,Green,13576000.0,3.8,382,261,Yes,12.8,185,0
Maruti Suzuki,MAR833,Petrol,Automatic,Hatchback,Blue,2135000.0,1.1,117,125,Yes,13.8,721,1
Tata,TAT448,Diesel,Manual,Hatchback,Grey,705000.0,1.7,111,146,Yes,19.4,764,1
Toyota,TOY547,Diesel,Automatic,Pickup,Black,3741000.0,1.9,146,212,No,19.2,583,1
Toyota,TOY942,Hybrid,Manual,SUV,Black,4625000.0,3.3,110,205,Yes,24.1,397,1
Tata,TAT273,Petrol,Manual,SUV,White,1471000.0,1.5,79,124,No,19.2,539,1
Mercedes,MER739,Petrol,Manual,Pickup,Green,14707000.0,2.4,389,223,Yes,15.3,291,1
Maruti Suzuki,MAR642,Hybrid,Manual,Hatchback,Black,1746000.0,1.5,96,125,No,24.7,537,1
Mercedes,MER511,Diesel,Automatic,Sedan,Red,7756000.0,2.6,358,243,Yes,15.2,288,1
Maruti Suzuki,MAR679,Diesel,Automatic,Coupe,Blue,2124000.0,1.7,112,152,Yes,18.0,426,1
Mercedes,MER215,Diesel,Manual,Sedan,Black,6945000.0,3.0,285,215,No,19.4,130,1
Mercedes,MER576,Petrol,Automatic,Pickup,Red,10303000.0,3.8,423,247,Yes,17.2,40,0
Honda,HON691,Hybrid,Manual,Sedan,White,3840000.0,2.4,123,181,No,25.6,325,1
Tata,TAT540,Petrol,Manual,Pickup,Silver,1219000.0,1.4,117,146,No,18.0,607,1
Tata,TAT861,Petrol,Automatic,Hatchback,Green,1775000.0,1.3,94,173,No,15.8,566,1
Mercedes,MER620,Petrol,Manual,Coupe,Grey,17025000.0,4.5,333,245,No,19.5,227,0
Mahindra,MAH760,Petrol,Automatic,Coupe,Grey,2765000.0,2.4,161,219,No,15.8,617,1
Mercedes,MER415,Petrol,Automatic,Coupe,Silver,6047000.0,2.0,246,284,No,12.8,30,0
BMW,BMW874,Petrol,Automatic,Sedan,Grey,14018000.0,2.6,235,192,Yes,12.1,317,1
Hyundai,HYU718,Diesel,Manual,Hatchback,Grey,2932000.0,1.6,135,178,Yes,19.6,598,1
Mercedes,MER690,Electric,Manual,Pickup,Silver,9103000.0,4.2,298,200,No,31.8,322,1
Mahindra,MAH429,Petrol,Automatic,Coupe,Grey,1759000.0,3.4,120,241,Yes,18.5,160,1
BMW,BMW808,Petrol,Manual,Sedan,White,17849000.0,3.4,376,205,No,13.5,65,0
Toyota,TOY166,Hybrid,Automatic,SUV,Grey,4070000.0,1.4,184,190,No,25.4,368,1
Tata,TAT239,Petrol,Automatic,SUV,Grey,1587000.0,1.1,93,137,Yes,19.5,616,1
Honda,HON353,Diesel,Automatic,Sedan,Black,2319000.0,2.4,232,195,No,15.2,281,1
Honda,HON284,Petrol,Manual,Sedan,Blue,2402000.0,2.2,118,190,Yes,14.9,515,1
Ford,FOR338,Diesel,Manual,Pickup,Black,3025000.0,2.0,123,202,Yes,15.9,439,1
Mercedes,MER759,Petrol,Automatic,SUV,Blue,7132000.0,2.6,224,234,No,13.8,30,0
Mercedes,MER157,Diesel,Manual,Coupe,Green,14834000.0,4.6,414,254,Yes,12.1,414,1
Audi,AUD762,Petrol,Automatic,Sedan,Red,11210000.0,3.8,330,225,Yes,13.2,87,0
Maruti Suzuki,MAR576,Diesel,Manual,Hatchback,Red,1794000.0,1.3,102,122,No,15.3,675,1
Kia,KIA448,Petrol,Manual,Coupe,Silver,3545000.0,1.7,217,224,No,16.7,310,1
Hyundai,HYU302,Diesel,Manual,SUV,Silver,3380000.0,2.3,201,174,Yes,13.6,220,1
Hyundai,HYU949,Diesel,Automatic,Coupe,White,1764000.0,1.2,138,232,Yes,18.4,677,1
Mercedes,MER956,Electric,Automatic,Hatchback,Grey,13540000.0,4.2,202,195,No,25.1,200,1
Audi,AUD894,Petrol,Manual,Hatchback,Red,14496000.0,3.0,392,203,Yes,18.6,226,1
Hyundai,HYU119,Diesel,Manual,Sedan,Blue,2359000.0,2.1,145,201,No,12.8,523,1
Audi,AUD638,Diesel,Manual,Sedan,Red,9772000.0,4.5,198,245,Yes,19.9,211,1
Hyundai,HYU459,Petrol,Automatic,Sedan,Blue,2823000.0,3.0,185,191,Yes,18.1,474,1
Ford,FOR549,Petrol,Automatic,SUV,Red,2025000.0,3.1,202,186,No,19.1,206,1
Mahindra,MAH119,Diesel,Automatic,Hatchback,Silver,2535000.0,2.3,98,216,Yes,13.0,396,1
Kia,KIA956,Petrol,Automatic,Coupe,Blue,3312000.0,2.4,94,244,No,18.8,116,1
Audi,AUD263,Diesel,Automatic,Coupe,Black,6577000.0,3.1,248,260,No,19.7,270,1
Ford,FOR771,Electric,Automatic,Sedan,Green,3605000.0,3.2,194,178,Yes,37.8,514,1
BMW,BMW319,Hybrid,Manual,Hatchback,Black,9103000.0,2.4,410,221,No,28.9,237,1
Honda,HON782,Diesel,Automatic,Hatchback,Blue,3831000.0,1.3,170,169,No,17.0,349,1
Mahindra,MAH984,Diesel,Automatic,Sedan,Grey,3112000.0,2.8,111,205,Yes,16.8,433,1
Tata,TAT153,Petrol,Manual,Coupe,White,2011000.0,1.3,66,150,No,12.7,524,1
Toyota,TOY711,Petrol,Manual,SUV,Silver,2365000.0,1.4,189,186,No,14.2,645,1
BMW,BMW666,Diesel,Manual,Hatchback,Red,15386000.0,2.9,301,218,No,12.8,222,1
Honda,HON745,Petrol,Manual,Pickup,Black,1680000.0,2.1,186,181,No,17.6,543,1
Hyundai,HYU753,Petrol,Automatic,Pickup,Green,1629000.0,1.9,221,146,No,18.8,740,1
Ford,FOR762,Diesel,Automatic,Coupe,Blue,1620000.0,1.4,124,188,No,14.5,113,1
Toyota,TOY657,Diesel,Automatic,Coupe,White,3269000.0,2.6,216,225,Yes,16.9,288,1
Maruti Suzuki,MAR383,Diesel,Manual,Hatchback,Blue,1289000.0,1.8,73,120,Yes,17.2,225,1
Toyota,TOY754,Petrol,Manual,Hatchback,Silver,2396000.0,3.2,227,146,Yes,12.9,769,1
Maruti Suzuki,MAR740,Petrol,Manual,Pickup,White,1075000.0,1.7,95,139,No,12.2,583,1
Toyota,TOY247,Petrol,Automatic,Coupe,Black,3706000.0,1.7,223,209,Yes,16.6,215,1
Audi,AUD545,Hybrid,Manual,Coupe,Green,13529000.0,3.3,231,308,Yes,22.0,168,0
Tata,TAT518,Petrol,Manual,Pickup,Green,597000.0,1.0,97,159,Yes,14.5,329,1
Kia,KIA591,Diesel,Manual,Sedan,Green,3396000.0,1.3,238,157,Yes,20.0,158,1
Audi,AUD512,Petrol,Automatic,Pickup,Red,7857000.0,4.3,240,185,Yes,19.0,207,1
Hyundai,HYU634,Diesel,Manual,Sedan,Grey,3892000.0,2.5,226,165,Yes,16.2,707,1
Hyundai,HYU833,Electric,Manual,Sedan,Red,3029000.0,2.0,232,153,Yes,27.2,826,1
Mercedes,MER952,Petrol,Manual,Hatchback,Black,8717000.0,3.2,435,197,Yes,17.3,334,1
Tata,TAT189,Hybrid,Automatic,Pickup,Green,1836000.0,1.4,116,164,No,24.6,766,1
Kia,KIA870,Petrol,Manual,Hatchback,Blue,3494000.0,3.2,147,163,No,13.7,446,1
Mahindra,MAH841,Petrol,Manual,Coupe,Red,1485000.0,1.3,229,227,Yes,17.3,458,1
Tata,TAT632,Diesel,Automatic,Hatchback,Blue,1431000.0,1.9,81,175,Yes,17.6,551,1
BMW,BMW464,Diesel,Automatic,Pickup,Green,9033000.0,3.7,323,189,Yes,16.7,200,1
BMW,BMW764,Petrol,Automatic,SUV,White,18919000.0,3.9,416,227,Yes,14.9,229,0
Mahindra,MAH119,Diesel,Automatic,Coupe,Green,3420000.0,2.8,243,197,No,19.0,333,1
Hyundai,HYU296,Petrol,Automatic,Sedan,Silver,4538000.0,2.1,242,196,No,12.3,633,1
BMW,BMW348,Petrol,Manual,Sedan,Black,16235000.0,3.5,304,219,Yes,13.2,440,1
Kia,KIA728,Petrol,Automatic,Hatchback,Grey,1273000.0,1.8,90,173,No,17.8,332,1
BMW,BMW691,Diesel,Manual,Sedan,Blue,17196000.0,4.8,344,197,Yes,19.4,308,1
Hyundai,HYU162,Petrol,Manual,Sedan,Blue,4096000.0,3.3,203,169,Yes,17.7,766,1
Tata,TAT736,Petrol,Manual,Pickup,Silver,643000.0,1.4,84,130,No,12.2,555,1
Maruti Suzuki,MAR624,Diesel,Automatic,SUV,Silver,2001000.0,2.0,80,155,Yes,19.5,467,1
Audi,AUD421,Diesel,Automatic,Hatchback,Grey,8692000.0,4.2,383,186,No,18.9,267,1
Kia,KIA262,Petrol,Manual,Pickup,Red,3120000.0,1.8,235,169,No,12.4,35,0
BMW,BMW964,Petrol,Manual,Pickup,Black,9203000.0,3.6,290,199,Yes,13.1,89,0
BMW,BMW888,Petrol,Manual,SUV,Red,13472000.0,4.2,285,243,Yes,16.5,30,0
Toyota,TOY338,Petrol,Manual,Pickup,Grey,3169000.0,2.7,242,203,Yes,12.3,346,1
Tata,TAT610,Diesel,Manual,Sedan,Black,1162000.0,1.7,109,163,No,19.9,193,1
Audi,AUD369,Diesel,Manual,Coupe,White,10398000.0,4.6,386,243,Yes,17.9,274,1
Tata,TAT344,Petrol,Manual,SUV,Black,1437000.0,1.3,99,158,Yes,13.7,466,1
Maruti Suzuki,MAR934,Electric,Manual,Sedan,Silver,636000.0,1.4,94,172,Yes,38.9,844,1
Toyota,TOY320,Hybrid,Manual,SUV,White,2821000.0,2.9,122,169,Yes,26.3,427,1
Tata,TAT758,Diesel,Automatic,Sedan,Green,655000.0,1.7,110,143,Yes,15.6,562,1
Kia,KIA468,Diesel,Automatic,Hatchback,White,2291000.0,1.9,198,185,No,13.3,429,1
Honda,HON184,Hybrid,Manual,SUV,Black,2733000.0,3.3,200,218,Yes,27.7,395,1
Honda,HON980,Petrol,Manual,Hatchback,Silver,2907000.0,3.2,226,141,Yes,16.9,753,1
Kia,KIA302,Petrol,Automatic,Coupe,Silver,2688000.0,2.2,223,201,No,19.5,428,1
Ford,FOR807,Diesel,Manual,SUV,Green,3190000.0,1.8,141,206,Yes,18.1,196,1
Mahindra,MAH943,Diesel,Manual,Pickup,Black,2281000.0,2.4,99,156,No,15.9,328,1
Ford,FOR635,Petrol,Manual,Coupe,Blue,4029000.0,3.4,178,222,No,19.8,364,1
Ford,FOR538,Petrol,Manual,Pickup,White,3159000.0,1.3,205,212,No,18.4,614,1
Ford,FOR524,Petrol,Manual,SUV,Red,4152000.0,1.4,196,162,Yes,17.1,479,1
Mahindra,MAH958,Hybrid,Manual,Pickup,Black,2870000.0,1.6,123,189,No,21.3,409,1
Kia,KIA370,Diesel,Automatic,Pickup,Green,2631000.0,2.3,240,158,Yes,15.1,273,1
Audi,AUD140,Diesel,Manual,Sedan,Silver,14970000.0,4.3,423,244,No,18.2,98,0
Honda,HON171,Diesel,Manual,Sedan,White,3481000.0,2.7,97,206,No,14.0,400,1
Ford,FOR463,Petrol,Automatic,SUV,Black,2849000.0,2.7,158,175,No,12.5,562,1
Toyota,TOY517,Petrol,Automatic,Sedan,Green,4132000.0,2.2,157,196,No,19.5,320,1
Mercedes,MER964,Diesel,Automatic,Pickup,Blue,9389000.0,3.3,394,222,Yes,12.9,30,0
Kia,KIA890,Hybrid,Manual,Hatchback,Black,3235000.0,2.4,230,176,No,22.8,420,1
Kia,KIA675,Hybrid,Manual,Coupe,Grey,2235000.0,3.2,117,209,No,21.9,328,1
Toyota,TOY863,Hybrid,Manual,Coupe,White,2587000.0,2.0,226,218,Yes,27.2,631,1
Kia,KIA649,Petrol,Manual,Coupe,Red,4520000.0,3.3,142,246,Yes,12.2,474,1
Maruti Suzuki,MAR426,Petrol,Automatic,SUV,White,994000.0,1.3,78,156,Yes,15.5,561,1
Hyundai,HYU195,Diesel,Automatic,Hatchback,Green,4181000.0,3.3,197,156,No,19.5,447,1
Kia,KIA128,Diesel,Manual,Sedan,Grey,1635000.0,2.5,108,151,No,14.4,281,1
Toyota,TOY954,Diesel,Manual,Coupe,Black,2506000.0,2.6,220,233,No,14.1,289,1
Tata,TAT768,Diesel,Automatic,Pickup,Green,1741000.0,1.6,79,153,No,17.8,207,1
Hyundai,HYU271,Diesel,Manual,SUV,Grey,1366000.0,1.2,163,150,No,17.3,499,1
Tata,TAT513,Diesel,Automatic,Hatchback,White,884000.0,1.5,66,121,No,12.4,286,1
Toyota,TOY988,Petrol,Automatic,Pickup,Blue,4132000.0,1.5,203,145,No,12.9,30,0
Audi,AUD159,Petrol,Automatic,Hatchback,White,19887000.0,4.8,390,222,No,15.6,369,1
Audi,AUD759,Petrol,Automatic,Pickup,Black,11319000.0,4.8,342,220,Yes,13.9,164,1
Audi,AUD693,Hybrid,Automatic,Coupe,White,6988000.0,4.5,187,300,No,21.4,30,0
Ford,FOR107,Diesel,Manual,Sedan,Green,4181000.0,2.9,116,185,No,14.5,392,1
Hyundai,HYU504,Petrol,Automatic,Coupe,Grey,2458000.0,2.1,117,206,Yes,19.0,511,1
Mercedes,MER160,Petrol,Manual,Hatchback,White,12300000.0,4.9,435,190,Yes,13.4,155,0
Hyundai,HYU634,Petrol,Manual,Coupe,Silver,1397000.0,1.8,185,235,No,13.1,702,1
Maruti Suzuki,MAR544,Hybrid,Automatic,Hatchback,Red,829000.0,1.9,105,155,Yes,27.7,828,1
Honda,HON829,Petrol,Automatic,Pickup,Silver,2538000.0,1.8,206,173,Yes,19.9,387,1
Ford,FOR549,Petrol,Manual,Coupe,White,2981000.0,3.3,239,196,Yes,18.4,471,1
Ford,FOR509,Petrol,Automatic,SUV,Grey,2986000.0,2.9,164,158,No,13.6,330,1
Toyota,TOY960,Petrol,Automatic,Hatchback,Black,2973000.0,2.9,186,195,No,14.3,309,1
Maruti Suzuki,MAR493,Petrol,Manual,SUV,Green,2037000.0,2.0,84,120,Yes,13.4,596,1
Mercedes,MER217,Petrol,Manual,Pickup,Blue,14660000.0,3.8,392,197,No,18.1,32,0
Maruti Suzuki,MAR675,Petrol,Automatic,Coupe,White,1394000.0,1.1,87,172,Yes,15.4,777,1
Ford,FOR955,Petrol,Manual,Pickup,Black,3920000.0,2.6,120,186,No,16.0,208,1
Honda,HON379,Petrol,Manual,Sedan,Black,2248000.0,1.4,105,173,Yes,14.4,412,1
Tata,TAT262,Diesel,Automatic,SUV,Green,2113000.0,1.4,105,151,Yes,17.6,690,1
Maruti Suzuki,MAR393,Hybrid,Manual,Coupe,Silver,1138000.0,1.1,100,120,No,24.8,617,1
Mercedes,MER855,Petrol,Manual,Sedan,Blue,9242000.0,3.9,444,212,Yes,18.5,30,0
Kia,KIA586,Diesel,Manual,Sedan,Green,4930000.0,3.2,215,163,No,16.4,881,1
Mercedes,MER595,Diesel,Manual,Sedan,Green,8252000.0,3.3,310,238,No,19.2,157,1
Mahindra,MAH492,Petrol,Automatic,SUV,Grey,3846000.0,1.6,189,141,Yes,15.2,292,1
BMW,BMW871,Diesel,Automatic,Pickup,Black,15216000.0,2.3,294,201,No,19.2,195,0
Audi,AUD859,Petrol,Manual,Sedan,Blue,6742000.0,3.9,270,227,No,12.3,326,1
Mahindra,MAH692,Diesel,Automatic,Pickup,White,1854000.0,2.8,123,208,Yes,12.5,562,1
Mercedes,MER660,Petrol,Automatic,Pickup,Blue,8574000.0,3.8,376,202,Yes,18.6,113,0
Tata,TAT310,Petrol,Manual,SUV,Red,1559000.0,1.4,93,154,Yes,13.3,245,1
Tata,TAT547,Diesel,Manual,Pickup,Black,1292000.0,1.8,88,176,Yes,14.3,341,1
Ford,FOR525,Diesel,Manual,Pickup,Red,2944000.0,3.0,177,183,Yes,12.4,122,1
BMW,BMW851,Petrol,Automatic,Pickup,Green,18112000.0,2.9,418,227,No,14.7,149,0
Ford,FOR841,Petrol,Manual,SUV,Blue,3589000.0,3.1,231,152,No,14.7,303,1
Kia,KIA527,Petrol,Manual,Coupe,Red,3529000.0,3.2,151,231,Yes,17.0,333,1
Mahindra,MAH396,Hybrid,Automatic,Hatchback,Silver,2454000.0,1.5,203,208,No,26.9,317,1
Mercedes,MER997,Petrol,Automatic,Coupe,White,14274000.0,2.3,406,266,Yes,17.5,90,0
Ford,FOR316,Hybrid,Automatic,Coupe,Black,4285000.0,1.4,234,188,Yes,23.9,736,1
Tata,TAT158,Petrol,Manual,Pickup,Blue,1761000.0,1.8,67,168,No,15.9,526,1
Toyota,TOY951,Hybrid,Manual,SUV,Silver,2791000.0,2.2,171,215,No,25.5,524,1
Toyota,TOY348,Petrol,Automatic,Coupe,White,3674000.0,2.6,180,240,Yes,18.6,489,1
Hyundai,HYU655,Diesel,Manual,Hatchback,Black,1967000.0,3.2,156,160,No,19.0,748,1
BMW,BMW123,Petrol,Automatic,Sedan,Grey,7733000.0,2.0,313,187,Yes,18.0,206,1
Audi,AUD124,Petrol,Manual,Coupe,Black,8017000.0,3.3,203,234,No,18.3,311,1
BMW,BMW861,Petrol,Automatic,Coupe,Red,18398000.0,4.0,398,213,No,14.0,103,0
Mercedes,MER950,Petrol,Automatic,SUV,Green,17599000.0,4.1,352,226,No,15.3,154,0
Honda,HON623,Diesel,Manual,Pickup,Blue,3900000.0,2.0,137,209,No,18.4,749,1
Audi,AUD614,Diesel,Manual,SUV,White,9927000.0,2.4,238,225,Yes,15.1,177,1
Toyota,TOY304,Hybrid,Manual,SUV,Black,3494000.0,2.0,116,142,No,23.9,579,1
Tata,TAT966,Diesel,Automatic,SUV,Blue,1929000.0,1.2,72,178,No,12.2,400,1
Hyundai,HYU422,Petrol,Automatic,Coupe,Black,1627000.0,3.3,112,218,Yes,14.2,709,1
Honda,HON746,Diesel,Manual,Hatchback,Green,1344000.0,1.3,108,145,Yes,18.1,129,1
Mahindra,MAH269,Petrol,Manual,SUV,White,3219000.0,3.3,235,197,Yes,19.1,270,1
Audi,AUD491,Petrol,Automatic,SUV,Red,9467000.0,3.1,345,223,Yes,15.9,275,1
Hyundai,HYU104,Diesel,Manual,Coupe,Black,4067000.0,2.2,206,198,Yes,12.8,544,1
Toyota,TOY420,Petrol,Manual,Hatchback,Black,2244000.0,2.1,92,205,No,14.9,288,1
Ford,FOR316,Diesel,Automatic,Hatchback,Silver,2210000.0,3.2,187,216,No,20.0,371,1
Kia,KIA515,Diesel,Manual,Pickup,Grey,2627000.0,1.9,227,219,Yes,17.0,443,1
Ford,FOR618,Petrol,Manual,Sedan,Green,2732000.0,2.5,223,195,No,12.2,447,1
Audi,AUD648,Diesel,Manual,SUV,White,8216000.0,2.4,242,243,Yes,12.3,144,1
Mahindra,MAH766,Petrol,Automatic,Pickup,White,3195000.0,2.4,124,153,No,13.9,145,1
Ford,FOR114,Petrol,Automatic,Coupe,Silver,3047000.0,1.8,241,212,Yes,12.5,215,1
Toyota,TOY958,Petrol,Automatic,Sedan,Grey,3291000.0,1.8,181,201,No,19.4,579,1
BMW,BMW351,Hybrid,Automatic,Coupe,Green,8410000.0,3.0,305,311,Yes,29.0,103,0
Hyundai,HYU866,Electric,Manual,SUV,Silver,2334000.0,1.5,191,215,Yes,40.0,548,1
Honda,HON745,Petrol,Manual,Pickup,Grey,2838000.0,2.6,227,149,No,17.5,250,1
Maruti Suzuki,MAR467,Petrol,Manual,Coupe,Red,1199000.0,1.1,101,135,Yes,14.5,538,1
Mercedes,MER883,Diesel,Automatic,Sedan,Grey,7906000.0,4.6,313,220,Yes,16.6,30,0
Kia,KIA165,Diesel,Automatic,Coupe,White,3125000.0,1.5,106,229,No,13.7,294,1
Hyundai,HYU730,Electric,Automatic,SUV,Grey,2355000.0,2.3,161,196,No,34.4,752,1
Mercedes,MER991,Petrol,Automatic,Sedan,Silver,8703000.0,3.0,298,201,Yes,19.9,336,1
Ford,FOR830,Hybrid,Manual,SUV,Red,3276000.0,1.6,90,143,No,22.4,363,1
Honda,HON337,Petrol,Automatic,Hatchback,Red,4129000.0,2.9,124,171,Yes,16.1,298,1
Hyundai,HYU735,Petrol,Manual,Coupe,Silver,4551000.0,3.1,235,215,No,17.6,574,1
Toyota,TOY442,Diesel,Manual,Hatchback,Grey,2228000.0,2.2,191,160,No,12.4,255,1
Honda,HON145,Petrol,Automatic,SUV,Grey,1179000.0,1.3,91,148,Yes,13.9,338,1
Toyota,TOY362,Petrol,Manual,Hatchback,Blue,3517000.0,3.2,198,163,No,16.5,342,1
Toyota,TOY448,Hybrid,Manual,SUV,Red,3974000.0,2.9,196,209,Yes,28.7,151,1
BMW,BMW215,Diesel,Automatic,Hatchback,White,12911000.0,4.5,181,249,No,13.5,529,1
Tata,TAT643,Diesel,Manual,Pickup,Silver,1400000.0,1.9,73,148,Yes,13.1,322,1
Mercedes,MER340,Petrol,Manual,SUV,Grey,10864000.0,3.1,448,249,No,12.9,142,0
Audi,AUD317,Hybrid,Automatic,Sedan,Red,11132000.0,2.2,188,187,Yes,29.7,177,1
Ford,FOR969,Diesel,Manual,Coupe,Green,2934000.0,2.5,125,232,Yes,14.5,254,1
Maruti Suzuki,MAR809,Diesel,Automatic,Hatchback,Silver,2138000.0,1.7,86,167,No,18.5,454,1
Maruti Suzuki,MAR391,Petrol,Manual,Pickup,Red,1950000.0,1.2,62,147,No,18.4,409,1
Honda,HON905,Petrol,Automatic,Sedan,Green,4245000.0,3.3,175,148,No,16.7,420,1
Ford,FOR716,Diesel,Manual,Pickup,White,1758000.0,1.2,184,210,No,17.4,370,1
Ford,FOR839,Diesel,Manual,Coupe,White,4267000.0,1.3,234,236,Yes,14.5,407,1
Tata,TAT328,Petrol,Manual,Hatchback,Red,778000.0,1.5,81,167,Yes,18.1,731,1
Honda,HON865,Petrol,Manual,Sedan,Black,3940000.0,1.2,219,215,No,18.3,456,1
Ford,FOR891,Petrol,Manual,SUV,Silver,3752000.0,3.5,153,166,No,17.0,324,1
Maruti Suzuki,MAR838,Petrol,Automatic,Hatchback,White,2088000.0,1.9,108,145,No,17.1,595,1
Toyota,TOY210,Petrol,Automatic,Coupe,White,1753000.0,1.6,90,230,Yes,12.9,574,1
Kia,KIA339,Petrol,Manual,Sedan,Grey,2111000.0,1.9,179,171,No,17.4,32,1
Kia,KIA781,Diesel,Manual,Hatchback,Grey,2275000.0,1.4,233,195,Yes,13.0,348,1
Kia,KIA565,Petrol,Manual,SUV,Blue,1890000.0,3.4,198,173,No,17.6,466,1
Tata,TAT947,Petrol,Manual,Sedan,Red,1296000.0,1.4,60,175,Yes,16.8,606,1
Ford,FOR954,Diesel,Manual,Pickup,Grey,2442000.0,3.3,236,219,Yes,19.0,400,1
Kia,KIA229,Petrol,Manual,SUV,White,2113000.0,1.4,246,163,Yes,19.0,403,1
Honda,HON400,Hybrid,Automatic,SUV,Red,1265000.0,1.2,164,159,Yes,26.9,332,1
Maruti Suzuki,MAR209,Petrol,Manual,SUV,White,823000.0,1.4,71,167,No,15.3,618,1
Mahindra,MAH689,Diesel,Manual,Hatchback,Grey,1599000.0,2.3,104,150,No,13.9,224,1
Maruti Suzuki,MAR721,Petrol,Automatic,SUV,Silver,1054000.0,1.5,103,179,No,13.1,749,1
Honda,HON712,Hybrid,Manual,Hatchback,Green,1773000.0,2.8,223,207,No,26.8,452,1
BMW,BMW182,Electric,Automatic,Coupe,Green,19765000.0,4.9,408,237,Yes,27.9,343,1
Maruti Suzuki,MAR528,Petrol,Manual,Sedan,Green,1528000.0,1.5,112,126,No,14.1,544,1
Hyundai,HYU757,Electric,Automatic,Pickup,Green,2419000.0,2.1,189,152,No,37.9,584,1
Audi,AUD683,Diesel,Automatic,SUV,Silver,12185000.0,4.8,306,199,No,13.1,251,1
BMW,BMW832,Diesel,Manual,Sedan,Black,7037000.0,3.2,339,199,Yes,13.4,227,1
Toyota,TOY351,Petrol,Manual,Hatchback,Blue,4005000.0,3.4,106,152,Yes,19.7,456,1
Audi,AUD908,Petrol,Manual,SUV,White,8995000.0,4.0,201,196,No,18.2,225,1
BMW,BMW465,Diesel,Automatic,Pickup,Black,13116000.0,4.8,295,240,No,15.6,362,1
Maruti Suzuki,MAR426,Petrol,Manual,Hatchback,White,1911000.0,1.2,97,124,No,18.7,550,1
Tata,TAT177,Diesel,Manual,Hatchback,Silver,822000.0,1.1,84,154,Yes,18.8,491,1
Toyota,TOY360,Petrol,Automatic,Pickup,Black,1751000.0,2.9,180,175,Yes,14.5,462,1
Mahindra,MAH817,Diesel,Manual,Coupe,Red,3014000.0,2.0,211,218,No,19.0,64,1
Toyota,TOY656,Petrol,Automatic,SUV,Blue,3923000.0,2.5,123,189,Yes,14.9,439,1
Ford,FOR678,Petrol,Manual,SUV,White,4140000.0,2.2,206,147,Yes,15.2,275,1
Honda,HON369,Petrol,Manual,Pickup,Black,2670000.0,2.7,211,199,Yes,16.1,335,1
Ford,FOR901,Diesel,Manual,SUV,Green,3612000.0,2.2,109,185,No,19.6,405,1
BMW,BMW427,Petrol,Automatic,SUV,Blue,14622000.0,4.8,295,203,Yes,19.8,454,1
Honda,HON287,Electric,Automatic,Hatchback,Grey,3873000.0,1.9,164,173,Yes,27.2,434,1
Honda,HON780,Diesel,Automatic,Hatchback,Green,3830000.0,1.6,177,141,No,18.1,525,1
Tata,TAT959,Petrol,Automatic,Pickup,Green,1502000.0,1.6,63,132,No,12.6,630,1
Kia,KIA939,Petrol,Manual,Hatchback,Red,3303000.0,2.6,177,161,Yes,14.0,134,1
Audi,AUD146,Petrol,Automatic,Hatchback,Black,8256000.0,4.5,346,193,No,13.4,305,1
Tata,TAT195,Petrol,Manual,Sedan,White,1609000.0,1.4,75,178,No,18.4,585,1
Mercedes,MER238,Diesel,Manual,Pickup,Grey,10696000.0,4.5,384,200,Yes,15.4,196,1
BMW,BMW330,Diesel,Manual,Hatchback,Black,14441000.0,2.8,401,249,No,12.6,247,1
Audi,AUD580,Petrol,Automatic,Hatchback,Green,12971000.0,4.4,393,233,Yes,14.8,586,1
Audi,AUD119,Petrol,Automatic,Sedan,White,18115000.0,3.0,429,198,Yes,19.9,86,0
Mahindra,MAH342,Petrol,Manual,Sedan,White,3561000.0,2.3,188,161,No,14.2,483,1
Mahindra,MAH330,Diesel,Automatic,Pickup,White,3176000.0,1.4,226,188,Yes,19.7,193,1
Tata,TAT197,Petrol,Manual,Coupe,White,1610000.0,1.2,88,158,Yes,12.2,433,1
Kia,KIA252,Petrol,Manual,Pickup,White,2759000.0,1.5,197,187,No,14.4,115,1
Ford,FOR330,Electric,Automatic,Sedan,White,1304000.0,1.4,152,152,Yes,30.7,468,1
Kia,KIA902,Petrol,Automatic,Sedan,White,2119000.0,2.0,188,208,No,18.0,670,1
Tata,TAT565,Petrol,Automatic,Pickup,Red,1455000.0,1.4,81,172,No,12.3,475,1
Honda,HON775,Petrol,Automatic,Hatchback,Green,3059000.0,2.3,106,162,No,19.1,459,1
Kia,KIA713,Petrol,Automatic,Coupe,Black,2849000.0,2.2,101,229,No,17.6,382,1
Mercedes,MER306,Petrol,Manual,Hatchback,Black,10486000.0,3.8,243,245,Yes,16.7,562,1
Kia,KIA233,Diesel,Automatic,Pickup,Silver,2493000.0,2.2,218,152,No,14.3,174,1
Honda,HON634,Diesel,Manual,Pickup,Blue,3702000.0,1.5,212,145,No,12.1,620,1
Maruti Suzuki,MAR757,Electric,Manual,Pickup,Green,2057000.0,1.6,81,133,No,34.3,638,1
Hyundai,HYU741,Hybrid,Automatic,Sedan,Black,4597000.0,2.7,160,179,No,26.8,550,1
Hyundai,HYU135,Hybrid,Automatic,Sedan,Silver,1560000.0,2.0,102,145,Yes,22.0,774,1
Audi,AUD454,Hybrid,Automatic,SUV,Red,9875000.0,3.0,202,218,No,22.7,238,1
Audi,AUD998,Petrol,Automatic,Sedan,Green,13379000.0,4.9,210,194,No,15.8,205,1
Mercedes,MER652,Electric,Automatic,Coupe,White,13786000.0,2.3,194,302,Yes,38.9,306,1
Ford,FOR463,Diesel,Automatic,Sedan,Silver,1421000.0,1.5,95,148,Yes,13.7,354,1
Ford,FOR116,Petrol,Automatic,Pickup,Silver,4141000.0,3.0,175,203,No,16.8,361,1
Audi,AUD971,Petrol,Manual,Coupe,Green,9726000.0,3.7,324,298,Yes,19.9,467,1
Maruti Suzuki,MAR393,Hybrid,Automatic,SUV,Blue,777000.0,1.8,82,122,No,23.6,526,1
BMW,BMW104,Diesel,Manual,Sedan,Black,12983000.0,2.4,429,185,Yes,19.4,99,0
Toyota,TOY632,Petrol,Manual,Sedan,Black,2858000.0,2.9,186,193,No,15.1,582,1
Mahindra,MAH867,Diesel,Manual,Hatchback,White,3174000.0,3.5,124,173,Yes,14.3,413,1
Hyundai,HYU228,Petrol,Manual,SUV,Grey,1896000.0,1.4,91,174,Yes,15.3,664,1
Tata,TAT463,Petrol,Manual,Coupe,Red,2156000.0,1.5,75,173,No,15.9,375,1
Maruti Suzuki,MAR861,Petrol,Manual,Pickup,Blue,1289000.0,1.9,95,140,No,17.0,630,1
Hyundai,HYU284,Diesel,Manual,Hatchback,Red,3991000.0,1.8,170,216,Yes,13.4,666,1
Hyundai,HYU672,Petrol,Automatic,Hatchback,White,3285000.0,2.0,140,194,Yes,13.7,772,1
Honda,HON170,Diesel,Manual,Coupe,Silver,2273000.0,1.6,91,247,No,15.5,251,1
BMW,BMW246,Petrol,Automatic,SUV,Blue,14836000.0,4.4,210,243,No,13.6,307,1
Mahindra,MAH652,Hybrid,Manual,Coupe,White,3983000.0,3.5,231,246,Yes,23.4,519,1
Mahindra,MAH314,Electric,Manual,Sedan,Red,1923000.0,2.7,141,167,No,34.9,300,1
Mahindra,MAH740,Hybrid,Manual,Hatchback,Black,2946000.0,3.1,114,203,No,20.6,383,1
Tata,TAT449,Diesel,Automatic,Sedan,Grey,1901000.0,1.3,79,152,No,13.7,336,1
Mercedes,MER667,Petrol,Manual,SUV,Blue,15065000.0,4.3,219,212,Yes,18.2,376,1
BMW,BMW882,Petrol,Manual,Coupe,White,6058000.0,3.8,221,299,No,14.8,33,0
Kia,KIA354,Diesel,Automatic,Coupe,Blue,2322000.0,3.1,98,207,No,15.0,422,1
Ford,FOR630,Petrol,Automatic,Sedan,Grey,3464000.0,1.3,204,182,No,19.2,312,1
BMW,BMW175,Petrol,Manual,Coupe,Grey,9633000.0,3.7,315,258,Yes,15.6,348,1
Kia,KIA844,Petrol,Manual,Sedan,Black,3044000.0,3.4,131,194,No,19.5,237,1
Ford,FOR479,Petrol,Manual,Pickup,Blue,4018000.0,3.2,222,168,No,16.8,368,1
Honda,HON962,Petrol,Automatic,SUV,Red,2298000.0,2.9,174,172,No,14.2,268,1
Ford,FOR948,Petrol,Automatic,Pickup,White,3677000.0,1.4,96,157,Yes,19.8,309,1
Mercedes,MER840,Hybrid,Automatic,Pickup,Green,13940000.0,2.4,207,187,No,25.7,253,1
Toyota,TOY533,Petrol,Automatic,Coupe,Blue,4026000.0,2.0,246,210,Yes,13.2,696,1
Tata,TAT136,Diesel,Automatic,SUV,Blue,1960000.0,1.5,95,136,Yes,17.2,443,1
BMW,BMW168,Petrol,Automatic,Coupe,Red,16777000.0,2.1,419,267,Yes,14.0,246,1
Hyundai,HYU607,Petrol,Manual,Hatchback,Green,2152000.0,1.6,129,206,Yes,16.9,641,1
Honda,HON511,Diesel,Manual,Pickup,Green,3665000.0,1.7,109,140,Yes,16.1,559,1
Audi,AUD673,Diesel,Automatic,Coupe,Green,14099000.0,2.0,400,236,Yes,13.2,194,0
Mahindra,MAH829,Petrol,Automatic,Pickup,Red,2102000.0,2.3,157,163,No,13.4,191,1
Tata,TAT920,Petrol,Automatic,Coupe,White,921000.0,1.2,68,153,Yes,16.8,647,1
Maruti Suzuki,MAR716,Diesel,Manual,Coupe,Red,1757000.0,1.7,77,139,No,17.5,425,1
Mahindra,MAH194,Petrol,Manual,SUV,Grey,2252000.0,1.8,104,206,Yes,18.8,208,1
Mahindra,MAH370,Petrol,Automatic,Hatchback,Silver,1967000.0,1.3,208,156,Yes,15.1,388,1
Ford,FOR430,Petrol,Manual,Coupe,Silver,1869000.0,2.0,111,185,No,19.9,435,1
Hyundai,HYU532,Petrol,Automatic,SUV,Black,3645000.0,2.4,212,207,Yes,18.5,369,1
BMW,BMW123,Petrol,Manual,Coupe,Blue,19836000.0,4.0,438,224,Yes,18.9,474,1
Audi,AUD730,Diesel,Manual,SUV,Silver,10037000.0,5.0,222,216,No,18.3,72,0
Mercedes,MER902,Diesel,Automatic,SUV,Silver,17435000.0,3.3,343,183,Yes,18.7,30,0
Ford,FOR432,Petrol,Manual,SUV,Red,3051000.0,2.1,92,187,Yes,12.1,273,1
Hyundai,HYU416,Petrol,Manual,Hatchback,Silver,2942000.0,1.3,140,151,Yes,16.6,472,1
BMW,BMW365,Diesel,Manual,Sedan,Red,13569000.0,4.2,248,186,No,12.6,344,1
Honda,HON629,Diesel,Automatic,Sedan,Blue,1839000.0,1.8,106,188,Yes,17.4,434,1
BMW,BMW214,Petrol,Automatic,SUV,Blue,14527000.0,4.6,311,189,No,14.3,415,1
Maruti Suzuki,MAR468,Diesel,Manual,Pickup,Grey,1512000.0,1.7,98,172,No,16.7,836,1
Mahindra,MAH656,Petrol,Manual,Coupe,Red,3729000.0,1.8,198,243,Yes,15.1,408,1
Ford,FOR202,Hybrid,Manual,Pickup,Red,1550000.0,2.5,110,217,No,28.1,484,1
Audi,AUD256,Diesel,Manual,Pickup,White,6585000.0,2.4,340,204,No,12.3,30,0
Tata,TAT971,Petrol,Automatic,Hatchback,Green,812000.0,1.8,114,165,Yes,18.6,624,1
Hyundai,HYU831,Diesel,Automatic,Hatchback,White,1876000.0,1.8,123,201,Yes,19.6,644,1
Toyota,TOY255,Diesel,Automatic,Hatchback,Green,3274000.0,2.1,158,146,No,12.3,453,1
Honda,HON271,Diesel,Automatic,Hatchback,Green,3560000.0,2.2,178,184,Yes,14.2,78,1
Mercedes,MER305,Diesel,Automatic,SUV,Blue,11114000.0,4.5,301,222,Yes,19.2,30,0
Ford,FOR938,Diesel,Manual,Pickup,Red,4332000.0,3.2,133,142,No,14.1,420,1
Maruti Suzuki,MAR221,Petrol,Automatic,Sedan,White,1511000.0,1.1,68,129,No,17.0,561,1
Mahindra,MAH808,Diesel,Manual,Hatchback,Green,4346000.0,3.2,240,156,No,14.5,196,1
Mahindra,MAH465,Petrol,Manual,Sedan,Red,4512000.0,2.5,208,179,No,12.2,108,1
Maruti Suzuki,MAR220,Petrol,Manual,SUV,White,709000.0,1.5,103,132,No,17.8,545,1
BMW,BMW646,Petrol,Manual,Coupe,Silver,14745000.0,3.2,363,291,No,19.9,440,1
Honda,HON541,Hybrid,Manual,Hatchback,Grey,2292000.0,2.1,116,156,Yes,26.9,421,1
Mahindra,MAH634,Petrol,Automatic,Pickup,Grey,1884000.0,1.9,162,163,No,13.9,412,1
Audi,AUD114,Hybrid,Manual,Hatchback,Blue,12669000.0,2.0,325,235,No,22.7,496,1
Audi,AUD159,Diesel,Manual,SUV,Blue,12740000.0,3.3,273,238,Yes,18.1,400,1
Audi,AUD437,Hybrid,Automatic,Sedan,Black,7629000.0,2.3,199,186,No,25.8,227,1
Audi,AUD486,Diesel,Automatic,Sedan,Red,14738000.0,2.9,386,232,No,14.0,188,0
Tata,TAT278,Hybrid,Automatic,Coupe,Red,1810000.0,1.7,83,132,No,25.2,532,1
Hyundai,HYU379,Petrol,Manual,Hatchback,Red,2052000.0,2.8,158,187,Yes,17.9,648,1
Tata,TAT847,Petrol,Manual,Sedan,Black,1513000.0,1.8,103,156,No,13.2,494,1
BMW,BMW244,Diesel,Manual,Pickup,Silver,9896000.0,4.3,374,189,No,19.0,80,0
Mahindra,MAH877,Hybrid,Manual,SUV,Grey,2133000.0,3.0,163,166,No,21.6,372,1
Toyota,TOY674,Electric,Manual,Sedan,Green,2631000.0,1.5,108,145,No,36.2,251,1
Kia,KIA954,Hybrid,Manual,Coupe,Silver,3253000.0,1.3,179,185,No,29.0,391,1
Tata,TAT252,Hybrid,Automatic,SUV,Black,2239000.0,1.8,109,154,No,23.1,584,1
Mahindra,MAH815,Petrol,Manual,Sedan,Blue,2083000.0,2.0,190,153,No,14.1,65,1
Audi,AUD883,Petrol,Manual,Sedan,White,14816000.0,4.8,381,226,Yes,16.7,221,1
Mercedes,MER189,Petrol,Automatic,Coupe,Black,11668000.0,2.6,421,229,No,12.7,93,0
Mercedes,MER391,Hybrid,Manual,SUV,White,8082000.0,2.1,217,192,No,20.5,281,1
Ford,FOR439,Petrol,Manual,Sedan,Red,3675000.0,3.1,149,209,Yes,13.7,216,1
Ford,FOR761,Electric,Automatic,Coupe,Green,3369000.0,2.2,188,233,Yes,33.2,283,1
Mahindra,MAH512,Diesel,Manual,Coupe,Blue,3648000.0,3.4,137,205,Yes,17.7,124,1
Tata,TAT675,Petrol,Automatic,Sedan,Black,1196000.0,1.5,85,130,No,19.4,560,1
BMW,BMW262,Diesel,Manual,Coupe,Black,15186000.0,3.4,363,307,Yes,13.1,291,1
Audi,AUD612,Diesel,Automatic,Pickup,Red,15004000.0,2.1,445,211,Yes,14.9,30,0
Ford,FOR404,Hybrid,Manual,Coupe,White,2273000.0,1.6,216,246,No,24.1,655,1
Mercedes,MER785,Petrol,Manual,Sedan,Grey,9958000.0,3.7,195,228,No,12.4,166,1
Tata,TAT310,Petrol,Automatic,Sedan,Black,1959000.0,1.8,74,139,No,15.9,261,1
Hyundai,HYU177,Petrol,Manual,Sedan,Grey,2848000.0,1.9,98,140,No,12.8,658,1
Mercedes,MER811,Petrol,Automatic,Sedan,White,16605000.0,4.9,295,215,Yes,13.2,30,0
Kia,KIA458,Petrol,Automatic,Pickup,Red,3498000.0,3.3,121,201,Yes,12.2,374,1
Mercedes,MER720,Petrol,Manual,Coupe,Black,8799000.0,2.3,275,220,No,15.0,30,0
Hyundai,HYU416,Petrol,Manual,Pickup,Grey,3771000.0,3.3,154,155,No,14.2,444,1
Mercedes,MER709,Petrol,Manual,SUV,Blue,15869000.0,3.7,302,190,No,15.6,225,0
Hyundai,HYU609,Hybrid,Manual,Pickup,White,3740000.0,1.4,172,158,Yes,24.1,537,1
BMW,BMW164,Diesel,Automatic,Sedan,Silver,15558000.0,3.6,270,194,No,18.4,163,0
Hyundai,HYU403,Electric,Automatic,Hatchback,Green,2206000.0,2.0,243,181,No,31.0,888,1
Kia,KIA671,Petrol,Automatic,Pickup,Silver,3184000.0,3.0,144,154,No,16.7,536,1
Maruti Suzuki,MAR746,Petrol,Manual,SUV,Blue,1929000.0,1.4,64,177,Yes,15.5,744,1
Maruti Suzuki,MAR172,Petrol,Automatic,SUV,Blue,1654000.0,1.7,92,132,No,18.0,635,1
Hyundai,HYU234,Petrol,Automatic,Coupe,Blue,2456000.0,1.5,103,203,No,14.5,755,1
Mercedes,MER842,Petrol,Manual,Coupe,Silver,18868000.0,4.4,358,262,Yes,13.3,192,0
Kia,KIA313,Diesel,Automatic,Pickup,Silver,1883000.0,2.3,229,210,Yes,12.1,380,1
Mahindra,MAH478,Hybrid,Manual,Coupe,Green,3580000.0,1.8,96,239,Yes,28.6,518,1
Ford,FOR830,Diesel,Manual,Hatchback,Red,4504000.0,3.0,232,184,No,19.7,632,1
Audi,AUD893,Petrol,Manual,Hatchback,Red,17041000.0,2.3,409,214,No,15.1,164,0
BMW,BMW741,Petrol,Manual,Hatchback,Blue,12047000.0,4.6,237,209,No,19.5,271,1
Kia,KIA140,Petrol,Automatic,Hatchback,Silver,2629000.0,2.0,160,181,No,17.1,316,1
Ford,FOR172,Diesel,Manual,SUV,Silver,3871000.0,2.4,144,192,No,17.7,558,1
Honda,HON708,Diesel,Manual,Sedan,Silver,2613000.0,1.3,117,162,Yes,14.3,327,1
Hyundai,HYU458,Diesel,Manual,Pickup,Grey,2293000.0,2.4,124,210,No,12.7,683,1
Kia,KIA939,Petrol,Manual,Coupe,White,3136000.0,3.2,188,200,No,15.4,304,1
BMW,BMW516,Diesel,Automatic,Hatchback,Red,13289000.0,2.0,187,237,Yes,13.6,363,1
Honda,HON108,Petrol,Manual,SUV,Grey,1496000.0,1.7,158,198,Yes,17.0,453,1
Mahindra,MAH429,Petrol,Automatic,Coupe,Red,4516000.0,3.1,141,248,No,17.7,59,0
Audi,AUD491,Petrol,Manual,SUV,White,5259000.0,2.1,225,230,Yes,13.5,113,1
Mahindra,MAH258,Petrol,Automatic,Pickup,Silver,4423000.0,2.0,235,215,No,12.0,303,1
Maruti Suzuki,MAR425,Diesel,Manual,Pickup,Green,1300000.0,1.0,114,151,No,12.6,560,1
Mahindra,MAH355,Hybrid,Manual,SUV,Black,4835000.0,2.8,228,169,Yes,20.4,169,1
Audi,AUD577,Diesel,Automatic,Sedan,Grey,16881000.0,2.1,435,205,No,12.1,289,1
Honda,HON863,Hybrid,Automatic,Coupe,Black,3420000.0,2.9,118,247,No,26.4,257,1
Maruti Suzuki,MAR513,Diesel,Manual,SUV,Grey,1955000.0,1.5,84,178,No,16.7,681,1
Mahindra,MAH169,Petrol,Manual,Hatchback,Green,1212000.0,1.3,122,154,No,14.0,590,1
Maruti Suzuki,MAR111,Diesel,Manual,SUV,Black,1066000.0,1.4,85,125,Yes,12.3,663,1
Maruti Suzuki,MAR390,Diesel,Manual,Hatchback,Blue,1367000.0,1.6,109,145,Yes,17.1,898,1
Honda,HON502,Petrol,Automatic,Coupe,White,4687000.0,3.1,158,225,No,13.4,501,1
Ford,FOR821,Diesel,Automatic,Hatchback,White,3312000.0,3.3,155,219,No,16.6,356,1
Honda,HON309,Petrol,Manual,Coupe,Black,1540000.0,2.5,133,182,Yes,18.6,580,1
Tata,TAT314,Diesel,Manual,Coupe,Black,1058000.0,1.2,118,141,Yes,16.8,401,1
BMW,BMW481,Petrol,Manual,Pickup,Black,14385000.0,3.7,426,227,No,15.2,212,1
Maruti Suzuki,MAR219,Petrol,Automatic,Pickup,Silver,1592000.0,2.0,97,169,No,17.2,642,1
Audi,AUD625,Petrol,Manual,Pickup,Green,16514000.0,4.8,253,191,Yes,15.9,99,0
BMW,BMW939,Electric,Manual,Hatchback,Red,6256000.0,3.0,441,228,Yes,31.0,361,1
Ford,FOR692,Petrol,Manual,Hatchback,Black,1842000.0,2.0,117,148,Yes,19.3,326,1
Tata,TAT694,Hybrid,Automatic,Sedan,Grey,1267000.0,1.2,78,132,Yes,27.7,439,1
Honda,HON377,Hybrid,Manual,Sedan,Grey,3705000.0,2.7,151,212,Yes,29.7,373,1
Ford,FOR354,Petrol,Manual,SUV,Silver,2706000.0,1.4,159,186,No,16.2,259,1
Toyota,TOY967,Petrol,Manual,SUV,Green,2679000.0,2.4,243,156,Yes,17.2,258,1
Toyota,TOY376,Petrol,Automatic,Hatchback,Red,1408000.0,1.6,180,196,Yes,13.6,418,1
Audi,AUD306,Petrol,Manual,Coupe,Black,12792000.0,2.5,345,249,Yes,17.2,130,0
Hyundai,HYU495,Diesel,Manual,Coupe,Red,1636000.0,1.5,206,246,Yes,16.9,329,1
Hyundai,HYU258,Petrol,Manual,Coupe,Green,3760000.0,3.0,132,183,No,12.0,363,1
Tata,TAT142,Petrol,Automatic,Pickup,Grey,644000.0,1.2,67,174,No,13.1,392,1
Toyota,TOY924,Petrol,Automatic,Hatchback,Grey,3209000.0,2.6,176,147,No,14.6,380,1
Tata,TAT627,Electric,Automatic,Sedan,White,925000.0,1.6,101,151,Yes,31.5,416,1
Kia,KIA508,Petrol,Manual,Sedan,Blue,2727000.0,3.1,125,198,Yes,18.1,96,1
Tata,TAT890,Diesel,Manual,Pickup,Black,1233000.0,1.1,62,126,Yes,13.5,398,1
Tata,TAT681,Petrol,Manual,Hatchback,Red,1440000.0,1.8,74,176,No,19.6,405,1
BMW,BMW974,Hybrid,Manual,Sedan,Black,13670000.0,3.7,409,249,Yes,25.1,219,1
Mahindra,MAH370,Hybrid,Manual,Coupe,Black,2080000.0,1.6,90,215,No,25.6,302,1
Maruti Suzuki,MAR632,Petrol,Manual,Sedan,White,2168000.0,1.6,110,128,Yes,18.8,796,1
Toyota,TOY746,Petrol,Automatic,Sedan,Green,3038000.0,1.6,120,214,Yes,12.3,110,1
Maruti Suzuki,MAR275,Petrol,Automatic,Pickup,Blue,1722000.0,1.8,81,145,Yes,19.9,541,1
Hyundai,HYU401,Petrol,Automatic,SUV,Silver,4223000.0,3.3,160,158,No,15.3,461,1
Ford,FOR631,Diesel,Manual,Pickup,Black,1988000.0,1.3,159,206,No,12.2,398,1
Maruti Suzuki,MAR676,Petrol,Manual,SUV,Green,1746000.0,1.9,74,161,No,19.8,758,1
Kia,KIA400,Diesel,Automatic,SUV,Blue,3180000.0,2.0,117,186,No,15.9,491,1
Mercedes,MER257,Diesel,Manual,Coupe,White,13529000.0,3.3,271,235,Yes,13.7,133,0
Toyota,TOY541,Petrol,Automatic,SUV,Green,2082000.0,1.3,119,199,No,14.6,361,1
Toyota,TOY106,Diesel,Automatic,Pickup,Blue,3725000.0,2.8,182,216,No,12.2,373,1
Maruti Suzuki,MAR683,Hybrid,Manual,Hatchback,Black,1088000.0,1.2,96,162,No,23.2,629,1
Tata,TAT921,Petrol,Automatic,SUV,Green,1500000.0,1.7,85,171,Yes,18.2,525,1
Mahindra,MAH873,Petrol,Manual,Hatchback,Blue,2383000.0,2.5,243,210,No,15.2,208,1
Tata,TAT940,Diesel,Manual,Sedan,Blue,1025000.0,1.2,91,126,No,16.4,371,1
Audi,AUD661,Petrol,Manual,Pickup,White,6504000.0,3.6,237,217,No,18.7,444,1
Mahindra,MAH381,Electric,Manual,Sedan,Red,3494000.0,2.7,176,214,No,39.0,30,0
Audi,AUD889,Petrol,Automatic,SUV,Blue,10661000.0,2.6,351,215,Yes,12.8,269,1
Mercedes,MER587,Petrol,Manual,Pickup,White,8783000.0,3.4,419,219,No,17.5,324,1
Maruti Suzuki,MAR888,Petrol,Automatic,Coupe,Blue,1308000.0,1.7,63,149,Yes,14.4,319,1
Tata,TAT426,Petrol,Manual,Coupe,White,1169000.0,2.0,70,138,No,16.1,463,1
Tata,TAT991,Petrol,Manual,Pickup,Green,1871000.0,1.9,78,143,Yes,14.9,658,1
Tata,TAT901,Petrol,Automatic,SUV,Black,1785000.0,1.0,78,160,No,16.5,719,1
Mahindra,MAH780,Petrol,Automatic,Hatchback,Blue,2022000.0,2.2,170,212,Yes,14.1,30,1
Tata,TAT378,Petrol,Automatic,Hatchback,Silver,1953000.0,1.6,61,163,Yes,12.3,344,1
Mercedes,MER857,Diesel,Manual,Coupe,Green,9608000.0,3.1,280,238,Yes,17.0,69,0
Mercedes,MER947,Petrol,Automatic,SUV,Grey,8961000.0,4.5,399,213,No,18.8,82,0
Mahindra,MAH283,Diesel,Automatic,Pickup,Grey,3793000.0,3.3,245,190,No,18.1,631,1
Honda,HON729,Diesel,Automatic,Pickup,Blue,1634000.0,1.6,207,174,No,15.6,583,1
Toyota,TOY499,Diesel,Manual,SUV,Silver,1955000.0,2.6,117,145,Yes,14.6,162,1
Tata,TAT676,Diesel,Manual,Coupe,Silver,985000.0,1.9,63,130,Yes,16.4,407,1
Toyota,TOY573,Diesel,Manual,SUV,Silver,1698000.0,3.5,195,169,No,15.8,396,1
Honda,HON971,Petrol,Manual,Hatchback,Grey,2238000.0,2.0,193,210,No,13.5,328,1
Toyota,TOY840,Diesel,Manual,Sedan,Blue,5009000.0,3.2,210,214,No,13.8,388,1
Kia,KIA261,Diesel,Automatic,Pickup,Black,4484000.0,2.8,229,203,No,14.8,238,1
Mahindra,MAH386,Diesel,Automatic,SUV,Blue,2388000.0,1.4,239,163,No,16.2,428,1
Ford,FOR608,Petrol,Automatic,Sedan,Black,2881000.0,3.4,143,202,Yes,18.8,48,1
Ford,FOR724,Petrol,Manual,Coupe,Blue,4308000.0,3.3,210,195,No,19.1,190,1
Honda,HON146,Diesel,Manual,Pickup,Black,2839000.0,2.5,223,155,No,18.3,583,1
Mercedes,MER502,Petrol,Automatic,Coupe,Blue,8292000.0,3.3,404,202,No,12.9,232,1
Mercedes,MER916,Electric,Manual,Pickup,Red,18230000.0,2.8,443,192,No,30.4,314,1
Toyota,TOY876,Petrol,Manual,Pickup,Blue,3447000.0,2.4,224,158,Yes,15.5,583,1
Ford,FOR809,Diesel,Automatic,Coupe,Grey,1894000.0,2.6,130,203,Yes,15.8,247,1
Mahindra,MAH956,Hybrid,Automatic,SUV,White,3955000.0,2.8,91,189,No,20.9,568,1
Mahindra,MAH990,Hybrid,Automatic,Coupe,Silver,4357000.0,3.5,174,227,No,22.4,468,1
Honda,HON554,Hybrid,Manual,Pickup,Green,1824000.0,1.8,161,196,No,23.8,420,1
BMW,BMW973,Diesel,Automatic,Hatchback,White,14420000.0,2.3,280,229,No,13.8,101,0
Mahindra,MAH799,Hybrid,Manual,Hatchback,Green,1590000.0,1.5,238,184,No,28.0,369,1
Maruti Suzuki,MAR700,Petrol,Manual,Hatchback,Green,1147000.0,1.6,89,176,Yes,18.0,357,1
BMW,BMW185,Diesel,Manual,Hatchback,Red,14735000.0,2.8,252,208,No,13.9,614,1
Kia,KIA228,Petrol,Automatic,Hatchback,Grey,2037000.0,3.2,179,208,No,18.6,407,1
Audi,AUD451,Hybrid,Manual,Hatchback,Red,7343000.0,4.7,289,207,No,23.0,30,0
Toyota,TOY813,Petrol,Manual,Coupe,White,2625000.0,1.8,149,235,No,18.7,354,1
Toyota,TOY769,Diesel,Automatic,Pickup,White,3940000.0,1.3,232,157,Yes,17.4,115,1
Audi,AUD979,Hybrid,Automatic,Sedan,Red,13878000.0,3.7,412,187,Yes,23.5,453,1
Audi,AUD835,Diesel,Automatic,Coupe,Grey,8791000.0,4.4,287,222,No,18.1,274,1
Honda,HON796,Diesel,Manual,Hatchback,Green,1604000.0,2.4,100,168,Yes,16.8,132,1
Ford,FOR242,Diesel,Manual,Pickup,Black,2545000.0,1.7,162,216,Yes,18.8,536,1
BMW,BMW420,Electric,Automatic,Pickup,Green,7369000.0,2.1,432,216,No,33.1,145,1
Audi,AUD716,Petrol,Automatic,Sedan,Blue,13266000.0,4.9,361,190,No,13.1,407,1
Mahindra,MAH525,Petrol,Manual,SUV,Red,2150000.0,3.0,137,141,Yes,19.6,184,1
Honda,HON406,Diesel,Manual,Sedan,Grey,3217000.0,3.3,230,176,No,15.3,335,1
Ford,FOR461,Petrol,Manual,SUV,Green,2713000.0,1.8,98,215,Yes,13.5,330,1
Audi,AUD887,Electric,Automatic,Hatchback,Red,9212000.0,2.1,219,206,No,35.3,38,0
Toyota,TOY595,Hybrid,Manual,Coupe,Grey,2137000.0,2.2,179,242,Yes,23.3,395,1
Toyota,TOY858,Petrol,Automatic,Sedan,Blue,3340000.0,1.5,157,141,No,12.3,232,1
Hyundai,HYU119,Petrol,Automatic,SUV,Red,2966000.0,1.9,225,188,Yes,15.6,538,1
Ford,FOR343,Electric,Manual,Sedan,Red,1875000.0,3.3,249,154,No,26.8,30,1
Ford,FOR597,Petrol,Manual,Hatchback,Red,2015000.0,2.7,195,207,Yes,18.0,673,1
Audi,AUD325,Diesel,Automatic,Pickup,Blue,13760000.0,3.5,308,225,No,16.5,105,0
Hyundai,HYU366,Hybrid,Automatic,Sedan,White,3657000.0,2.6,205,191,Yes,25.2,470,1
Maruti Suzuki,MAR535,Diesel,Manual,Pickup,Green,923000.0,1.0,93,155,Yes,19.8,885,1
Toyota,TOY414,Diesel,Automatic,Hatchback,Grey,2354000.0,2.1,122,145,No,18.2,493,1
Mahindra,MAH203,Diesel,Automatic,Sedan,White,3781000.0,2.3,230,175,No,14.3,85,1
Mercedes,MER154,Petrol,Automatic,Coupe,White,16529000.0,4.6,224,203,No,12.7,30,0
Kia,KIA718,Hybrid,Manual,Coupe,Red,3975000.0,2.2,140,245,No,28.5,492,1
Hyundai,HYU785,Petrol,Manual,Coupe,Red,4272000.0,2.4,216,192,Yes,16.6,542,1
Toyota,TOY527,Diesel,Manual,SUV,Grey,1590000.0,3.0,116,190,Yes,12.7,618,1
Honda,HON514,Diesel,Manual,Pickup,Black,3933000.0,1.9,126,150,Yes,19.6,599,1
Honda,HON272,Petrol,Automatic,Coupe,Blue,2760000.0,2.3,107,219,No,14.0,581,1
Hyundai,HYU454,Petrol,Manual,SUV,White,4706000.0,3.0,156,152,Yes,18.3,521,1
Honda,HON405,Petrol,Automatic,Pickup,Grey,2238000.0,2.5,215,165,Yes,12.7,415,1
Mahindra,MAH547,Diesel,Manual,Hatchback,Silver,2909000.0,2.9,125,157,Yes,19.6,222,1
Mercedes,MER662,Petrol,Manual,Pickup,Red,7583000.0,3.0,265,246,No,18.3,276,1
Toyota,TOY243,Petrol,Automatic,Sedan,Silver,3635000.0,1.6,235,206,No,13.3,341,1
Ford,FOR601,Electric,Manual,Hatchback,Red,1807000.0,2.7,194,147,No,29.8,445,1
BMW,BMW126,Diesel,Manual,Hatchback,Silver,19063000.0,4.0,377,194,No,12.6,108,0
Kia,KIA743,Petrol,Manual,SUV,Silver,2016000.0,1.6,181,166,No,18.6,224,1
Maruti Suzuki,MAR275,Petrol,Manual,Hatchback,Grey,855000.0,1.5,60,148,No,12.4,469,1
Honda,HON407,Petrol,Manual,Pickup,Red,3289000.0,2.9,120,185,No,18.5,446,1
Mercedes,MER753,Diesel,Automatic,SUV,Green,17210000.0,4.4,417,245,Yes,15.2,409,1
Honda,HON409,Petrol,Manual,SUV,Silver,3740000.0,3.5,92,168,No,14.2,499,1
BMW,BMW367,Diesel,Manual,Coupe,Silver,8698000.0,2.7,371,210,No,17.9,89,0
Kia,KIA612,Petrol,Automatic,Coupe,White,2388000.0,2.6,211,241,Yes,18.8,474,1
Toyota,TOY730,Diesel,Manual,Hatchback,Blue,4807000.0,2.5,235,204,No,19.2,614,1
Mahindra,MAH761,Hybrid,Manual,Hatchback,White,1713000.0,2.1,133,163,Yes,21.2,281,1
Hyundai,HYU986,Petrol,Automatic,Sedan,Silver,3298000.0,1.2,140,153,No,16.7,421,1
Maruti Suzuki,MAR563,Hybrid,Automatic,Sedan,Blue,1381000.0,1.7,67,130,Yes,22.5,469,1
Audi,AUD383,Petrol,Manual,SUV,Red,17110000.0,3.2,341,196,Yes,15.9,30,0
Hyundai,HYU448,Petrol,Manual,Sedan,Silver,2123000.0,2.8,248,171,No,17.0,439,1
Tata,TAT704,Petrol,Manual,SUV,Green,2239000.0,1.8,87,164,Yes,13.0,229,1
Tata,TAT521,Petrol,Automatic,Hatchback,Silver,816000.0,1.4,67,161,Yes,15.6,514,1
Toyota,TOY778,Petrol,Manual,Pickup,Silver,2595000.0,1.5,112,186,Yes,19.9,357,1
Audi,AUD613,Petrol,Automatic,Hatchback,Grey,15557000.0,2.2,416,216,Yes,15.3,170,0
Hyundai,HYU698,Petrol,Manual,SUV,Grey,2197000.0,1.9,138,210,Yes,17.8,709,1
BMW,BMW862,Hybrid,Automatic,Hatchback,Black,9040000.0,3.9,304,234,No,23.1,340,1
Toyota,TOY690,Petrol,Automatic,SUV,White,3688000.0,3.2,154,145,Yes,16.1,596,1
Mercedes,MER191,Electric,Automatic,Hatchback,Blue,16759000.0,3.5,305,225,No,26.6,30,0
Maruti Suzuki,MAR180,Petrol,Automatic,SUV,Red,1073000.0,1.9,100,120,Yes,13.6,763,1
Audi,AUD866,Petrol,Automatic,Sedan,Red,16360000.0,2.9,431,218,No,17.6,363,1
Honda,HON725,Petrol,Manual,Coupe,White,3244000.0,1.5,244,188,Yes,14.0,517,1
Honda,HON375,Diesel,Manual,Sedan,Silver,3960000.0,2.4,150,213,No,12.3,627,1
Honda,HON216,Diesel,Manual,Sedan,Blue,4037000.0,1.7,225,151,No,16.6,439,1
Kia,KIA659,Diesel,Manual,Coupe,Black,4209000.0,3.1,207,244,Yes,15.6,499,1
BMW,BMW967,Petrol,Automatic,Hatchback,Grey,6435000.0,2.1,246,190,No,16.5,30,0
Kia,KIA665,Petrol,Manual,SUV,Silver,4111000.0,1.4,246,189,Yes,13.5,519,1
Audi,AUD805,Hybrid,Manual,Pickup,Blue,14444000.0,4.3,295,240,Yes,21.5,176,0
Mahindra,MAH248,Petrol,Automatic,Pickup,Red,2099000.0,1.7,236,146,No,15.4,260,1
Mercedes,MER250,Electric,Manual,Sedan,Grey,14650000.0,4.7,449,232,No,39.6,131,0
Ford,FOR173,Petrol,Manual,Pickup,Green,2717000.0,2.7,146,161,No,16.6,383,1
Hyundai,HYU259,Petrol,Automatic,Coupe,Black,4024000.0,1.3,213,230,No,19.7,333,1
Maruti Suzuki,MAR595,Petrol,Manual,Sedan,Red,1586000.0,1.8,113,167,Yes,13.6,614,1
Maruti Suzuki,MAR196,Petrol,Manual,SUV,Red,1462000.0,1.3,60,132,No,12.9,527,1
Mercedes,MER702,Petrol,Manual,Coupe,White,9981000.0,4.9,282,201,No,14.3,302,1
Ford,FOR175,Petrol,Automatic,Pickup,Green,1488000.0,1.4,102,187,Yes,13.5,491,1
BMW,BMW461,Petrol,Automatic,Pickup,Grey,11869000.0,4.7,314,207,Yes,18.0,195,1
Kia,KIA233,Diesel,Automatic,Hatchback,Silver,1542000.0,1.4,194,178,No,18.3,320,1
Mahindra,MAH863,Diesel,Manual,SUV,Silver,3581000.0,2.4,247,206,No,19.3,411,1
Ford,FOR357,Petrol,Automatic,Hatchback,White,2297000.0,3.0,132,156,No,19.6,396,1
Tata,TAT460,Petrol,Manual,SUV,Black,1003000.0,1.4,73,155,No,14.8,449,1
Maruti Suzuki,MAR642,Diesel,Automatic,Pickup,Blue,1489000.0,1.0,63,125,Yes,15.4,604,1
Tata,TAT250,Petrol,Manual,Pickup,White,1025000.0,1.6,106,137,No,15.3,503,1
Mercedes,MER681,Electric,Manual,Coupe,Black,9492000.0,2.4,187,218,No,34.4,111,0
Mercedes,MER598,Diesel,Manual,SUV,Red,7989000.0,4.7,185,225,Yes,15.1,165,1
Mercedes,MER386,Diesel,Automatic,Sedan,Black,13134000.0,3.8,240,239,Yes,15.9,147,0
Maruti Suzuki,MAR337,Hybrid,Automatic,Hatchback,Red,2364000.0,1.8,117,150,Yes,24.7,781,1
Maruti Suzuki,MAR281,Electric,Automatic,Pickup,Blue,1987000.0,1.9,117,139,Yes,37.0,634,1
Honda,HON220,Hybrid,Automatic,Coupe,Silver,2077000.0,2.0,239,190,No,26.3,233,1
Kia,KIA622,Diesel,Manual,Sedan,Silver,2864000.0,1.5,142,185,Yes,13.5,259,1
Mercedes,MER723,Hybrid,Automatic,Pickup,Red,11230000.0,4.2,256,181,Yes,25.4,117,0
Kia,KIA171,Electric,Manual,Sedan,White,4207000.0,2.1,157,217,No,35.4,423,1
Honda,HON365,Petrol,Manual,Pickup,White,4978000.0,2.8,233,195,No,17.9,705,1
Ford,FOR733,Petrol,Automatic,Hatchback,Red,2342000.0,1.9,215,163,Yes,16.5,458,1
Ford,FOR994,Hybrid,Manual,Pickup,White,1968000.0,3.1,186,154,Yes,25.4,264,1
Toyota,TOY953,Hybrid,Manual,SUV,Green,2141000.0,1.9,146,145,No,29.9,408,1
BMW,BMW882,Petrol,Manual,Coupe,Silver,10159000.0,3.9,276,280,Yes,17.8,224,1
BMW,BMW479,Petrol,Automatic,Sedan,Blue,12941000.0,2.3,357,199,No,12.2,30,0
Audi,AUD491,Electric,Manual,SUV,Green,11345000.0,4.1,263,202,Yes,25.9,30,0
Maruti Suzuki,MAR649,Petrol,Manual,SUV,White,1710000.0,1.6,80,162,No,16.3,771,1
Mahindra,MAH886,Petrol,Manual,Sedan,White,3410000.0,2.7,136,151,No,13.3,30,0
Toyota,TOY148,Petrol,Manual,Pickup,White,3680000.0,3.2,155,153,Yes,18.1,553,1
Maruti Suzuki,MAR340,Diesel,Manual,Sedan,White,563000.0,1.1,65,162,Yes,12.6,645,1
Maruti Suzuki,MAR549,Hybrid,Manual,Sedan,White,1377000.0,1.5,78,172,No,21.7,781,1
Audi,AUD945,Diesel,Automatic,Coupe,Grey,6895000.0,4.0,400,311,Yes,19.0,152,1
Kia,KIA198,Petrol,Automatic,SUV,White,2288000.0,2.5,102,160,Yes,12.8,463,1
Toyota,TOY139,Petrol,Automatic,Sedan,Red,2527000.0,2.5,159,176,No,19.8,343,1
Toyota,TOY271,Diesel,Manual,Hatchback,Red,2391000.0,2.6,157,144,Yes,15.9,517,1
Honda,HON544,Petrol,Automatic,SUV,Red,3387000.0,2.3,232,201,No,18.5,588,1
Maruti Suzuki,MAR393,Petrol,Automatic,Hatchback,Grey,1934000.0,1.6,87,171,No,19.4,557,1
Mahindra,MAH734,Hybrid,Automatic,Hatchback,Red,1514000.0,1.4,115,159,Yes,24.9,443,1
Mercedes,MER223,Diesel,Manual,Pickup,Blue,15607000.0,5.0,299,216,No,16.2,392,1
Mahindra,MAH263,Diesel,Automatic,Hatchback,Green,1182000.0,1.2,105,148,No,17.6,728,1
Honda,HON181,Diesel,Manual,SUV,Silver,2453000.0,3.3,238,218,No,19.5,461,1
Toyota,TOY692,Petrol,Automatic,SUV,White,2289000.0,3.1,232,208,No,15.5,134,1
Audi,AUD881,Diesel,Automatic,Sedan,Black,11580000.0,2.3,190,232,No,15.4,240,1
Ford,FOR191,Petrol,Automatic,Hatchback,Black,4615000.0,3.1,236,163,No,19.6,524,1
Honda,HON625,Diesel,Manual,Pickup,Grey,1690000.0,1.4,159,206,Yes,15.8,530,1
Toyota,TOY773,Hybrid,Automatic,Sedan,White,2171000.0,3.4,99,211,No,23.0,515,1
Tata,TAT254,Petrol,Manual,Hatchback,Grey,1349000.0,1.4,70,141,Yes,13.5,415,1
BMW,BMW611,Petrol,Manual,Sedan,Red,12590000.0,4.4,333,242,No,17.1,170,0
Mahindra,MAH949,Diesel,Manual,Hatchback,White,3672000.0,2.7,161,195,Yes,12.6,356,1
Audi,AUD389,Petrol,Automatic,Pickup,White,8294000.0,4.3,183,195,No,12.5,323,1
Mercedes,MER697,Petrol,Automatic,SUV,Grey,17014000.0,4.3,399,180,Yes,16.0,78,0
Audi,AUD995,Petrol,Manual,Hatchback,Black,11015000.0,2.3,228,213,No,17.2,322,1
Mercedes,MER651,Hybrid,Manual,Sedan,Red,6426000.0,2.6,235,196,No,22.3,446,1
BMW,BMW869,Petrol,Automatic,Pickup,White,12232000.0,4.3,374,188,Yes,12.4,82,0
BMW,BMW276,Hybrid,Automatic,Coupe,Grey,12953000.0,2.2,220,202,No,26.3,282,1
Tata,TAT580,Diesel,Automatic,SUV,Green,1986000.0,1.4,82,137,No,13.2,505,1
BMW,BMW877,Diesel,Manual,Sedan,Grey,6062000.0,2.4,210,196,Yes,14.5,262,1
Ford,FOR309,Hybrid,Manual,Hatchback,Black,4328000.0,2.1,163,165,No,21.8,425,1
Mercedes,MER443,Petrol,Automatic,Pickup,White,9172000.0,4.8,446,183,Yes,13.2,30,0
Ford,FOR715,Diesel,Manual,Hatchback,Black,2307000.0,1.5,163,161,Yes,14.8,303,1
Toyota,TOY561,Petrol,Manual,Hatchback,White,1857000.0,2.2,247,166,No,19.0,492,1
Mercedes,MER738,Petrol,Manual,Pickup,Blue,13891000.0,2.2,304,249,No,18.2,368,1
Ford,FOR508,Diesel,Manual,Pickup,Black,5012000.0,3.0,229,196,No,18.1,470,1
Toyota,TOY550,Diesel,Manual,Sedan,White,4436000.0,3.1,197,164,Yes,12.3,406,1
Honda,HON789,Hybrid,Manual,Coupe,White,4241000.0,2.5,137,190,Yes,28.3,508,1
Tata,TAT539,Petrol,Manual,SUV,Blue,1593000.0,1.4,78,120,Yes,18.7,562,1
Honda,HON534,Petrol,Manual,Pickup,White,1783000.0,2.7,170,182,No,19.4,346,1
BMW,BMW857,Hybrid,Manual,Coupe,White,13497000.0,3.6,187,204,No,26.1,233,1
Kia,KIA383,Petrol,Manual,SUV,Grey,3898000.0,2.2,178,203,Yes,16.9,432,1
Tata,TAT759,Petrol,Automatic,Coupe,Black,1674000.0,1.7,97,178,Yes,13.6,300,1
Kia,KIA277,Petrol,Automatic,Pickup,White,4529000.0,2.4,197,147,Yes,15.0,463,1
Mahindra,MAH683,Petrol,Automatic,SUV,White,1483000.0,2.5,104,219,Yes,19.2,447,1
Ford,FOR881,Petrol,Automatic,Sedan,Silver,1767000.0,3.2,237,168,No,17.8,645,1
BMW,BMW282,Diesel,Manual,Sedan,White,9193000.0,3.0,294,190,Yes,18.6,139,1
Honda,HON671,Petrol,Automatic,Sedan,Red,2627000.0,2.1,233,179,No,16.4,434,1
Honda,HON441,Hybrid,Automatic,Pickup,Black,4211000.0,2.1,149,155,Yes,21.1,258,1
Honda,HON691,Petrol,Manual,Pickup,Red,4302000.0,3.0,245,201,Yes,13.9,257,1
BMW,BMW890,Hybrid,Manual,Pickup,Red,15719000.0,3.8,238,242,No,29.9,86,0
Toyota,TOY372,Petrol,Automatic,Coupe,Grey,1842000.0,3.2,152,216,Yes,19.3,358,1
Hyundai,HYU346,Petrol,Manual,Pickup,Blue,2382000.0,1.4,154,143,Yes,18.7,555,1
Kia,KIA309,Diesel,Manual,Pickup,Black,2149000.0,2.0,229,199,Yes,13.8,377,1
Mahindra,MAH326,Diesel,Manual,Pickup,Black,2814000.0,3.0,161,167,No,15.6,244,1
Maruti Suzuki,MAR476,Petrol,Automatic,Hatchback,Silver,1840000.0,1.9,62,151,No,12.3,751,1
Hyundai,HYU726,Petrol,Manual,Sedan,Green,2886000.0,3.3,190,214,Yes,18.1,537,1
Kia,KIA375,Petrol,Manual,Hatchback,White,1606000.0,1.7,153,153,No,16.0,439,1
Kia,KIA681,Petrol,Automatic,SUV,Blue,3198000.0,3.0,240,210,Yes,13.7,344,1
Ford,FOR907,Petrol,Automatic,SUV,Silver,2803000.0,2.0,153,168,Yes,18.6,549,1
Mercedes,MER593,Hybrid,Automatic,Coupe,Black,15284000.0,2.2,311,292,Yes,21.5,30,0
Toyota,TOY658,Petrol,Manual,Coupe,Silver,3341000.0,1.8,228,202,Yes,14.6,216,1
Mercedes,MER164,Hybrid,Automatic,SUV,Black,8595000.0,3.2,275,216,Yes,26.0,257,1
Maruti Suzuki,MAR117,Petrol,Manual,Sedan,White,1531000.0,1.7,78,127,No,18.1,531,1
Mahindra,MAH541,Electric,Manual,SUV,Black,2701000.0,2.3,175,192,No,25.6,398,1
Toyota,TOY412,Diesel,Manual,Sedan,Green,3218000.0,1.3,164,206,No,15.6,439,1
Hyundai,HYU738,Petrol,Automatic,Pickup,Grey,2699000.0,1.6,240,182,Yes,18.8,606,1
Toyota,TOY735,Petrol,Manual,SUV,Silver,2617000.0,2.0,247,181,No,13.1,385,1
Maruti Suzuki,MAR294,Petrol,Automatic,Sedan,Grey,657000.0,1.5,85,166,Yes,14.8,372,1
Mahindra,MAH133,Petrol,Automatic,Hatchback,Black,4170000.0,1.6,184,147,Yes,17.9,183,1
Hyundai,HYU317,Diesel,Manual,Hatchback,Black,4830000.0,3.4,248,171,No,19.9,975,1
Tata,TAT697,Petrol,Manual,Pickup,Green,794000.0,1.3,65,136,Yes,18.1,560,1
Ford,FOR748,Petrol,Automatic,Coupe,Red,3532000.0,2.4,203,207,No,18.7,426,1
BMW,BMW890,Diesel,Manual,SUV,Black,14527000.0,4.1,324,241,No,14.0,445,1
Hyundai,HYU647,Diesel,Manual,Pickup,Red,3161000.0,3.2,145,169,No,19.1,466,1
Hyundai,HYU392,Petrol,Manual,SUV,White,2807000.0,2.4,143,162,No,17.2,454,1
Kia,KIA902,Diesel,Automatic,Coupe,Blue,3481000.0,2.6,119,199,Yes,15.3,435,1
Audi,AUD494,Petrol,Automatic,Coupe,Blue,14547000.0,3.9,323,292,Yes,18.1,441,1
Maruti Suzuki,MAR576,Petrol,Manual,Sedan,Red,1207000.0,1.9,96,169,No,16.4,678,1
Maruti Suzuki,MAR166,Petrol,Automatic,Pickup,Green,937000.0,1.5,82,161,Yes,15.8,673,1
Mercedes,MER511,Diesel,Manual,Pickup,Blue,14392000.0,2.7,445,238,Yes,18.3,338,1
Kia,KIA901,Diesel,Manual,Sedan,Red,2317000.0,2.4,111,183,Yes,13.2,653,1
BMW,BMW672,Diesel,Manual,SUV,Black,11270000.0,3.5,416,187,Yes,18.3,358,1
Mahindra,MAH667,Petrol,Manual,SUV,Grey,1633000.0,1.3,119,201,No,15.2,310,1
Mahindra,MAH844,Petrol,Manual,SUV,Green,1486000.0,2.8,107,203,No,13.3,461,1
Maruti Suzuki,MAR433,Diesel,Automatic,Sedan,White,1243000.0,1.8,117,142,No,18.6,678,1
Tata,TAT865,Diesel,Manual,Pickup,Grey,1568000.0,1.2,78,127,No,15.1,421,1
Audi,AUD612,Petrol,Manual,Sedan,White,9415000.0,3.9,448,180,Yes,16.3,372,1
Audi,AUD636,Diesel,Manual,Pickup,Grey,11740000.0,3.6,307,198,Yes,12.4,271,1
Honda,HON313,Diesel,Manual,Pickup,Grey,2415000.0,1.3,178,164,No,16.3,621,1
Mercedes,MER881,Petrol,Automatic,Hatchback,Red,6296000.0,3.1,247,244,No,18.8,30,0
BMW,BMW355,Hybrid,Manual,Pickup,White,13941000.0,3.6,431,245,Yes,29.7,318,1
Ford,FOR454,Diesel,Automatic,SUV,Black,1433000.0,1.3,232,209,No,14.9,644,1
Audi,AUD505,Hybrid,Automatic,Hatchback,Green,17764000.0,3.8,397,209,No,21.1,30,0
Kia,KIA711,Diesel,Manual,Sedan,Red,3084000.0,1.4,248,159,No,13.6,30,0
Honda,HON417,Petrol,Manual,SUV,Silver,3052000.0,2.4,160,201,Yes,16.1,674,1
Audi,AUD854,Diesel,Automatic,Pickup,Blue,6762000.0,3.7,418,181,Yes,15.2,360,1
Maruti Suzuki,MAR291,Diesel,Automatic,Sedan,Silver,2063000.0,1.4,87,178,No,13.6,587,1
Mahindra,MAH952,Hybrid,Automatic,Hatchback,Blue,3409000.0,3.1,208,161,No,20.2,464,1
Hyundai,HYU149,Petrol,Manual,Sedan,Green,3402000.0,3.2,233,216,Yes,19.0,331,1
Audi,AUD902,Petrol,Manual,SUV,Silver,15872000.0,4.2,325,186,No,19.4,565,1
Mercedes,MER502,Diesel,Manual,Sedan,Black,11075000.0,3.1,349,227,Yes,13.7,123,0
Toyota,TOY454,Petrol,Manual,SUV,Blue,2047000.0,2.1,206,217,No,18.5,522,1
Mahindra,MAH974,Petrol,Automatic,Coupe,Green,3603000.0,1.5,101,219,Yes,14.3,376,1
Tata,TAT849,Petrol,Automatic,Hatchback,Black,2111000.0,1.3,89,150,Yes,13.9,645,1
Audi,AUD835,Petrol,Automatic,Hatchback,Black,12318000.0,3.3,300,205,Yes,12.1,30,0
Toyota,TOY513,Diesel,Automatic,SUV,Blue,1322000.0,1.9,134,171,Yes,13.1,441,1
Kia,KIA956,Diesel,Automatic,Hatchback,Blue,3226000.0,2.8,190,204,Yes,15.6,556,1
Kia,KIA485,Diesel,Manual,Pickup,Blue,2868000.0,2.8,159,173,No,18.1,362,1
Mahindra,MAH119,Diesel,Automatic,Pickup,Red,1810000.0,2.0,125,168,No,13.8,501,1
Mahindra,MAH258,Diesel,Automatic,Sedan,Black,4052000.0,2.0,248,187,No,15.2,353,1
Ford,FOR990,Petrol,Manual,Pickup,White,4436000.0,2.9,209,155,Yes,15.7,351,1
Ford,FOR813,Diesel,Automatic,Coupe,Silver,3861000.0,2.6,224,199,No,16.6,520,1
Mercedes,MER214,Diesel,Automatic,Sedan,Silver,8021000.0,4.1,377,182,No,17.4,50,0
Audi,AUD227,Petrol,Manual,Sedan,Blue,9677000.0,2.6,292,206,Yes,17.9,216,1
Toyota,TOY376,Petrol,Manual,Coupe,Grey,3610000.0,2.6,93,245,Yes,17.5,452,1
BMW,BMW754,Petrol,Manual,Pickup,Red,12083000.0,3.3,420,210,Yes,12.6,49,0
Toyota,TOY373,Petrol,Manual,Coupe,Blue,4958000.0,3.3,199,212,No,12.7,409,1
Audi,AUD867,Petrol,Manual,Pickup,Green,6562000.0,2.0,294,189,No,13.3,136,1
Mahindra,MAH355,Petrol,Manual,SUV,Grey,1627000.0,1.7,204,204,No,15.6,222,1
Maruti Suzuki,MAR397,Petrol,Automatic,Coupe,Black,688000.0,1.3,92,164,No,16.8,601,1
Honda,HON791,Diesel,Automatic,Pickup,Blue,2534000.0,1.5,214,169,No,17.9,707,1
Hyundai,HYU775,Petrol,Automatic,SUV,Red,4708000.0,3.3,175,180,No,14.1,563,1
Hyundai,HYU252,Diesel,Automatic,Hatchback,Blue,4017000.0,2.3,110,174,Yes,13.0,984,1
Hyundai,HYU715,Petrol,Automatic,Coupe,Silver,2419000.0,1.4,240,234,No,18.7,567,1
Ford,FOR593,Diesel,Automatic,Pickup,Blue,2725000.0,2.9,167,156,Yes,13.0,215,1
Tata,TAT830,Diesel,Manual,Sedan,Red,2055000.0,1.0,86,147,Yes,14.4,442,1
BMW,BMW320,Petrol,Automatic,Sedan,White,12117000.0,2.4,391,203,No,16.7,339,1
BMW,BMW709,Petrol,Automatic,Coupe,Grey,15549000.0,3.8,284,260,No,18.1,299,1
Ford,FOR338,Petrol,Automatic,Sedan,Black,3626000.0,1.4,151,202,Yes,15.5,212,1
Ford,FOR765,Diesel,Automatic,Coupe,Black,3715000.0,3.5,168,194,No,13.3,88,1
Ford,FOR774,Petrol,Manual,Coupe,White,1617000.0,2.5,177,194,Yes,17.6,218,1
Mercedes,MER364,Diesel,Manual,SUV,Black,10813000.0,5.0,281,233,Yes,15.6,331,1
Mahindra,MAH951,Petrol,Automatic,SUV,White,4280000.0,3.0,196,208,No,19.5,77,1
Ford,FOR327,Diesel,Automatic,SUV,Green,2908000.0,2.9,194,154,Yes,12.4,417,1
Toyota,TOY935,Petrol,Automatic,Hatchback,Red,3330000.0,1.8,169,199,Yes,16.5,292,1
Mahindra,MAH279,Petrol,Manual,Sedan,Black,3036000.0,2.4,122,145,Yes,13.4,175,1
Tata,TAT249,Petrol,Manual,SUV,Black,2260000.0,1.5,112,170,No,16.1,363,1
Ford,FOR333,Petrol,Automatic,SUV,Blue,3558000.0,1.8,223,146,No,18.2,441,1
Toyota,TOY393,Petrol,Manual,SUV,Blue,1858000.0,3.2,138,192,Yes,15.9,612,1
Kia,KIA341,Petrol,Automatic,Hatchback,Grey,4180000.0,1.3,237,188,Yes,18.5,154,1
Honda,HON247,Petrol,Manual,Coupe,Grey,2786000.0,2.3,229,209,No,16.3,653,1
Honda,HON329,Petrol,Manual,Sedan,Silver,2904000.0,1.5,161,168,No,16.0,582,1
Toyota,TOY164,Petrol,Manual,SUV,Silver,4117000.0,3.0,103,211,Yes,15.8,307,1
Ford,FOR166,Petrol,Automatic,Hatchback,White,3221000.0,1.7,160,141,Yes,13.2,412,1
Tata,TAT254,Hybrid,Manual,Hatchback,White,688000.0,1.2,66,161,No,20.3,349,1
Maruti Suzuki,MAR452,Electric,Manual,Sedan,Red,2197000.0,1.9,73,156,Yes,25.4,649,1
Toyota,TOY625,Petrol,Manual,Hatchback,Grey,3986000.0,2.4,96,167,Yes,12.6,642,1
BMW,BMW580,Diesel,Manual,Sedan,Red,10009000.0,3.2,212,197,No,12.8,97,0
BMW,BMW844,Hybrid,Automatic,Pickup,Black,14121000.0,2.4,340,203,Yes,22.3,151,0
Audi,AUD536,Petrol,Automatic,Pickup,Grey,10730000.0,3.8,312,201,No,16.5,568,1
Mahindra,MAH746,Hybrid,Manual,Sedan,Grey,3078000.0,1.3,164,144,No,21.9,461,1
Ford,FOR448,Petrol,Manual,Hatchback,Silver,3667000.0,1.4,157,186,No,13.2,376,1
Audi,AUD538,Diesel,Automatic,SUV,White,16995000.0,4.2,423,180,No,13.7,326,1
Honda,HON597,Petrol,Automatic,SUV,Black,3782000.0,1.3,185,185,No,12.3,596,1
Maruti Suzuki,MAR869,Electric,Manual,Sedan,White,1411000.0,1.6,71,136,No,34.6,771,1
Hyundai,HYU617,Petrol,Manual,Sedan,Blue,2562000.0,1.8,247,212,No,12.2,534,1
Mercedes,MER997,Petrol,Automatic,Pickup,Black,11653000.0,2.3,187,199,No,14.2,285,1
Hyundai,HYU974,Diesel,Manual,SUV,White,4621000.0,2.8,156,195,No,20.0,679,1
BMW,BMW286,Electric,Automatic,SUV,Silver,16494000.0,4.3,433,187,No,35.6,253,1
Honda,HON209,Diesel,Automatic,Coupe,Silver,3389000.0,1.8,186,198,No,14.7,227,1
Toyota,TOY955,Petrol,Automatic,Hatchback,Blue,2794000.0,2.4,161,179,No,14.4,453,1
Mercedes,MER822,Petrol,Automatic,Hatchback,White,12334000.0,2.5,209,232,Yes,14.4,30,0
Kia,KIA473,Diesel,Automatic,SUV,Blue,4458000.0,2.8,142,163,Yes,16.2,428,1
Honda,HON223,Petrol,Manual,Coupe,Silver,2735000.0,1.2,197,209,No,16.1,357,1
Mahindra,MAH579,Petrol,Manual,Coupe,Red,2319000.0,2.5,246,185,Yes,14.3,179,1
BMW,BMW921,Petrol,Manual,Hatchback,Green,12091000.0,4.5,426,194,Yes,16.3,126,0
Mahindra,MAH729,Petrol,Manual,Pickup,Grey,3385000.0,2.4,159,155,Yes,15.9,495,1
Kia,KIA482,Diesel,Automatic,Pickup,Grey,3164000.0,1.5,104,212,Yes,16.3,284,1
Kia,KIA113,Diesel,Manual,SUV,Grey,3631000.0,1.3,174,183,Yes,18.9,316,1
Audi,AUD409,Diesel,Automatic,Hatchback,White,12628000.0,4.6,433,249,No,19.7,197,1
Ford,FOR525,Petrol,Manual,Hatchback,White,1204000.0,1.3,113,167,Yes,18.6,458,1
Honda,HON218,Petrol,Manual,Coupe,Black,2551000.0,1.4,163,206,Yes,16.6,481,1
Audi,AUD736,Hybrid,Automatic,Hatchback,Green,10870000.0,2.1,448,218,No,24.7,327,1
Hyundai,HYU790,Petrol,Manual,Pickup,Red,2320000.0,3.0,133,142,No,16.1,472,1
Honda,HON685,Hybrid,Manual,SUV,Grey,2228000.0,2.9,192,213,No,27.8,524,1
Toyota,TOY563,Petrol,Manual,Pickup,Green,3755000.0,2.7,223,185,Yes,15.7,320,1
Ford,FOR898,Petrol,Manual,Pickup,Grey,3046000.0,1.9,119,189,Yes,13.9,108,1
Mahindra,MAH570,Diesel,Automatic,Hatchback,Grey,3646000.0,2.1,167,172,No,17.2,489,1
Tata,TAT911,Petrol,Manual,SUV,White,1292000.0,2.0,116,170,No,19.4,751,1
Mahindra,MAH986,Hybrid,Manual,Sedan,Red,4173000.0,2.8,232,197,Yes,30.0,30,0
Hyundai,HYU668,Petrol,Automatic,Pickup,Red,2816000.0,3.1,201,195,Yes,14.6,581,1
Ford,FOR543,Hybrid,Manual,Hatchback,Green,2137000.0,2.6,152,219,No,24.8,372,1
Toyota,TOY433,Diesel,Automatic,Pickup,Silver,2148000.0,2.1,194,146,Yes,16.8,272,1
BMW,BMW807,Diesel,Manual,Coupe,Grey,5924000.0,2.5,406,202,No,13.9,325,1
Kia,KIA453,Petrol,Manual,Pickup,Silver,4029000.0,2.5,215,199,Yes,12.4,313,1
Tata,TAT867,Diesel,Manual,Sedan,Blue,1473000.0,1.6,70,178,No,15.9,552,1
BMW,BMW727,Petrol,Automatic,Hatchback,Black,7350000.0,4.8,338,228,Yes,16.2,215,1
Audi,AUD738,Diesel,Automatic,Coupe,Blue,6896000.0,4.1,286,232,No,12.0,30,0
Audi,AUD170,Diesel,Automatic,Hatchback,Blue,15077000.0,4.5,286,219,No,13.8,583,1
Tata,TAT806,Petrol,Manual,SUV,Black,2101000.0,1.4,105,155,Yes,19.4,473,1
Honda,HON257,Petrol,Manual,SUV,Red,2721000.0,1.9,231,143,No,13.1,432,1
Kia,KIA490,Petrol,Manual,Coupe,White,2518000.0,1.6,189,227,Yes,15.9,348,1
Hyundai,HYU409,Diesel,Automatic,Hatchback,Black,1727000.0,2.7,224,197,No,18.6,582,1
Tata,TAT665,Petrol,Manual,Hatchback,Black,1071000.0,1.0,110,176,Yes,17.2,475,1
Ford,FOR402,Diesel,Automatic,Coupe,Red,2015000.0,1.8,164,242,Yes,13.2,268,1
Mahindra,MAH613,Petrol,Automatic,SUV,White,4297000.0,3.3,158,169,Yes,18.4,427,1
Ford,FOR192,Diesel,Automatic,Pickup,Green,3295000.0,2.8,189,152,No,18.8,476,1
Honda,HON146,Petrol,Automatic,SUV,Green,2129000.0,1.9,139,199,Yes,16.5,315,1
Maruti Suzuki,MAR540,Diesel,Automatic,Sedan,White,2005000.0,1.3,101,165,No,13.2,535,1
Ford,FOR516,Petrol,Manual,Pickup,White,2498000.0,1.9,199,157,Yes,17.7,30,0
Mercedes,MER355,Diesel,Automatic,SUV,White,17436000.0,3.7,345,184,Yes,18.9,320,1
Hyundai,HYU612,Petrol,Automatic,Sedan,White,4756000.0,2.6,205,175,Yes,12.5,325,1
Tata,TAT954,Petrol,Manual,Pickup,Grey,1793000.0,1.0,102,121,Yes,18.9,507,1
Ford,FOR909,Diesel,Manual,Hatchback,Silver,3173000.0,2.3,144,177,No,14.5,165,1
Kia,KIA370,Diesel,Automatic,SUV,Blue,2719000.0,2.0,180,159,Yes,19.9,139,1
Ford,FOR594,Petrol,Manual,Sedan,Grey,2942000.0,3.2,93,194,No,16.4,350,1
Kia,KIA934,Petrol,Manual,Sedan,Green,2087000.0,3.1,149,163,Yes,18.6,466,1
Kia,KIA166,Petrol,Manual,Sedan,Silver,3790000.0,2.9,223,144,No,18.2,390,1
Maruti Suzuki,MAR112,Petrol,Manual,Pickup,Green,1505000.0,1.1,90,124,No,17.9,690,1
Hyundai,HYU254,Petrol,Manual,Hatchback,Black,1963000.0,2.6,123,189,No,17.8,559,1
Ford,FOR536,Hybrid,Manual,Hatchback,Black,4202000.0,3.1,226,146,No,23.4,347,1
BMW,BMW275,Petrol,Automatic,Sedan,Grey,8012000.0,3.7,290,207,No,18.5,547,1
Maruti Suzuki,MAR351,Petrol,Manual,Pickup,White,1125000.0,1.0,63,171,Yes,19.7,446,1
Kia,KIA155,Hybrid,Manual,Coupe,White,4767000.0,2.7,225,233,No,23.8,563,1
Mercedes,MER861,Petrol,Automatic,SUV,Black,9963000.0,2.6,258,234,No,19.2,159,1
Mercedes,MER678,Petrol,Manual,Sedan,Black,5871000.0,2.2,281,212,No,16.9,463,1
Maruti Suzuki,MAR799,Hybrid,Manual,Coupe,Grey,636000.0,2.0,81,170,No,25.3,643,1
Kia,KIA726,Petrol,Automatic,SUV,Silver,3660000.0,2.4,172,146,No,17.2,296,1
BMW,BMW149,Hybrid,Automatic,Coupe,White,13844000.0,2.3,251,308,Yes,22.8,321,1
Mahindra,MAH692,Petrol,Manual,Hatchback,Green,3109000.0,2.2,137,143,Yes,18.0,614,1
Toyota,TOY233,Hybrid,Manual,Hatchback,Blue,3980000.0,2.7,192,159,Yes,20.2,394,1
Mercedes,MER226,Petrol,Automatic,Sedan,Green,7471000.0,2.3,196,204,No,18.4,408,1
Mercedes,MER891,Diesel,Manual,Coupe,Green,19834000.0,4.7,428,308,No,16.2,297,1
Honda,HON863,Diesel,Automatic,Coupe,Silver,1878000.0,1.8,127,216,Yes,14.6,358,1
Maruti Suzuki,MAR162,Diesel,Automatic,Hatchback,Grey,868000.0,1.5,112,154,No,19.0,528,1
BMW,BMW694,Diesel,Manual,Sedan,Grey,12885000.0,3.4,358,235,Yes,18.0,185,1
BMW,BMW553,Petrol,Manual,SUV,Green,15216000.0,3.2,235,218,Yes,12.9,110,0
Audi,AUD370,Diesel,Manual,Hatchback,Silver,8230000.0,2.3,188,225,No,16.9,149,1
Audi,AUD328,Petrol,Manual,Coupe,White,13413000.0,4.0,210,234,No,13.0,321,1
Tata,TAT973,Diesel,Automatic,Sedan,Silver,929000.0,1.3,117,155,Yes,18.4,599,1
Audi,AUD772,Diesel,Manual,Pickup,Green,8800000.0,2.6,391,228,No,17.4,560,1
BMW,BMW373,Petrol,Manual,SUV,Red,13037000.0,2.8,275,241,Yes,14.5,506,1
Maruti Suzuki,MAR344,Diesel,Manual,Coupe,Grey,1579000.0,1.7,119,146,Yes,15.4,658,1
Toyota,TOY793,Diesel,Manual,SUV,Green,3559000.0,2.3,141,188,Yes,19.0,465,1
Tata,TAT440,Hybrid,Manual,Sedan,Grey,1907000.0,1.1,85,147,Yes,29.8,367,1
Honda,HON596,Petrol,Manual,SUV,Silver,1444000.0,2.5,105,206,Yes,18.0,704,1
Kia,KIA639,Hybrid,Automatic,Sedan,Green,3017000.0,2.2,233,163,No,22.5,277,1
Mahindra,MAH822,Electric,Automatic,SUV,Grey,1580000.0,1.3,127,201,No,28.6,376,1
Ford,FOR399,Hybrid,Automatic,Pickup,Blue,3398000.0,1.8,153,218,No,22.4,128,1
Mercedes,MER198,Petrol,Automatic,Sedan,Blue,6901000.0,3.5,282,228,No,18.5,62,0
Tata,TAT128,Petrol,Manual,Coupe,White,1392000.0,1.0,97,123,Yes,16.9,349,1
BMW,BMW432,Petrol,Automatic,Sedan,Grey,18062000.0,4.7,399,201,Yes,16.7,341,1
Maruti Suzuki,MAR478,Petrol,Manual,SUV,Black,2079000.0,1.3,109,120,No,12.0,717,1
Ford,FOR447,Petrol,Manual,Pickup,Silver,4017000.0,3.3,108,158,Yes,19.2,466,1
Maruti Suzuki,MAR909,Diesel,Automatic,SUV,Black,906000.0,1.7,91,124,No,14.3,776,1
BMW,BMW737,Hybrid,Automatic,Coupe,Red,14527000.0,3.9,313,235,Yes,21.2,260,1
Audi,AUD959,Hybrid,Manual,Pickup,Green,8600000.0,2.1,236,210,No,24.2,265,1
Toyota,TOY134,Petrol,Manual,Sedan,Blue,3053000.0,1.4,240,147,Yes,18.8,319,1
Tata,TAT590,Petrol,Automatic,Coupe,Black,601000.0,1.9,61,165,No,14.9,406,1
Honda,HON689,Petrol,Manual,Pickup,Green,1659000.0,3.0,101,213,Yes,12.4,675,1
Mahindra,MAH953,Hybrid,Automatic,Pickup,Green,3042000.0,2.9,152,157,No,27.6,317,1
Honda,HON328,Petrol,Manual,Hatchback,Silver,2523000.0,1.8,210,167,No,15.4,96,1
Kia,KIA661,Diesel,Automatic,Coupe,White,3020000.0,2.8,236,226,Yes,15.8,442,1
Tata,TAT792,Hybrid,Automatic,Pickup,Green,627000.0,1.1,62,147,No,28.3,683,1
Mercedes,MER986,Petrol,Manual,SUV,Grey,10123000.0,3.2,425,238,Yes,17.3,115,0
Hyundai,HYU870,Petrol,Manual,Pickup,Silver,1284000.0,1.4,136,184,Yes,12.5,498,1
Honda,HON687,Petrol,Automatic,Hatchback,White,1756000.0,1.6,191,189,Yes,16.4,345,1
Maruti Suzuki,MAR557,Electric,Automatic,Pickup,Silver,742000.0,1.2,113,178,No,34.7,397,1
Audi,AUD928,Diesel,Manual,SUV,Black,15273000.0,3.9,188,249,Yes,12.8,81,0
Honda,HON522,Petrol,Manual,SUV,Blue,2725000.0,2.7,159,160,Yes,14.7,574,1
Hyundai,HYU402,Petrol,Manual,Sedan,Blue,2919000.0,3.4,217,176,Yes,13.6,488,1
Honda,HON961,Petrol,Automatic,Hatchback,White,2153000.0,2.0,230,150,Yes,13.0,505,1
Hyundai,HYU927,Petrol,Automatic,Sedan,Grey,2820000.0,1.8,180,176,Yes,15.5,487,1
Tata,TAT747,Petrol,Manual,Pickup,Silver,699000.0,1.6,102,142,Yes,17.4,456,1
Tata,TAT819,Diesel,Automatic,Sedan,Green,1783000.0,1.9,63,131,No,12.5,546,1
Toyota,TOY254,Petrol,Manual,Sedan,Black,2747000.0,1.4,133,163,No,16.5,458,1
Toyota,TOY948,Diesel,Automatic,Sedan,Green,2096000.0,1.4,206,163,Yes,15.6,438,1
Maruti Suzuki,MAR460,Diesel,Automatic,SUV,Red,1592000.0,1.9,89,176,Yes,19.1,552,1
Audi,AUD111,Petrol,Manual,Coupe,White,13423000.0,4.8,267,243,No,12.4,489,1
Toyota,TOY966,Hybrid,Manual,SUV,Grey,3431000.0,1.5,161,154,Yes,26.6,496,1
Mercedes,MER474,Petrol,Manual,Sedan,Black,7974000.0,4.7,242,200,Yes,18.8,136,1
Kia,KIA892,Petrol,Manual,Pickup,Blue,2911000.0,1.4,247,187,No,14.1,344,1
Tata,TAT102,Petrol,Manual,Pickup,Grey,1463000.0,1.1,107,175,No,19.0,307,1
Mahindra,MAH325,Petrol,Manual,Pickup,Black,1625000.0,2.7,175,176,Yes,19.3,124,1
Mercedes,MER570,Diesel,Automatic,Coupe,Silver,6004000.0,2.0,199,226,Yes,12.3,30,0
Maruti Suzuki,MAR488,Petrol,Manual,Sedan,White,900000.0,1.8,72,161,No,14.8,604,1
Kia,KIA417,Electric,Automatic,Sedan,Black,3090000.0,3.3,95,180,No,37.8,110,1
Tata,TAT925,Petrol,Manual,Coupe,White,1311000.0,1.7,113,122,No,12.6,594,1
Honda,HON661,Petrol,Manual,Pickup,Black,2170000.0,1.7,132,157,Yes,13.6,396,1
Mercedes,MER335,Diesel,Manual,Sedan,Green,10179000.0,4.8,384,235,Yes,12.8,135,0
Maruti Suzuki,MAR656,Diesel,Manual,Coupe,Green,1888000.0,1.4,75,154,Yes,18.6,650,1
Mahindra,MAH897,Petrol,Automatic,Pickup,Green,3933000.0,1.7,157,141,No,19.0,335,1
Honda,HON652,Diesel,Manual,Pickup,Blue,2045000.0,3.2,142,169,Yes,12.3,560,1
Honda,HON180,Diesel,Manual,Hatchback,Red,1358000.0,2.1,95,169,Yes,13.4,400,1
Toyota,TOY703,Diesel,Automatic,Coupe,Red,2406000.0,3.2,159,199,No,16.7,335,1
BMW,BMW349,Diesel,Manual,Sedan,Blue,11854000.0,2.7,363,214,Yes,18.2,154,0
Kia,KIA877,Hybrid,Automatic,Coupe,Silver,3825000.0,1.5,143,202,Yes,21.5,438,1
Mahindra,MAH152,Hybrid,Manual,Hatchback,Red,2724000.0,2.4,99,184,Yes,27.9,405,1
Maruti Suzuki,MAR535,Diesel,Automatic,Pickup,Red,1506000.0,1.3,100,141,No,16.4,243,1
Honda,HON774,Diesel,Automatic,SUV,Blue,3680000.0,3.2,90,214,No,16.1,412,1
Mercedes,MER802,Diesel,Manual,Sedan,Black,15201000.0,4.6,306,238,No,13.4,267,1
Toyota,TOY478,Diesel,Automatic,Coupe,White,4659000.0,3.3,192,216,Yes,14.7,254,1
Toyota,TOY462,Petrol,Manual,SUV,Grey,4434000.0,1.9,209,182,Yes,16.9,463,1
Mercedes,MER513,Diesel,Manual,Coupe,Black,12453000.0,4.8,182,268,No,17.7,185,1
Maruti Suzuki,MAR442,Petrol,Manual,Hatchback,Silver,1829000.0,1.9,60,120,Yes,15.8,577,1
Audi,AUD605,Petrol,Automatic,Sedan,Blue,6408000.0,3.6,282,183,No,14.7,30,0
Toyota,TOY783,Petrol,Manual,Coupe,White,2852000.0,3.5,123,218,Yes,19.9,398,1
Honda,HON840,Petrol,Automatic,SUV,Silver,3214000.0,1.5,160,204,No,16.0,526,1
Hyundai,HYU916,Diesel,Manual,Sedan,Red,3670000.0,2.9,130,210,Yes,15.7,612,1
Tata,TAT644,Hybrid,Manual,Coupe,Black,1327000.0,1.8,92,142,Yes,28.1,450,1
Honda,HON883,Petrol,Manual,SUV,Silver,2931000.0,2.1,107,211,No,12.3,395,1
Ford,FOR478,Petrol,Automatic,Hatchback,Green,3562000.0,3.3,114,185,No,18.1,490,1
Hyundai,HYU763,Petrol,Manual,SUV,Black,3879000.0,2.4,189,200,Yes,18.7,445,1
Toyota,TOY663,Petrol,Manual,Coupe,Black,4056000.0,2.2,93,205,No,13.0,587,1
Ford,FOR629,Diesel,Manual,Sedan,Red,1566000.0,1.8,98,195,No,12.6,335,1
Ford,FOR883,Petrol,Manual,Hatchback,Black,3793000.0,3.4,230,210,No,13.4,322,1
Toyota,TOY432,Petrol,Automatic,Pickup,Black,2136000.0,1.4,214,145,Yes,16.5,277,1
BMW,BMW875,Petrol,Manual,SUV,Silver,19901000.0,4.3,405,220,Yes,19.0,129,0
Mercedes,MER855,Hybrid,Manual,Coupe,Green,14147000.0,4.8,255,271,Yes,26.9,340,1
Toyota,TOY968,Petrol,Manual,Pickup,Green,4349000.0,2.3,152,177,Yes,18.8,360,1
Ford,FOR331,Petrol,Automatic,SUV,Red,3058000.0,1.3,176,141,No,18.2,300,1
Hyundai,HYU383,Petrol,Manual,SUV,Grey,3215000.0,1.3,115,171,Yes,13.8,245,1
Mahindra,MAH419,Diesel,Manual,Hatchback,Red,2947000.0,3.5,222,210,No,19.5,107,1
Toyota,TOY932,Petrol,Manual,Hatchback,Green,2415000.0,3.1,198,158,No,15.0,249,1
Tata,TAT755,Electric,Manual,Pickup,Green,1461000.0,1.5,113,142,No,38.6,740,1
Audi,AUD953,Diesel,Manual,Sedan,Silver,16662000.0,4.7,195,194,Yes,15.8,192,0
Audi,AUD771,Petrol,Manual,SUV,Grey,12343000.0,3.9,435,187,No,15.6,252,1
Mahindra,MAH740,Petrol,Automatic,Hatchback,Blue,4079000.0,2.3,106,202,No,17.6,297,1
Audi,AUD173,Petrol,Automatic,Pickup,White,12076000.0,4.7,443,219,Yes,16.5,354,1
Audi,AUD659,Diesel,Manual,Coupe,Blue,9284000.0,2.9,198,230,No,13.6,30,0
Ford,FOR120,Petrol,Automatic,Pickup,Silver,3260000.0,2.6,187,171,No,15.4,336,1
Mahindra,MAH819,Petrol,Manual,Sedan,Black,4527000.0,2.2,193,144,No,17.2,489,1
Ford,FOR977,Petrol,Manual,Coupe,White,4895000.0,3.4,249,199,No,16.6,670,1
Maruti Suzuki,MAR418,Petrol,Manual,Coupe,Silver,922000.0,1.9,114,146,No,14.2,352,1
Tata,TAT774,Petrol,Manual,SUV,Green,830000.0,1.7,78,174,Yes,17.4,621,1
Mahindra,MAH519,Hybrid,Manual,Hatchback,White,1791000.0,3.3,190,219,Yes,25.4,598,1
Kia,KIA587,Petrol,Manual,Coupe,Black,3296000.0,1.3,191,233,Yes,18.2,240,1
Audi,AUD487,Diesel,Automatic,SUV,Grey,17705000.0,5.0,200,245,No,14.3,357,1
Honda,HON617,Petrol,Manual,SUV,Grey,3723000.0,2.0,244,148,Yes,16.0,176,1
Kia,KIA606,Hybrid,Manual,Hatchback,Silver,3241000.0,1.5,204,218,Yes,28.0,236,1
Mahindra,MAH779,Electric,Manual,Pickup,Black,3805000.0,2.0,141,181,Yes,25.7,249,1
Hyundai,HYU365,Petrol,Manual,Hatchback,Grey,1598000.0,2.9,134,197,No,16.4,596,1
Hyundai,HYU350,Electric,Manual,Pickup,Grey,1954000.0,3.3,162,198,Yes,32.5,311,1
Hyundai,HYU317,Petrol,Automatic,Sedan,Silver,2053000.0,2.4,160,171,No,17.4,676,1
Ford,FOR302,Diesel,Automatic,Coupe,Red,3056000.0,1.3,144,208,Yes,12.8,278,1
Honda,HON739,Petrol,Manual,Hatchback,Black,4339000.0,3.3,185,154,Yes,18.3,706,1
Toyota,TOY360,Hybrid,Automatic,Hatchback,Blue,4602000.0,2.5,199,166,Yes,23.8,441,1
Audi,AUD123,Petrol,Automatic,Hatchback,Silver,13164000.0,4.4,226,194,No,16.3,272,1
Mercedes,MER149,Hybrid,Manual,Hatchback,Green,7767000.0,3.9,258,235,No,28.1,30,0
BMW,BMW899,Petrol,Manual,SUV,Blue,15459000.0,5.0,348,182,Yes,12.1,227,1
Kia,KIA447,Electric,Automatic,Hatchback,Grey,2393000.0,1.7,220,207,No,28.9,180,1
Honda,HON301,Hybrid,Manual,Pickup,Grey,4379000.0,2.4,194,173,No,26.3,338,1
Audi,AUD805,Hybrid,Automatic,SUV,Green,10196000.0,3.0,351,221,No,22.9,193,1
Toyota,TOY380,Petrol,Manual,Coupe,Grey,3000000.0,2.6,236,182,No,13.9,248,1
Mercedes,MER285,Petrol,Manual,Coupe,Green,7950000.0,3.5,296,287,Yes,13.9,341,1
Toyota,TOY205,Petrol,Manual,Pickup,Blue,4945000.0,3.4,213,212,No,13.9,434,1
Audi,AUD539,Hybrid,Automatic,Sedan,Silver,7464000.0,2.0,370,245,No,21.9,448,1
Tata,TAT853,Hybrid,Automatic,Sedan,Silver,2210000.0,1.6,118,140,No,23.5,610,1
Hyundai,HYU544,Diesel,Automatic,Coupe,Silver,2757000.0,2.1,90,231,No,18.0,432,1
Audi,AUD502,Petrol,Manual,Hatchback,Green,10162000.0,3.1,184,219,No,13.0,436,1
Toyota,TOY932,Diesel,Manual,Hatchback,White,1649000.0,2.9,91,216,No,16.1,129,1
Mahindra,MAH317,Petrol,Manual,Hatchback,Green,3713000.0,2.0,131,208,No,15.0,450,1
Toyota,TOY467,Diesel,Automatic,Hatchback,Green,1498000.0,2.1,194,160,Yes,15.5,418,1
BMW,BMW967,Diesel,Manual,Pickup,Grey,13983000.0,3.2,293,186,Yes,13.6,156,0
Ford,FOR490,Petrol,Automatic,Pickup,Silver,1922000.0,2.3,174,215,No,12.6,446,1
Mahindra,MAH756,Diesel,Manual,SUV,Grey,3161000.0,3.2,122,143,Yes,17.4,664,1
BMW,BMW805,Diesel,Manual,Coupe,White,8088000.0,2.1,247,237,No,16.9,201,1
Maruti Suzuki,MAR990,Petrol,Automatic,Pickup,Green,1430000.0,1.5,118,122,No,19.6,419,1
Toyota,TOY909,Diesel,Automatic,Hatchback,Red,3428000.0,3.0,158,176,Yes,19.0,362,1
Maruti Suzuki,MAR973,Diesel,Automatic,Pickup,Red,946000.0,1.5,114,139,No,17.2,657,1
Audi,AUD379,Petrol,Automatic,SUV,Grey,15247000.0,4.3,332,208,No,19.7,471,1
Ford,FOR962,Electric,Automatic,Pickup,Red,2498000.0,2.7,131,159,Yes,35.7,458,1
Hyundai,HYU870,Petrol,Manual,Sedan,Grey,3079000.0,2.8,133,187,Yes,15.6,310,1
BMW,BMW216,Petrol,Manual,Pickup,Grey,14464000.0,4.4,250,201,No,17.3,361,1
Kia,KIA208,Diesel,Manual,SUV,Black,3882000.0,2.8,199,171,No,15.2,249,1
Ford,FOR387,Petrol,Manual,Coupe,White,3480000.0,1.4,240,237,No,18.9,278,1
BMW,BMW918,Petrol,Automatic,Pickup,Green,17274000.0,3.2,408,191,No,12.2,127,0
Kia,KIA167,Petrol,Manual,Hatchback,Blue,3323000.0,1.3,224,153,Yes,17.6,471,1
Hyundai,HYU227,Diesel,Automatic,Coupe,Green,1907000.0,1.4,167,191,No,17.8,441,1
Hyundai,HYU130,Petrol,Automatic,Pickup,Grey,2965000.0,1.9,150,205,No,13.4,369,1
BMW,BMW574,Petrol,Automatic,Coupe,White,6369000.0,3.0,294,265,Yes,15.0,30,0
Kia,KIA565,Hybrid,Automatic,Sedan,White,3844000.0,3.4,171,218,Yes,23.0,178,1
Mahindra,MAH415,Diesel,Automatic,SUV,Blue,1386000.0,1.6,153,165,No,12.8,30,1
Toyota,TOY757,Diesel,Manual,Hatchback,Blue,1858000.0,1.9,231,164,Yes,17.7,282,1
Tata,TAT345,Diesel,Manual,Coupe,Grey,1533000.0,1.4,74,142,No,16.7,323,1
Audi,AUD297,Petrol,Manual,SUV,Green,7755000.0,4.6,298,223,Yes,15.9,157,1
Honda,HON944,Diesel,Automatic,SUV,Green,4183000.0,2.5,166,213,No,17.8,530,1
Kia,KIA987,Petrol,Automatic,Sedan,Green,3250000.0,2.5,191,175,Yes,17.4,418,1
Kia,KIA859,Petrol,Manual,SUV,Green,2067000.0,3.4,210,190,No,14.5,303,1
Mercedes,MER815,Petrol,Automatic,SUV,Black,13625000.0,3.9,283,222,No,18.5,30,0
Mahindra,MAH579,Diesel,Automatic,Pickup,Red,1573000.0,2.2,211,183,Yes,17.2,337,1
Maruti Suzuki,MAR603,Petrol,Automatic,Sedan,Green,658000.0,1.5,65,129,No,15.1,601,1
Mercedes,MER931,Diesel,Manual,Hatchback,Silver,9341000.0,4.9,435,203,Yes,17.1,401,1
Ford,FOR517,Petrol,Manual,SUV,Silver,3106000.0,1.2,212,199,No,16.1,371,1
Honda,HON639,Electric,Manual,Hatchback,Grey,4684000.0,3.3,173,188,No,39.9,293,1
Audi,AUD751,Diesel,Manual,Pickup,Grey,9224000.0,4.7,381,187,Yes,19.9,70,0
Mahindra,MAH375,Hybrid,Automatic,Sedan,Red,3746000.0,3.2,97,180,No,27.0,600,1
Hyundai,HYU959,Electric,Manual,SUV,Green,4096000.0,2.1,225,153,Yes,29.1,627,1
Honda,HON238,Petrol,Automatic,Sedan,Silver,1485000.0,2.0,150,204,No,17.2,741,1
Kia,KIA716,Petrol,Manual,Pickup,Black,1513000.0,1.6,190,191,Yes,18.2,228,1
BMW,BMW155,Electric,Automatic,Coupe,Black,11595000.0,4.2,364,315,No,28.2,575,1
Mercedes,MER765,Hybrid,Manual,Pickup,Blue,16200000.0,2.6,321,204,No,25.3,365,1
Mahindra,MAH994,Diesel,Manual,Coupe,Red,1938000.0,1.3,181,203,Yes,13.5,249,1
Honda,HON755,Petrol,Manual,Pickup,Grey,4687000.0,2.5,220,173,Yes,19.2,430,1
Maruti Suzuki,MAR414,Diesel,Manual,Hatchback,Silver,1396000.0,1.6,89,163,Yes,16.5,495,1
Honda,HON821,Hybrid,Automatic,SUV,Red,3057000.0,2.3,105,171,Yes,25.1,382,1
Honda,HON139,Diesel,Manual,Pickup,Silver,3463000.0,1.4,145,205,Yes,17.2,568,1
Honda,HON393,Hybrid,Manual,SUV,Grey,3199000.0,2.3,246,215,Yes,23.6,378,1
Honda,HON624,Diesel,Automatic,Sedan,Silver,1629000.0,1.9,94,141,Yes,15.2,870,1
Hyundai,HYU578,Petrol,Manual,Coupe,Grey,1236000.0,1.7,93,232,No,13.2,623,1
Maruti Suzuki,MAR278,Diesel,Manual,Coupe,Green,1988000.0,1.6,73,129,No,17.0,643,1
Hyundai,HYU870,Petrol,Automatic,Hatchback,Black,2504000.0,2.6,139,219,Yes,18.0,629,1
Hyundai,HYU636,Electric,Manual,Hatchback,Grey,3350000.0,2.2,188,167,Yes,25.4,651,1
BMW,BMW792,Petrol,Automatic,Pickup,Grey,12930000.0,2.3,418,198,Yes,14.0,225,1
Toyota,TOY620,Diesel,Manual,Coupe,Black,2420000.0,2.5,177,214,No,17.7,558,1
Mercedes,MER401,Hybrid,Automatic,Pickup,Black,8705000.0,4.3,359,227,No,24.8,97,0
Ford,FOR801,Hybrid,Automatic,Hatchback,Grey,3350000.0,1.4,226,144,No,21.5,586,1
Tata,TAT323,Electric,Manual,Hatchback,Silver,782000.0,1.9,118,156,No,32.2,575,1
Kia,KIA408,Petrol,Manual,SUV,Red,3577000.0,2.0,168,213,Yes,19.6,327,1
Tata,TAT722,Hybrid,Manual,SUV,Red,939000.0,1.3,86,138,Yes,23.7,539,1
Ford,FOR223,Petrol,Manual,Hatchback,Blue,3736000.0,3.0,207,205,No,12.3,717,1
Maruti Suzuki,MAR753,Diesel,Automatic,Pickup,Green,667000.0,1.3,98,171,No,19.3,755,1
Mahindra,MAH328,Petrol,Automatic,Coupe,Green,3212000.0,2.5,223,217,No,16.1,310,1
Ford,FOR153,Hybrid,Automatic,Coupe,White,3954000.0,1.7,173,238,Yes,21.1,364,1
Honda,HON197,Hybrid,Manual,Hatchback,Grey,3781000.0,1.6,219,188,Yes,21.9,746,1
Hyundai,HYU385,Diesel,Manual,SUV,Blue,3579000.0,2.2,233,181,Yes,16.0,506,1
BMW,BMW566,Electric,Manual,Pickup,White,6786000.0,4.8,227,216,Yes,37.1,271,1
Kia,KIA279,Diesel,Manual,SUV,Grey,2346000.0,2.9,180,208,Yes,19.2,126,1
Kia,KIA955,Petrol,Automatic,Coupe,Grey,3680000.0,2.9,177,206,No,17.2,324,1
Maruti Suzuki,MAR301,Hybrid,Manual,SUV,White,1083000.0,1.4,86,124,No,25.0,725,1
Honda,HON323,Diesel,Manual,Hatchback,Green,2979000.0,2.6,148,189,No,19.0,465,1
Mercedes,MER883,Petrol,Manual,SUV,Grey,7379000.0,4.9,370,203,No,13.2,281,1
Mercedes,MER537,Diesel,Automatic,Pickup,White,6061000.0,2.5,192,243,No,16.3,331,1
Ford,FOR734,Petrol,Manual,Hatchback,Green,4566000.0,3.2,244,175,No,19.6,430,1
Mercedes,MER380,Petrol,Manual,Hatchback,White,13260000.0,2.2,364,228,No,19.2,381,1
Tata,TAT856,Diesel,Manual,Pickup,Grey,573000.0,1.3,63,151,No,18.5,228,1
Hyundai,HYU902,Hybrid,Manual,Coupe,Grey,1984000.0,2.4,122,188,Yes,25.1,573,1
BMW,BMW433,Diesel,Automatic,Sedan,Green,5622000.0,2.3,328,221,No,12.2,135,1
Kia,KIA215,Diesel,Manual,Pickup,Silver,3603000.0,3.1,205,150,No,16.7,318,1
Tata,TAT775,Hybrid,Automatic,Hatchback,Red,2148000.0,1.9,111,169,No,27.4,511,1
Honda,HON892,Electric,Manual,SUV,Green,3750000.0,2.8,219,192,No,29.9,572,1
Mahindra,MAH827,Petrol,Manual,Coupe,Silver,1695000.0,2.8,242,229,No,20.0,261,1
Honda,HON746,Hybrid,Manual,SUV,Red,3355000.0,1.3,222,162,Yes,24.5,282,1
Toyota,TOY290,Petrol,Automatic,SUV,Black,2763000.0,2.1,191,205,No,14.4,264,1
Mahindra,MAH777,Petrol,Manual,Sedan,White,2250000.0,2.7,197,212,No,12.1,310,1
BMW,BMW566,Hybrid,Automatic,Pickup,Grey,11505000.0,2.3,296,195,Yes,22.5,426,1
Mercedes,MER499,Diesel,Manual,Hatchback,White,13254000.0,4.4,380,221,No,16.3,262,1
Toyota,TOY555,Petrol,Manual,Sedan,Grey,2825000.0,1.8,126,188,No,16.2,390,1
Ford,FOR166,Diesel,Manual,SUV,Silver,1646000.0,3.1,202,192,Yes,12.6,436,1
Maruti Suzuki,MAR676,Hybrid,Manual,Coupe,Blue,1886000.0,1.3,69,146,No,23.6,572,1
BMW,BMW648,Hybrid,Manual,Sedan,Blue,14991000.0,4.9,278,184,Yes,29.0,318,1
Audi,AUD324,Hybrid,Automatic,Coupe,Red,7144000.0,2.1,311,254,No,23.3,275,1
Kia,KIA264,Petrol,Automatic,Coupe,Blue,4880000.0,3.1,195,191,Yes,17.9,269,1
Mercedes,MER418,Diesel,Automatic,Sedan,Green,14276000.0,2.5,252,184,No,18.4,444,1
Maruti Suzuki,MAR480,Hybrid,Automatic,Hatchback,Red,1515000.0,1.3,69,122,Yes,21.7,359,1
Mahindra,MAH336,Petrol,Manual,Pickup,Silver,2461000.0,3.2,172,198,Yes,12.3,255,1
Kia,KIA608,Electric,Manual,Coupe,Silver,2412000.0,2.3,119,188,Yes,38.1,403,1
Mercedes,MER706,Diesel,Automatic,Hatchback,Silver,7768000.0,3.9,442,248,No,15.8,182,1
Kia,KIA172,Electric,Manual,Sedan,Red,1942000.0,1.7,232,212,Yes,34.1,465,1
Hyundai,HYU707,Petrol,Manual,SUV,Blue,3885000.0,3.1,199,182,No,13.9,678,1
Toyota,TOY619,Hybrid,Automatic,Sedan,Red,3580000.0,2.3,137,204,Yes,27.0,212,1
Hyundai,HYU443,Petrol,Automatic,SUV,Grey,3897000.0,1.4,194,203,Yes,14.8,659,1
Ford,FOR441,Hybrid,Automatic,SUV,Green,4636000.0,3.2,137,140,Yes,23.0,437,1
Mercedes,MER161,Petrol,Automatic,Coupe,Silver,15067000.0,2.2,307,265,Yes,12.7,150,0
Audi,AUD604,Petrol,Automatic,Pickup,Silver,9863000.0,3.0,324,226,No,17.6,290,1
Hyundai,HYU292,Hybrid,Manual,SUV,Red,3833000.0,3.2,161,211,No,28.7,503,1
Kia,KIA212,Hybrid,Manual,Sedan,White,2933000.0,2.1,239,197,Yes,29.3,420,1
Honda,HON941,Electric,Automatic,Hatchback,Red,1864000.0,1.9,245,165,No,26.4,640,1
Hyundai,HYU241,Hybrid,Automatic,Sedan,Blue,3705000.0,2.9,135,163,Yes,24.7,677,1
Kia,KIA957,Petrol,Manual,SUV,White,3944000.0,2.7,141,181,Yes,15.6,284,1
Honda,HON225,Petrol,Automatic,Pickup,Green,2716000.0,3.2,167,206,No,12.8,493,1
Tata,TAT322,Petrol,Manual,Coupe,Grey,1411000.0,1.2,103,125,Yes,16.6,892,1
Maruti Suzuki,MAR511,Diesel,Automatic,Hatchback,Grey,1605000.0,1.9,91,128,Yes,16.6,602,1
Kia,KIA124,Petrol,Manual,Pickup,Blue,1829000.0,2.3,239,197,Yes,12.6,274,1
Toyota,TOY679,Electric,Manual,Sedan,Silver,2369000.0,2.7,233,142,No,37.2,645,1
Toyota,TOY498,Diesel,Manual,Hatchback,Grey,4934000.0,2.9,226,168,Yes,16.4,728,1
Toyota,TOY549,Diesel,Manual,Pickup,Black,3216000.0,1.9,181,158,Yes,13.1,608,1
Kia,KIA328,Diesel,Manual,Sedan,Blue,4347000.0,2.3,192,148,Yes,19.2,240,1
Ford,FOR236,Diesel,Automatic,Sedan,Green,3593000.0,3.0,217,160,Yes,16.2,370,1
Kia,KIA468,Petrol,Manual,SUV,Black,2777000.0,3.2,239,199,Yes,13.9,358,1
Mahindra,MAH543,Hybrid,Manual,Sedan,Green,2333000.0,1.3,223,207,No,26.3,206,1
Tata,TAT895,Petrol,Automatic,Sedan,Blue,1926000.0,1.7,114,163,No,18.6,467,1
Honda,HON708,Petrol,Manual,Pickup,Silver,3838000.0,2.7,158,212,Yes,17.2,335,1
Toyota,TOY272,Hybrid,Manual,Sedan,Red,2288000.0,2.5,134,157,Yes,25.3,372,1
Maruti Suzuki,MAR537,Hybrid,Manual,Pickup,Green,903000.0,1.8,89,154,Yes,21.5,467,1
Tata,TAT946,Diesel,Manual,Hatchback,Silver,1941000.0,1.8,73,156,No,13.9,242,1
Mahindra,MAH243,Hybrid,Manual,Hatchback,Green,5059000.0,3.4,180,195,No,28.0,444,1
Honda,HON632,Petrol,Manual,SUV,Red,4621000.0,2.6,191,207,Yes,17.4,610,1
Toyota,TOY573,Petrol,Manual,SUV,Blue,3351000.0,1.7,149,151,No,16.0,412,1
Toyota,TOY749,Petrol,Manual,SUV,Black,3468000.0,3.0,143,206,No,16.9,398,1
Hyundai,HYU517,Petrol,Manual,Coupe,Green,3442000.0,1.9,177,224,No,16.7,551,1
Mercedes,MER690,Petrol,Automatic,Sedan,Silver,17707000.0,4.5,253,209,Yes,13.9,204,0
Honda,HON571,Petrol,Automatic,Sedan,Red,1211000.0,1.6,90,197,No,15.4,611,1
Mercedes,MER349,Diesel,Automatic,Hatchback,White,17895000.0,4.9,353,212,Yes,14.4,84,0
Maruti Suzuki,MAR992,Electric,Manual,Hatchback,Black,908000.0,1.2,84,179,No,25.0,519,1
Kia,KIA622,Petrol,Manual,Sedan,Silver,3485000.0,2.0,163,151,Yes,15.2,271,1
Audi,AUD506,Diesel,Manual,Coupe,Red,6430000.0,3.6,206,294,No,16.5,161,1
Kia,KIA191,Petrol,Automatic,Hatchback,Silver,2355000.0,1.4,173,181,No,15.7,592,1
Ford,FOR371,Diesel,Manual,Hatchback,Black,4200000.0,3.1,210,151,Yes,17.0,385,1
Mercedes,MER878,Hybrid,Manual,Pickup,Black,10159000.0,2.4,412,222,No,23.5,124,0
Ford,FOR856,Petrol,Manual,SUV,Green,1665000.0,2.4,237,187,No,19.8,380,1
Maruti Suzuki,MAR438,Hybrid,Automatic,Coupe,Silver,1827000.0,1.5,65,154,No,26.1,438,1
Tata,TAT131,Hybrid,Manual,SUV,Silver,1889000.0,1.8,106,159,No,22.2,707,1
Maruti Suzuki,MAR179,Petrol,Automatic,Pickup,Black,2034000.0,1.1,92,138,No,13.8,527,1
Tata,TAT917,Petrol,Automatic,Sedan,Black,1377000.0,1.6,60,166,No,18.6,280,1
Hyundai,HYU632,Petrol,Automatic,Sedan,Silver,2643000.0,2.5,215,141,Yes,19.8,833,1
Hyundai,HYU721,Hybrid,Manual,SUV,White,4358000.0,2.9,211,171,Yes,27.5,674,1
Hyundai,HYU639,Diesel,Manual,SUV,Grey,1912000.0,1.9,178,165,Yes,15.4,514,1
Kia,KIA857,Diesel,Manual,Hatchback,Blue,3251000.0,3.2,173,168,No,14.0,416,1
Audi,AUD880,Petrol,Automatic,Hatchback,Black,12199000.0,2.4,239,206,Yes,14.9,30,0
Mahindra,MAH829,Petrol,Automatic,Pickup,Red,2759000.0,3.0,141,180,Yes,17.0,415,1
BMW,BMW821,Hybrid,Manual,Coupe,Silver,12859000.0,3.3,398,229,No,28.8,108,0
Mahindra,MAH826,Diesel,Manual,Hatchback,Red,3472000.0,2.6,230,205,Yes,16.8,238,1
Audi,AUD226,Diesel,Manual,SUV,Green,9678000.0,2.2,204,238,Yes,12.5,483,1
Maruti Suzuki,MAR556,Petrol,Manual,Coupe,Blue,868000.0,1.8,60,136,Yes,16.7,807,1
BMW,BMW515,Diesel,Manual,Hatchback,Red,12323000.0,3.5,375,214,No,16.9,321,1
Honda,HON853,Petrol,Automatic,Pickup,White,4006000.0,2.1,151,140,Yes,16.9,450,1
Ford,FOR217,Electric,Automatic,SUV,Grey,3827000.0,2.5,133,202,Yes,29.0,275,1
Mahindra,MAH540,Petrol,Automatic,Coupe,Black,3589000.0,2.6,117,243,Yes,13.6,177,1
Kia,KIA269,Hybrid,Manual,Pickup,Black,1631000.0,2.9,200,203,Yes,22.6,253,1
Hyundai,HYU338,Petrol,Manual,Hatchback,White,2893000.0,2.7,160,195,No,17.1,588,1
BMW,BMW453,Hybrid,Manual,Pickup,Green,13684000.0,4.0,221,198,No,23.9,197,1
Audi,AUD127,Diesel,Manual,SUV,Grey,9102000.0,2.7,397,224,Yes,16.5,253,1
Audi,AUD465,Petrol,Manual,Coupe,Silver,9545000.0,4.4,441,287,Yes,19.9,247,1
Kia,KIA962,Petrol,Manual,Coupe,Black,3020000.0,1.7,122,202,Yes,12.1,178,1
Kia,KIA948,Diesel,Automatic,Pickup,Black,3786000.0,2.0,166,217,No,13.9,484,1
Mahindra,MAH867,Petrol,Automatic,Hatchback,Silver,3708000.0,2.9,125,180,No,14.8,388,1
Honda,HON157,Petrol,Manual,SUV,Silver,2983000.0,3.0,127,200,Yes,18.9,646,1
BMW,BMW276,Petrol,Manual,Sedan,White,16957000.0,4.4,290,248,Yes,15.0,95,0
Mahindra,MAH580,Diesel,Automatic,Hatchback,Blue,4884000.0,2.8,210,145,Yes,18.1,363,1
Tata,TAT906,Hybrid,Manual,Sedan,Grey,1871000.0,1.7,77,149,Yes,21.1,257,1
Mahindra,MAH875,Diesel,Manual,Hatchback,Red,2191000.0,1.6,126,146,Yes,19.4,273,1
Hyundai,HYU186,Petrol,Manual,Coupe,Red,3012000.0,2.1,175,223,Yes,19.4,465,1
Tata,TAT532,Petrol,Manual,Sedan,Blue,2066000.0,1.4,61,128,Yes,12.2,367,1
Toyota,TOY522,Petrol,Automatic,Coupe,Grey,4554000.0,1.8,237,249,No,16.8,30,0
Mahindra,MAH133,Diesel,Manual,Coupe,Blue,3511000.0,2.2,239,217,No,17.5,225,1
Tata,TAT801,Diesel,Manual,Pickup,Red,1893000.0,1.1,73,126,No,13.1,196,1
Hyundai,HYU692,Diesel,Manual,SUV,Grey,2932000.0,3.5,115,183,Yes,12.8,571,1
Audi,AUD302,Petrol,Manual,Pickup,Grey,10600000.0,3.6,435,207,No,12.5,94,0
Mahindra,MAH364,Petrol,Automatic,Pickup,Green,2048000.0,2.6,100,177,Yes,16.9,250,1
Ford,FOR413,Petrol,Manual,SUV,Grey,2631000.0,1.2,247,169,Yes,18.2,306,1
Hyundai,HYU160,Diesel,Manual,Sedan,Green,2316000.0,2.0,93,168,No,19.1,246,1
Tata,TAT162,Petrol,Manual,Hatchback,Red,1635000.0,1.1,95,173,Yes,17.6,435,1
Hyundai,HYU803,Petrol,Manual,Sedan,White,3589000.0,3.2,239,214,Yes,12.1,273,1
Kia,KIA779,Hybrid,Automatic,Sedan,Blue,3608000.0,1.3,132,181,No,24.8,278,1
Mercedes,MER533,Hybrid,Manual,Pickup,Silver,14674000.0,2.7,253,244,Yes,20.8,565,1
Toyota,TOY380,Petrol,Manual,Coupe,White,3489000.0,2.8,170,228,No,13.4,292,1
Toyota,TOY905,Petrol,Automatic,Coupe,Blue,3488000.0,2.7,240,231,Yes,16.3,374,1
Tata,TAT670,Diesel,Manual,Pickup,Green,2119000.0,1.5,93,155,No,15.3,442,1
Mahindra,MAH700,Petrol,Manual,Coupe,Green,3570000.0,2.9,234,241,Yes,16.1,361,1
Tata,TAT590,Diesel,Automatic,Pickup,Silver,1612000.0,1.4,88,174,Yes,19.4,545,1
BMW,BMW353,Hybrid,Manual,SUV,Blue,16858000.0,3.7,448,211,No,27.1,30,0
Mahindra,MAH869,Petrol,Automatic,Pickup,Silver,4110000.0,2.3,227,183,No,15.3,264,1
BMW,BMW586,Petrol,Manual,Hatchback,White,15140000.0,4.8,247,204,Yes,13.2,118,0
Maruti Suzuki,MAR485,Petrol,Manual,SUV,White,1851000.0,2.0,98,157,Yes,16.4,635,1
Tata,TAT491,Diesel,Manual,Sedan,White,1663000.0,1.7,113,167,Yes,18.2,436,1
Honda,HON790,Hybrid,Manual,Pickup,Grey,4909000.0,3.5,183,148,Yes,24.6,451,1
Ford,FOR471,Petrol,Manual,Sedan,White,2418000.0,1.4,207,165,No,14.1,613,1
BMW,BMW146,Petrol,Automatic,Hatchback,Grey,13217000.0,3.7,277,224,No,14.2,154,0
Mercedes,MER293,Diesel,Automatic,SUV,Grey,8571000.0,4.3,371,192,Yes,12.9,304,1
Hyundai,HYU473,Petrol,Manual,SUV,Black,4192000.0,3.0,142,192,Yes,13.0,491,1
Kia,KIA840,Diesel,Manual,SUV,Silver,2363000.0,1.4,166,173,Yes,15.6,350,1
Tata,TAT528,Petrol,Automatic,Coupe,Black,670000.0,1.4,105,142,Yes,17.7,333,1
Toyota,TOY168,Petrol,Manual,Coupe,Black,3331000.0,3.4,107,182,Yes,16.9,117,1
BMW,BMW211,Petrol,Manual,Hatchback,Silver,18983000.0,5.0,310,212,Yes,17.2,558,1
Mahindra,MAH799,Petrol,Manual,Pickup,Grey,4384000.0,2.9,169,176,Yes,17.1,427,1
Mahindra,MAH719,Hybrid,Manual,Hatchback,Blue,2589000.0,2.3,92,153,No,24.9,215,1
Hyundai,HYU656,Petrol,Manual,Coupe,Red,2722000.0,2.0,106,247,Yes,18.8,672,1
Kia,KIA826,Petrol,Manual,Pickup,Red,1746000.0,2.9,145,219,Yes,14.4,409,1
Audi,AUD263,Petrol,Automatic,SUV,Green,15100000.0,2.6,371,184,No,19.4,30,0
Toyota,TOY945,Petrol,Manual,SUV,Blue,1872000.0,3.3,168,175,No,19.8,402,1
BMW,BMW278,Petrol,Manual,Coupe,Silver,12175000.0,3.5,333,202,Yes,17.7,87,0
Mercedes,MER996,Petrol,Manual,Sedan,Red,12888000.0,2.3,333,219,No,17.5,233,1
Tata,TAT890,Diesel,Automatic,Pickup,Green,1072000.0,1.5,106,162,No,13.0,391,1
Mahindra,MAH225,Petrol,Automatic,Coupe,White,3448000.0,3.4,115,239,Yes,17.6,188,1
Tata,TAT954,Hybrid,Manual,Pickup,Silver,1105000.0,1.9,81,123,Yes,26.0,640,1
Mahindra,MAH130,Electric,Manual,Pickup,Red,2008000.0,3.0,192,209,Yes,36.8,259,1
Tata,TAT160,Diesel,Automatic,SUV,Blue,1898000.0,1.4,118,164,No,12.1,368,1
Hyundai,HYU391,Petrol,Manual,SUV,Silver,3453000.0,1.4,112,198,No,18.9,277,1
Maruti Suzuki,MAR524,Electric,Manual,Pickup,Black,1115000.0,1.3,79,134,Yes,34.1,646,1
Hyundai,HYU190,Diesel,Manual,Pickup,Red,3771000.0,1.9,119,207,No,17.9,570,1
Audi,AUD103,Diesel,Manual,SUV,White,13161000.0,3.4,341,192,No,15.8,77,0
Toyota,TOY634,Hybrid,Automatic,Coupe,Silver,3523000.0,2.2,198,211,No,23.3,286,1
Toyota,TOY558,Petrol,Manual,Sedan,Blue,1670000.0,2.7,225,168,Yes,12.4,149,1
Mahindra,MAH437,Diesel,Manual,Hatchback,Grey,3914000.0,1.8,110,169,Yes,17.9,392,1
Kia,KIA556,Hybrid,Manual,Coupe,Blue,2386000.0,1.5,142,230,No,26.1,93,1
Toyota,TOY961,Electric,Automatic,Coupe,Green,1710000.0,1.6,192,236,No,30.2,222,1
Maruti Suzuki,MAR109,Petrol,Manual,Coupe,Grey,1048000.0,1.0,106,144,Yes,18.5,651,1
Mercedes,MER863,Diesel,Manual,Sedan,Blue,14585000.0,4.5,257,192,Yes,19.8,319,1
Kia,KIA543,Diesel,Automatic,Coupe,White,1493000.0,2.0,208,185,No,16.5,427,1
Maruti Suzuki,MAR318,Petrol,Manual,Hatchback,Black,1175000.0,1.0,74,137,Yes,12.9,402,1
Toyota,TOY976,Petrol,Manual,SUV,Silver,2529000.0,3.3,164,171,No,17.8,500,1
Audi,AUD966,Diesel,Automatic,Pickup,Green,14251000.0,2.1,301,222,No,14.5,33,0
Mercedes,MER195,Petrol,Automatic,SUV,Silver,12577000.0,2.9,252,241,Yes,13.3,169,0
Ford,FOR480,Petrol,Manual,SUV,Grey,1577000.0,1.8,187,149,No,15.8,503,1
Toyota,TOY375,Petrol,Manual,Hatchback,Blue,2232000.0,3.1,127,194,Yes,15.4,456,1
Maruti Suzuki,MAR240,Diesel,Manual,Pickup,Red,782000.0,1.7,73,130,No,14.9,418,1
Ford,FOR206,Petrol,Automatic,Hatchback,White,1746000.0,1.2,165,174,No,13.9,454,1
BMW,BMW916,Hybrid,Automatic,Pickup,Grey,6766000.0,3.3,392,230,Yes,28.6,221,1
BMW,BMW895,Hybrid,Manual,Coupe,Grey,10392000.0,3.1,407,289,No,29.9,30,0
Kia,KIA228,Petrol,Manual,Hatchback,Grey,3074000.0,2.3,104,219,No,16.4,235,1
Audi,AUD885,Petrol,Manual,Hatchback,White,12614000.0,4.8,224,200,Yes,13.2,495,1
Maruti Suzuki,MAR805,Hybrid,Manual,Coupe,White,1714000.0,1.1,64,137,No,25.1,520,1
Tata,TAT545,Hybrid,Manual,Pickup,Green,2255000.0,2.0,76,163,No,25.8,483,1
Toyota,TOY402,Electric,Manual,SUV,White,2041000.0,1.8,168,173,Yes,29.4,387,1
Mercedes,MER949,Diesel,Manual,Coupe,White,12519000.0,2.6,324,238,Yes,16.2,408,1
Maruti Suzuki,MAR335,Electric,Manual,Hatchback,Black,1916000.0,1.8,81,161,Yes,39.1,447,1
Maruti Suzuki,MAR790,Diesel,Manual,Hatchback,Green,1657000.0,1.1,112,150,Yes,15.1,654,1
Mercedes,MER481,Petrol,Automatic,Sedan,Black,6868000.0,3.1,423,181,No,15.8,175,1
Mahindra,MAH725,Diesel,Manual,Sedan,Black,2793000.0,2.5,164,153,Yes,12.1,400,1
Ford,FOR516,Diesel,Manual,SUV,Red,3442000.0,3.3,107,156,Yes,15.0,258,1
Honda,HON396,Diesel,Automatic,Coupe,Silver,4001000.0,1.3,240,219,Yes,17.3,572,1
Kia,KIA256,Petrol,Automatic,Pickup,Black,2611000.0,3.0,116,143,Yes,15.2,414,1
Mercedes,MER248,Petrol,Manual,SUV,Grey,11036000.0,3.7,215,238,Yes,18.3,290,1
Toyota,TOY942,Diesel,Manual,Hatchback,Grey,3732000.0,2.3,244,210,No,17.2,608,1
Tata,TAT134,Petrol,Manual,Pickup,White,1483000.0,1.4,78,144,No,16.6,273,1
Tata,TAT744,Diesel,Manual,Hatchback,White,1280000.0,1.3,105,151,Yes,12.5,628,1
Audi,AUD180,Petrol,Manual,Hatchback,Black,15477000.0,3.0,433,185,Yes,19.7,205,0
Kia,KIA247,Diesel,Manual,Sedan,White,1897000.0,1.2,159,168,No,16.3,421,1
Maruti Suzuki,MAR961,Diesel,Automatic,Hatchback,Green,1191000.0,1.4,68,122,No,17.1,661,1
Toyota,TOY284,Petrol,Manual,Pickup,Blue,1757000.0,2.9,176,155,Yes,16.3,362,1
Toyota,TOY581,Hybrid,Automatic,Sedan,Red,3640000.0,2.3,113,197,Yes,21.9,205,1
Audi,AUD378,Diesel,Manual,Hatchback,White,14144000.0,3.4,302,239,No,17.7,507,1
BMW,BMW168,Diesel,Automatic,SUV,Blue,14640000.0,4.3,375,228,No,18.6,301,1
Toyota,TOY973,Hybrid,Manual,SUV,Red,3321000.0,2.1,165,197,Yes,28.8,268,1
Maruti Suzuki,MAR853,Diesel,Automatic,Hatchback,Green,2079000.0,1.6,70,159,No,19.9,410,1
Tata,TAT323,Petrol,Manual,Coupe,Green,1938000.0,1.7,72,172,No,16.2,451,1
Honda,HON278,Petrol,Automatic,Hatchback,Silver,1563000.0,2.3,133,197,Yes,19.7,560,1
BMW,BMW407,Diesel,Automatic,Sedan,Red,15149000.0,4.7,302,234,No,18.7,260,1
Mahindra,MAH604,Diesel,Manual,Coupe,Black,3392000.0,2.8,130,236,Yes,19.6,578,1
BMW,BMW891,Petrol,Automatic,Hatchback,Red,12432000.0,4.1,378,226,Yes,16.4,229,1
Mercedes,MER317,Hybrid,Manual,Coupe,White,7356000.0,4.5,361,301,Yes,21.4,351,1
Tata,TAT448,Petrol,Manual,Coupe,Silver,658000.0,1.9,68,168,No,18.6,393,1
Kia,KIA226,Petrol,Automatic,Coupe,Black,3784000.0,3.2,158,208,Yes,15.5,410,1
Toyota,TOY333,Diesel,Manual,Pickup,Grey,1991000.0,3.3,229,219,Yes,16.7,285,1
BMW,BMW913,Petrol,Manual,Sedan,Grey,15330000.0,3.9,423,238,No,19.5,346,1
Tata,TAT436,Diesel,Automatic,Coupe,Grey,2042000.0,1.9,63,170,No,16.9,415,1
Mahindra,MAH240,Diesel,Manual,Hatchback,Grey,3373000.0,2.0,164,194,No,19.3,277,1
Ford,FOR122,Hybrid,Automatic,Coupe,Red,3842000.0,2.2,152,196,Yes,23.7,195,1
Mahindra,MAH787,Diesel,Manual,Sedan,Green,2590000.0,2.5,175,142,No,19.6,330,1
BMW,BMW345,Petrol,Automatic,Coupe,Silver,6978000.0,2.0,200,269,No,13.1,232,1
Honda,HON416,Diesel,Manual,Pickup,Black,2937000.0,1.5,140,173,No,13.3,382,1
Mahindra,MAH901,Petrol,Manual,Sedan,Grey,2447000.0,1.4,97,181,No,14.0,275,1
Maruti Suzuki,MAR629,Petrol,Manual,Sedan,Silver,2189000.0,1.7,108,172,No,19.8,470,1
Mahindra,MAH270,Petrol,Manual,Hatchback,Blue,3809000.0,2.6,148,154,Yes,17.5,298,1
Toyota,TOY805,Petrol,Automatic,SUV,Green,3610000.0,2.3,159,172,No,16.0,426,1
Audi,AUD640,Petrol,Automatic,Pickup,Black,11582000.0,4.2,416,241,Yes,13.8,205,1
Toyota,TOY362,Petrol,Automatic,Sedan,Blue,2461000.0,2.9,138,144,No,15.0,511,1
Kia,KIA706,Diesel,Automatic,Coupe,Red,3607000.0,2.0,190,226,Yes,17.9,326,1
Tata,TAT801,Electric,Manual,Coupe,Black,834000.0,1.3,85,162,Yes,25.2,637,1
Mercedes,MER773,Electric,Manual,Hatchback,Black,10532000.0,4.3,361,231,Yes,37.2,302,1
Ford,FOR347,Hybrid,Automatic,Coupe,Silver,3191000.0,3.5,181,194,No,22.9,508,1
Audi,AUD439,Petrol,Automatic,Sedan,Grey,14418000.0,4.8,228,185,Yes,19.1,215,1
Mahindra,MAH317,Petrol,Manual,Pickup,Black,2629000.0,2.7,142,210,Yes,12.9,363,1
Mahindra,MAH936,Hybrid,Manual,SUV,Black,1392000.0,1.7,135,149,No,20.7,201,1
Maruti Suzuki,MAR313,Petrol,Automatic,Hatchback,Red,2080000.0,1.4,100,133,Yes,13.9,674,1
Maruti Suzuki,MAR735,Petrol,Manual,Sedan,Grey,1581000.0,1.6,106,165,Yes,17.4,745,1
Mahindra,MAH685,Petrol,Automatic,Coupe,Blue,3981000.0,3.5,221,183,Yes,14.6,281,1
Mahindra,MAH216,Petrol,Automatic,SUV,Grey,3431000.0,2.9,178,202,No,14.3,565,1
Kia,KIA577,Petrol,Automatic,Sedan,White,2324000.0,2.6,98,147,Yes,17.6,453,1
Tata,TAT278,Petrol,Automatic,SUV,Grey,1254000.0,1.7,109,171,No,13.4,760,1
Hyundai,HYU543,Diesel,Automatic,SUV,Blue,3918000.0,3.0,126,155,Yes,16.7,534,1
Toyota,TOY138,Petrol,Automatic,Hatchback,Grey,3279000.0,1.9,106,197,No,14.4,362,1
Kia,KIA931,Petrol,Automatic,Coupe,White,2422000.0,2.6,147,181,Yes,12.8,314,1
Toyota,TOY680,Hybrid,Automatic,Pickup,Blue,2264000.0,2.7,105,184,No,21.2,317,1
Tata,TAT456,Hybrid,Manual,Coupe,Green,718000.0,1.7,87,169,Yes,21.0,427,1
Tata,TAT814,Petrol,Manual,Coupe,Silver,822000.0,1.3,105,138,Yes,15.3,426,1
BMW,BMW489,Hybrid,Manual,Hatchback,Green,18022000.0,3.6,392,226,No,25.1,215,0
Kia,KIA599,Hybrid,Automatic,Sedan,Green,1684000.0,2.7,114,173,No,26.3,453,1
Honda,HON765,Diesel,Manual,Sedan,Blue,3087000.0,1.5,145,143,No,17.8,607,1
Tata,TAT613,Petrol,Automatic,Coupe,Green,2013000.0,1.3,65,148,No,18.9,409,1
Toyota,TOY538,Diesel,Automatic,Hatchback,Green,4524000.0,3.1,111,213,Yes,15.6,410,1
Hyundai,HYU886,Diesel,Manual,Sedan,White,2730000.0,2.3,223,192,Yes,12.5,660,1
Ford,FOR315,Petrol,Automatic,Pickup,White,1989000.0,1.6,229,173,No,17.2,549,1
Honda,HON255,Petrol,Automatic,SUV,White,3168000.0,2.9,166,162,Yes,14.9,434,1
Tata,TAT497,Petrol,Manual,Coupe,Silver,1012000.0,1.9,107,123,Yes,20.0,670,1
Hyundai,HYU612,Petrol,Manual,Coupe,Blue,3119000.0,1.6,127,228,Yes,18.2,431,1
Kia,KIA181,Diesel,Automatic,Hatchback,Green,2319000.0,2.6,117,148,No,17.4,222,1
Toyota,TOY923,Petrol,Manual,Pickup,Silver,3773000.0,2.4,148,174,No,15.1,324,1
Toyota,TOY985,Petrol,Automatic,SUV,Silver,3187000.0,2.6,164,204,Yes,18.1,209,1
Ford,FOR470,Diesel,Manual,SUV,Red,3417000.0,3.2,210,202,No,19.7,213,1
Audi,AUD140,Electric,Manual,Coupe,Black,18890000.0,4.3,430,207,No,34.4,112,0
Hyundai,HYU880,Petrol,Manual,SUV,Red,1786000.0,2.4,114,150,No,12.1,334,1
Ford,FOR936,Petrol,Manual,SUV,Black,1580000.0,1.9,117,215,No,14.6,549,1
Honda,HON334,Petrol,Manual,SUV,Black,2744000.0,3.1,193,196,Yes,17.1,712,1
Tata,TAT473,Petrol,Automatic,Hatchback,Black,1521000.0,1.1,73,177,Yes,16.3,643,1
Hyundai,HYU210,Petrol,Manual,Sedan,Grey,2808000.0,3.0,173,141,No,17.9,438,1
Mercedes,MER754,Diesel,Manual,Pickup,Blue,15630000.0,2.7,303,188,No,16.8,277,1
Hyundai,HYU521,Diesel,Automatic,Sedan,Silver,2652000.0,2.0,222,140,Yes,18.4,589,1
Kia,KIA242,Diesel,Manual,Pickup,White,2624000.0,1.3,98,210,Yes,18.7,355,1
Ford,FOR324,Diesel,Manual,SUV,Silver,2576000.0,2.6,168,217,No,19.6,338,1
Mercedes,MER517,Diesel,Automatic,Sedan,Black,17955000.0,4.1,439,219,Yes,12.7,216,0
Honda,HON171,Petrol,Manual,Sedan,Silver,3286000.0,2.8,125,171,No,16.8,234,1
Mahindra,MAH552,Diesel,Automatic,Sedan,Silver,2155000.0,3.4,210,140,Yes,18.1,83,1
Audi,AUD814,Diesel,Manual,Pickup,Silver,12138000.0,2.0,279,222,No,15.6,192,1
Mercedes,MER889,Diesel,Automatic,Sedan,Grey,8075000.0,4.9,245,230,No,13.1,415,1
Ford,FOR383,Petrol,Manual,Sedan,Blue,2284000.0,2.2,120,175,No,13.3,639,1
BMW,BMW499,Hybrid,Manual,Hatchback,Blue,6687000.0,4.6,229,195,No,26.6,354,1
Toyota,TOY591,Hybrid,Manual,SUV,Red,2683000.0,2.3,110,204,Yes,26.2,350,1
Maruti Suzuki,MAR191,Petrol,Manual,Pickup,Green,1875000.0,1.6,66,142,Yes,13.9,455,1
Toyota,TOY520,Petrol,Automatic,Coupe,Silver,3255000.0,3.1,159,210,Yes,19.2,648,1
BMW,BMW788,Petrol,Automatic,Sedan,Green,9257000.0,3.8,335,207,Yes,19.9,536,1
Kia,KIA751,Petrol,Manual,SUV,Silver,4437000.0,2.9,175,176,Yes,13.5,504,1
Kia,KIA992,Petrol,Automatic,SUV,Green,2932000.0,3.2,113,180,Yes,17.2,240,1
Hyundai,HYU918,Petrol,Manual,Sedan,Blue,3586000.0,3.2,248,149,Yes,13.0,608,1
Maruti Suzuki,MAR591,Diesel,Manual,Hatchback,White,1221000.0,1.7,84,157,Yes,18.2,481,1
Hyundai,HYU662,Petrol,Manual,Coupe,Red,2924000.0,2.4,104,208,No,16.4,689,1
Toyota,TOY970,Electric,Manual,Pickup,Grey,4495000.0,3.1,150,197,No,30.9,386,1
Audi,AUD266,Diesel,Automatic,Sedan,Black,7319000.0,3.0,199,203,No,15.7,235,1
Toyota,TOY979,Petrol,Automatic,Pickup,Red,3688000.0,1.7,120,181,Yes,17.4,434,1
BMW,BMW523,Petrol,Automatic,Sedan,Grey,5841000.0,2.7,303,203,No,17.7,63,0
Kia,KIA603,Hybrid,Automatic,Sedan,Grey,4158000.0,1.9,206,202,Yes,29.6,356,1
Mahindra,MAH564,Petrol,Manual,Sedan,Red,2975000.0,2.6,143,194,Yes,15.7,468,1
Audi,AUD388,Petrol,Automatic,Coupe,Green,7537000.0,4.6,410,260,Yes,15.9,220,1
BMW,BMW444,Diesel,Manual,Hatchback,Blue,10428000.0,5.0,210,221,Yes,17.5,124,0
Toyota,TOY925,Hybrid,Manual,Sedan,Black,2526000.0,1.5,230,199,No,27.6,447,1
BMW,BMW764,Diesel,Manual,SUV,Black,12329000.0,3.5,220,203,Yes,13.1,136,0
Honda,HON673,Diesel,Manual,Sedan,Silver,3760000.0,2.8,163,150,Yes,14.5,524,1
Honda,HON114,Petrol,Manual,Coupe,White,2387000.0,2.8,108,238,No,18.1,538,1
Maruti Suzuki,MAR212,Petrol,Manual,Pickup,Red,1683000.0,1.7,71,129,Yes,13.9,472,1
Mahindra,MAH928,Diesel,Manual,Pickup,White,2867000.0,3.0,208,214,Yes,12.5,161,1
BMW,BMW715,Diesel,Automatic,SUV,Blue,11337000.0,2.3,353,202,No,17.1,65,0
Tata,TAT559,Petrol,Automatic,Hatchback,Silver,1937000.0,1.2,115,151,No,19.4,569,1
Mahindra,MAH919,Petrol,Automatic,Hatchback,Black,2932000.0,3.0,186,179,Yes,19.3,104,1
Maruti Suzuki,MAR391,Petrol,Automatic,Coupe,Black,1167000.0,1.2,96,157,Yes,15.5,686,1
Mahindra,MAH705,Diesel,Manual,Sedan,Grey,3162000.0,1.5,123,218,Yes,17.8,297,1
Hyundai,HYU669,Hybrid,Manual,Sedan,Blue,4231000.0,1.9,208,197,Yes,22.9,866,1
Ford,FOR943,Diesel,Manual,SUV,Red,3343000.0,3.1,223,208,Yes,18.4,476,1
Hyundai,HYU188,Diesel,Manual,Hatchback,White,3041000.0,2.1,223,179,No,14.0,376,1
Mahindra,MAH594,Petrol,Automatic,SUV,Grey,3284000.0,2.0,131,216,No,18.2,303,1
Honda,HON542,Petrol,Automatic,Sedan,Green,4208000.0,2.6,224,200,Yes,16.8,429,1
Hyundai,HYU165,Petrol,Manual,Sedan,Blue,2806000.0,1.5,176,188,Yes,20.0,640,1
Mahindra,MAH835,Petrol,Manual,SUV,Blue,4842000.0,3.4,145,219,No,15.6,240,1
Tata,TAT339,Diesel,Manual,Pickup,Black,1561000.0,2.0,116,161,Yes,18.4,574,1
Ford,FOR905,Petrol,Manual,SUV,Silver,2151000.0,2.9,188,147,Yes,12.9,397,1
Mercedes,MER393,Petrol,Manual,SUV,Blue,7162000.0,3.4,276,218,No,17.7,116,1
Maruti Suzuki,MAR265,Petrol,Manual,SUV,Black,1700000.0,1.5,87,143,Yes,18.9,421,1
Honda,HON879,Petrol,Manual,Pickup,Black,3818000.0,2.0,225,166,No,17.6,324,1
Kia,KIA343,Diesel,Automatic,Pickup,Green,1497000.0,2.1,144,205,No,19.7,543,1
Ford,FOR313,Petrol,Automatic,Hatchback,Silver,4214000.0,3.4,219,146,Yes,17.7,326,1
Hyundai,HYU447,Petrol,Automatic,SUV,Black,2566000.0,1.2,130,213,Yes,19.4,530,1
Maruti Suzuki,MAR933,Diesel,Manual,Sedan,Green,1509000.0,1.8,111,156,No,19.4,572,1
BMW,BMW782,Diesel,Manual,Coupe,Blue,12721000.0,4.7,302,233,Yes,19.3,261,1
BMW,BMW581,Petrol,Manual,Hatchback,Red,11173000.0,4.0,448,181,Yes,19.2,30,0
Ford,FOR759,Petrol,Manual,SUV,Red,1316000.0,2.0,116,200,Yes,12.4,81,1
Kia,KIA914,Electric,Manual,Coupe,White,1898000.0,3.0,124,195,No,29.1,420,1
Toyota,TOY849,Petrol,Manual,Coupe,White,3099000.0,2.7,92,196,Yes,15.4,515,1
Ford,FOR288,Diesel,Automatic,Sedan,Red,3868000.0,2.6,144,196,No,18.7,299,1
Ford,FOR613,Petrol,Automatic,Hatchback,Grey,3655000.0,3.0,209,185,No,14.5,231,1
Kia,KIA996,Petrol,Automatic,Sedan,Blue,4382000.0,3.1,221,177,No,13.5,449,1
Kia,KIA257,Diesel,Automatic,SUV,Silver,1980000.0,2.9,231,192,Yes,13.2,646,1
Audi,AUD401,Petrol,Automatic,Hatchback,White,17383000.0,4.2,441,188,No,16.6,41,0
Honda,HON785,Diesel,Manual,Sedan,Black,4146000.0,3.2,229,218,Yes,16.1,409,1
BMW,BMW978,Petrol,Automatic,Coupe,Red,10883000.0,2.8,400,318,No,14.1,432,1
Maruti Suzuki,MAR161,Petrol,Manual,SUV,Grey,718000.0,1.8,97,177,Yes,14.0,597,1
Kia,KIA902,Diesel,Automatic,Pickup,Red,1494000.0,1.8,110,157,Yes,12.8,232,1
BMW,BMW941,Petrol,Manual,Pickup,Silver,15688000.0,2.8,299,242,No,17.4,474,1
Kia,KIA960,Petrol,Manual,Coupe,Black,4471000.0,3.2,192,242,No,16.3,479,1
Audi,AUD132,Petrol,Manual,Sedan,Blue,9996000.0,4.6,326,243,No,12.3,335,1
Mercedes,MER145,Hybrid,Manual,Hatchback,Silver,10623000.0,4.8,437,241,Yes,25.6,180,1
Toyota,TOY268,Petrol,Manual,Sedan,White,3929000.0,3.2,214,190,Yes,19.9,74,1
BMW,BMW362,Petrol,Manual,Coupe,Grey,15303000.0,2.5,443,237,No,15.4,112,0
Ford,FOR786,Diesel,Manual,Sedan,Blue,2151000.0,2.5,99,151,Yes,18.0,263,1
Audi,AUD527,Electric,Manual,Sedan,Red,13292000.0,2.3,298,181,Yes,30.2,147,0
Hyundai,HYU549,Diesel,Automatic,Sedan,Red,3468000.0,1.4,232,212,No,12.8,812,1
Mahindra,MAH931,Diesel,Manual,Sedan,Grey,2768000.0,3.1,204,168,Yes,17.9,114,1
Kia,KIA412,Petrol,Manual,Sedan,Silver,3733000.0,1.4,138,177,Yes,16.0,71,1
Maruti Suzuki,MAR571,Diesel,Manual,Sedan,White,1710000.0,1.6,94,126,No,15.8,658,1
Hyundai,HYU601,Petrol,Manual,SUV,White,2718000.0,2.3,237,178,Yes,12.1,742,1
Audi,AUD720,Petrol,Automatic,Pickup,Green,14042000.0,3.5,247,212,Yes,16.5,213,1
Toyota,TOY661,Petrol,Manual,Coupe,Grey,4855000.0,2.7,201,214,No,14.8,396,1
Tata,TAT309,Diesel,Manual,Hatchback,Grey,2134000.0,1.5,64,160,Yes,12.4,705,1
Honda,HON735,Petrol,Automatic,Coupe,White,2226000.0,2.0,208,214,No,12.2,249,1
Hyundai,HYU493,Petrol,Manual,Sedan,Black,4417000.0,2.3,203,157,Yes,18.1,814,1
Toyota,TOY952,Hybrid,Automatic,Coupe,White,3747000.0,3.3,95,211,Yes,26.8,372,1
Maruti Suzuki,MAR788,Petrol,Manual,Pickup,Silver,2180000.0,1.4,119,123,No,17.7,473,1
Kia,KIA378,Petrol,Manual,Coupe,White,3522000.0,2.4,245,189,No,19.2,186,1
BMW,BMW135,Diesel,Automatic,Pickup,Blue,17227000.0,3.3,399,207,No,18.8,379,1
Audi,AUD625,Petrol,Automatic,Hatchback,Silver,12446000.0,2.4,355,193,Yes,15.3,277,1
Mercedes,MER151,Diesel,Automatic,Pickup,White,10758000.0,3.5,246,227,Yes,17.6,30,0
Kia,KIA633,Petrol,Manual,SUV,Blue,2854000.0,3.2,193,197,Yes,14.2,329,1
Toyota,TOY200,Hybrid,Automatic,SUV,White,2769000.0,2.7,194,208,Yes,21.4,417,1
Maruti Suzuki,MAR987,Petrol,Manual,Coupe,Green,1210000.0,1.1,83,120,No,19.2,778,1
BMW,BMW425,Petrol,Automatic,Sedan,Black,5711000.0,2.7,250,207,Yes,18.4,263,1
Toyota,TOY950,Hybrid,Automatic,Coupe,Grey,2244000.0,1.7,100,185,No,27.6,654,1
Maruti Suzuki,MAR771,Hybrid,Automatic,SUV,White,1560000.0,1.1,68,165,Yes,27.2,537,1
BMW,BMW968,Diesel,Manual,Coupe,Blue,7929000.0,2.2,183,234,No,12.1,185,1
Maruti Suzuki,MAR475,Petrol,Manual,Hatchback,Black,772000.0,1.1,113,155,No,19.5,382,1
Toyota,TOY804,Petrol,Manual,Coupe,Silver,2504000.0,2.8,122,223,Yes,13.0,515,1
Mercedes,MER177,Petrol,Manual,Coupe,White,9072000.0,3.0,288,284,Yes,16.5,214,1
Hyundai,HYU598,Hybrid,Manual,SUV,Red,3954000.0,1.3,203,166,Yes,21.8,804,1
Mahindra,MAH989,Diesel,Automatic,Pickup,Black,1704000.0,1.7,155,172,No,14.5,823,1
Tata,TAT718,Diesel,Manual,Hatchback,Grey,809000.0,1.0,118,176,Yes,15.9,533,1
BMW,BMW551,Petrol,Manual,Coupe,Blue,17058000.0,4.7,300,205,No,13.5,356,1
Mahindra,MAH310,Petrol,Manual,SUV,White,1488000.0,1.6,155,149,No,13.3,30,1
Mahindra,MAH539,Diesel,Automatic,Pickup,Silver,2913000.0,2.2,193,214,Yes,12.9,199,1
Mahindra,MAH257,Petrol,Manual,Hatchback,Red,1920000.0,3.2,171,201,Yes,13.7,178,1
Mahindra,MAH579,Diesel,Manual,Coupe,Red,4690000.0,3.0,210,182,Yes,18.4,341,1
Ford,FOR867,Diesel,Manual,Hatchback,Silver,1763000.0,1.7,182,161,No,17.3,218,1
BMW,BMW162,Petrol,Manual,Hatchback,Blue,13907000.0,4.8,223,221,No,14.7,286,1
Maruti Suzuki,MAR427,Petrol,Manual,Sedan,Blue,1288000.0,1.3,81,121,Yes,19.9,601,1
Mahindra,MAH628,Diesel,Automatic,Coupe,White,2585000.0,2.4,150,205,Yes,15.7,653,1
Ford,FOR581,Petrol,Manual,SUV,Grey,2130000.0,1.6,179,207,No,13.2,454,1
Audi,AUD493,Hybrid,Manual,Coupe,Blue,11816000.0,4.9,260,228,Yes,26.4,273,1
Tata,TAT325,Petrol,Manual,Pickup,Silver,1204000.0,1.6,78,157,No,14.2,645,1
Audi,AUD683,Petrol,Automatic,Coupe,Silver,10283000.0,2.4,231,234,Yes,19.1,422,1
BMW,BMW952,Hybrid,Automatic,SUV,Black,8755000.0,4.8,321,230,No,21.1,113,0
Toyota,TOY388,Petrol,Manual,Pickup,Black,1765000.0,1.5,127,191,No,15.6,243,1
Toyota,TOY503,Diesel,Manual,Coupe,Blue,3023000.0,1.5,218,234,Yes,12.2,302,1
BMW,BMW370,Petrol,Manual,Coupe,Black,17353000.0,4.2,423,228,No,15.7,223,0
Mercedes,MER367,Hybrid,Automatic,Pickup,Silver,7742000.0,3.1,321,183,Yes,27.1,390,1
Maruti Suzuki,MAR389,Hybrid,Manual,SUV,White,1131000.0,1.9,119,175,Yes,27.8,625,1
Mahindra,MAH156,Diesel,Manual,Hatchback,Blue,3795000.0,2.5,120,194,Yes,17.7,304,1
Audi,AUD390,Diesel,Automatic,Sedan,Silver,10444000.0,4.1,444,192,Yes,14.6,298,1
Mercedes,MER660,Diesel,Automatic,Coupe,Silver,9742000.0,2.5,185,240,No,18.9,187,1
Ford,FOR231,Petrol,Manual,Pickup,Green,4556000.0,3.4,247,173,No,19.6,266,1
Audi,AUD889,Petrol,Manual,Pickup,Grey,6816000.0,4.2,353,197,No,16.1,445,1
Kia,KIA945,Diesel,Manual,Pickup,Silver,1964000.0,1.7,248,200,Yes,19.7,129,1
Mercedes,MER768,Petrol,Automatic,Hatchback,Red,8476000.0,2.5,315,214,No,13.4,80,0
Tata,TAT988,Diesel,Manual,Hatchback,Green,875000.0,1.3,93,163,No,15.9,701,1
Ford,FOR536,Electric,Manual,Sedan,Silver,3001000.0,1.5,236,214,Yes,35.3,354,1
Kia,KIA561,Petrol,Manual,Sedan,Green,4110000.0,3.5,249,208,Yes,12.5,295,1
Honda,HON686,Electric,Manual,Coupe,Blue,4735000.0,2.6,218,208,Yes,29.8,275,1
Hyundai,HYU867,Hybrid,Manual,Hatchback,Silver,2578000.0,3.2,96,152,No,21.3,531,1
Honda,HON223,Petrol,Automatic,Pickup,Red,2872000.0,3.5,117,151,No,19.3,564,1
Mahindra,MAH168,Petrol,Manual,Coupe,Green,4118000.0,2.3,248,183,Yes,13.9,484,1
Ford,FOR569,Diesel,Automatic,SUV,Grey,2821000.0,2.2,237,184,Yes,12.4,112,1
Kia,KIA750,Petrol,Manual,Coupe,Grey,4643000.0,2.6,191,229,Yes,18.2,87,1
Toyota,TOY334,Petrol,Manual,Sedan,Red,3379000.0,1.7,229,198,Yes,17.9,398,1
Hyundai,HYU813,Petrol,Manual,Pickup,Blue,3302000.0,2.0,224,200,No,17.8,370,1
Tata,TAT436,Hybrid,Manual,SUV,Silver,2197000.0,1.3,104,153,Yes,23.1,679,1
Honda,HON982,Petrol,Manual,Pickup,White,2812000.0,1.7,144,170,No,19.8,502,1
Tata,TAT745,Petrol,Manual,SUV,Grey,665000.0,2.0,118,179,Yes,15.8,485,1
Kia,KIA129,Hybrid,Automatic,Pickup,Black,1539000.0,1.7,241,141,Yes,25.5,415,1
Tata,TAT308,Petrol,Manual,SUV,White,672000.0,1.3,65,171,Yes,16.7,543,1
Mercedes,MER332,Electric,Manual,Pickup,White,17682000.0,3.5,352,220,No,32.3,293,1
Audi,AUD123,Petrol,Automatic,Hatchback,Black,17309000.0,3.9,396,235,Yes,13.5,80,0
BMW,BMW564,Diesel,Manual,Hatchback,White,14614000.0,4.0,449,182,Yes,12.7,334,1
BMW,BMW249,Petrol,Manual,SUV,Black,7045000.0,3.2,401,239,No,17.9,204,1
Toyota,TOY380,Petrol,Manual,Coupe,Blue,1626000.0,1.3,226,231,No,17.6,502,1
Audi,AUD346,Diesel,Manual,Pickup,Blue,10479000.0,3.1,438,184,No,18.2,235,1
Ford,FOR146,Hybrid,Automatic,Sedan,Silver,3733000.0,2.0,205,196,Yes,25.3,344,1
Mercedes,MER179,Petrol,Automatic,Sedan,Grey,14396000.0,3.7,257,231,No,16.7,362,1
Mercedes,MER380,Diesel,Manual,SUV,White,15860000.0,3.3,317,209,No,15.6,220,0
BMW,BMW496,Petrol,Manual,Hatchback,Black,16100000.0,4.4,214,222,No,20.0,452,1
Mercedes,MER915,Petrol,Manual,Pickup,White,13833000.0,3.1,280,230,Yes,16.0,267,1
Ford,FOR725,Diesel,Manual,Sedan,White,3519000.0,2.8,214,161,Yes,13.2,360,1
Ford,FOR694,Hybrid,Automatic,Pickup,Silver,2343000.0,2.5,98,180,Yes,23.7,69,1
Mahindra,MAH254,Petrol,Automatic,Pickup,Grey,2922000.0,2.2,135,212,No,13.5,377,1
Maruti Suzuki,MAR303,Petrol,Manual,Coupe,White,1503000.0,1.9,67,149,Yes,15.7,633,1
Mercedes,MER562,Petrol,Manual,Pickup,White,5635000.0,3.3,279,226,No,19.5,162,1
Ford,FOR144,Hybrid,Automatic,Coupe,Red,2901000.0,2.2,213,211,Yes,20.3,258,1
Audi,AUD724,Petrol,Automatic,Coupe,Green,15586000.0,4.7,318,269,No,13.3,144,0
Toyota,TOY450,Petrol,Automatic,Pickup,Green,3074000.0,3.3,173,155,No,14.1,288,1
BMW,BMW726,Diesel,Manual,Hatchback,Grey,10502000.0,3.9,298,207,No,16.5,221,1
Hyundai,HYU565,Diesel,Automatic,Sedan,Blue,1319000.0,1.8,104,166,No,18.2,532,1
Kia,KIA921,Petrol,Automatic,Pickup,Blue,3979000.0,2.6,226,162,No,19.1,113,1
Maruti Suzuki,MAR410,Petrol,Manual,SUV,Green,1232000.0,1.1,118,128,No,14.7,359,1
Maruti Suzuki,MAR711,Diesel,Automatic,SUV,Silver,1020000.0,1.1,69,122,Yes,14.3,543,1
Maruti Suzuki,MAR571,Petrol,Manual,Hatchback,Grey,835000.0,1.6,119,133,Yes,14.2,729,1
Honda,HON843,Diesel,Automatic,Coupe,Black,4075000.0,1.6,171,196,No,19.5,320,1
Audi,AUD676,Petrol,Manual,Pickup,Green,10363000.0,4.7,426,209,No,17.3,30,0
Ford,FOR982,Petrol,Automatic,SUV,Black,1970000.0,2.2,191,170,No,14.9,408,1
Ford,FOR814,Hybrid,Manual,Hatchback,Red,2601000.0,3.5,184,194,Yes,26.8,611,1
Toyota,TOY849,Petrol,Automatic,Pickup,Red,3333000.0,1.2,125,193,No,19.2,280,1
Tata,TAT632,Hybrid,Automatic,Coupe,Red,1235000.0,1.7,104,156,Yes,22.9,757,1
Kia,KIA864,Hybrid,Automatic,SUV,Grey,4584000.0,2.5,216,157,No,23.4,30,0
Hyundai,HYU839,Diesel,Automatic,Hatchback,Red,3344000.0,1.8,125,214,Yes,16.6,845,1
Honda,HON819,Petrol,Manual,Sedan,White,1778000.0,1.6,249,155,No,16.9,593,1
Toyota,TOY881,Diesel,Manual,SUV,Silver,3547000.0,2.6,91,210,Yes,15.6,370,1
Mahindra,MAH451,Hybrid,Automatic,Sedan,Red,4438000.0,2.3,201,145,Yes,27.5,116,1
Audi,AUD748,Diesel,Automatic,SUV,Blue,6001000.0,2.4,230,202,No,19.1,49,0
Toyota,TOY512,Petrol,Automatic,Coupe,Silver,2547000.0,2.9,103,221,Yes,15.9,626,1
Mercedes,MER589,Petrol,Automatic,Pickup,Grey,7416000.0,3.7,200,204,Yes,13.8,162,1
Mercedes,MER266,Petrol,Manual,SUV,Silver,15017000.0,3.5,382,216,No,12.7,310,1
Maruti Suzuki,MAR537,Petrol,Manual,Coupe,White,2133000.0,1.6,105,165,No,13.2,678,1
Mercedes,MER540,Petrol,Manual,Coupe,Black,6549000.0,2.2,266,256,No,20.0,448,1
Ford,FOR939,Petrol,Automatic,SUV,Grey,3043000.0,1.7,99,183,No,17.6,274,1
Toyota,TOY856,Diesel,Manual,Coupe,Grey,4659000.0,2.0,233,206,Yes,17.5,312,1
Mahindra,MAH110,Diesel,Automatic,SUV,Black,1435000.0,1.2,149,199,No,13.4,319,1
Audi,AUD824,Diesel,Automatic,Pickup,Green,13104000.0,2.9,395,235,Yes,18.2,30,0
Ford,FOR375,Hybrid,Manual,Sedan,White,3464000.0,1.6,136,154,Yes,26.7,381,1
Tata,TAT608,Hybrid,Manual,Sedan,Blue,1742000.0,1.7,84,126,No,29.1,112,1
Kia,KIA313,Petrol,Manual,SUV,White,2777000.0,1.6,111,172,No,13.8,382,1
Toyota,TOY960,Petrol,Automatic,Coupe,Silver,2440000.0,3.3,174,213,Yes,17.5,444,1
Kia,KIA806,Petrol,Manual,Pickup,Silver,1797000.0,1.9,167,195,Yes,13.9,527,1
Ford,FOR253,Petrol,Manual,Pickup,Green,3217000.0,2.8,161,209,Yes,19.0,419,1
Ford,FOR233,Petrol,Manual,Sedan,Red,1430000.0,1.2,150,188,Yes,17.0,345,1
Audi,AUD542,Petrol,Automatic,Pickup,Black,9432000.0,2.4,226,239,Yes,18.9,426,1
Toyota,TOY470,Petrol,Automatic,SUV,Grey,3007000.0,1.7,158,195,No,16.3,587,1
Ford,FOR805,Diesel,Automatic,Coupe,Blue,1771000.0,3.4,225,198,No,16.9,30,1
Toyota,TOY899,Diesel,Manual,SUV,Red,2875000.0,3.1,150,145,No,12.5,432,1
Audi,AUD945,Petrol,Manual,Pickup,Blue,6475000.0,3.2,373,194,No,17.2,84,0
BMW,BMW608,Electric,Automatic,Pickup,White,13372000.0,4.1,305,203,Yes,34.3,376,1
Ford,FOR399,Petrol,Manual,Pickup,Grey,4294000.0,2.2,152,177,Yes,12.6,59,0
Ford,FOR791,Petrol,Manual,SUV,Black,1651000.0,2.3,90,172,No,12.8,440,1
Hyundai,HYU142,Electric,Automatic,Sedan,Red,1760000.0,3.1,236,156,Yes,33.1,542,1
Hyundai,HYU881,Electric,Manual,Hatchback,Grey,2721000.0,1.8,202,150,No,25.8,279,1
Toyota,TOY889,Diesel,Manual,Sedan,Green,3953000.0,2.7,169,177,Yes,16.0,94,1
Tata,TAT873,Petrol,Automatic,Coupe,Red,1426000.0,1.5,101,162,Yes,15.0,320,1
BMW,BMW446,Petrol,Manual,Coupe,White,10360000.0,3.1,324,254,Yes,19.1,342,1
Tata,TAT220,Electric,Manual,Hatchback,White,1883000.0,2.0,98,177,No,27.4,545,1
BMW,BMW337,Electric,Manual,Pickup,Black,7265000.0,3.7,445,209,Yes,28.2,575,1
Kia,KIA566,Petrol,Manual,Coupe,Green,2741000.0,2.8,246,242,No,14.3,397,1
Hyundai,HYU799,Petrol,Manual,Sedan,Green,2339000.0,2.1,153,148,No,18.1,681,1
Tata,TAT348,Electric,Manual,Hatchback,White,2041000.0,1.0,119,162,No,32.8,453,1
Audi,AUD423,Petrol,Manual,Hatchback,Grey,10025000.0,3.6,267,223,Yes,12.7,33,0
Honda,HON637,Hybrid,Automatic,Coupe,Silver,1547000.0,2.5,182,209,No,20.7,566,1
Kia,KIA971,Diesel,Manual,Pickup,Grey,4025000.0,2.6,108,180,No,16.0,372,1
Mahindra,MAH473,Petrol,Manual,Coupe,Green,3966000.0,2.9,122,240,Yes,14.7,207,1
BMW,BMW455,Diesel,Manual,Hatchback,White,14914000.0,2.2,311,221,No,14.0,340,1
Audi,AUD989,Petrol,Automatic,Coupe,White,6176000.0,3.8,312,223,Yes,20.0,444,1
BMW,BMW599,Hybrid,Manual,Pickup,Grey,15592000.0,2.9,326,202,No,27.8,220,0
Honda,HON387,Diesel,Automatic,Pickup,Green,3831000.0,2.3,153,215,Yes,16.1,539,1
Ford,FOR423,Petrol,Automatic,Coupe,Grey,2873000.0,2.7,131,202,No,19.5,492,1
Mahindra,MAH928,Petrol,Manual,Sedan,Black,2509000.0,2.5,245,165,Yes,13.3,378,1
Ford,FOR585,Diesel,Manual,Sedan,Black,2753000.0,2.1,115,211,Yes,19.9,569,1
Mahindra,MAH849,Diesel,Manual,Coupe,Green,3965000.0,2.8,97,191,Yes,12.6,354,1
Mahindra,MAH322,Hybrid,Manual,Hatchback,White,1375000.0,1.9,152,159,Yes,20.6,36,1
Mahindra,MAH894,Petrol,Manual,Coupe,Red,3635000.0,1.2,224,246,Yes,17.7,334,1
Mahindra,MAH187,Diesel,Manual,Pickup,Red,3902000.0,3.3,123,219,No,18.2,175,1
Ford,FOR224,Diesel,Manual,Coupe,Red,3314000.0,2.7,189,229,Yes,12.7,553,1
Mercedes,MER645,Hybrid,Automatic,Hatchback,Grey,9241000.0,3.3,250,192,Yes,21.4,183,1
Audi,AUD120,Hybrid,Manual,Sedan,Grey,7690000.0,4.8,386,231,Yes,21.7,30,0
Maruti Suzuki,MAR990,Petrol,Manual,Sedan,Silver,1635000.0,1.5,118,164,No,16.6,573,1
Kia,KIA423,Petrol,Manual,Pickup,Green,1462000.0,2.8,105,149,Yes,18.0,377,1
Maruti Suzuki,MAR241,Petrol,Manual,Coupe,Red,1081000.0,1.6,115,138,No,13.7,325,1
Ford,FOR853,Diesel,Manual,SUV,Grey,4142000.0,3.2,215,182,No,12.8,245,1
Toyota,TOY351,Diesel,Manual,Pickup,Green,3223000.0,2.0,103,207,Yes,14.7,463,1
Maruti Suzuki,MAR590,Diesel,Automatic,Sedan,Silver,1980000.0,1.3,81,154,Yes,17.9,552,1
Honda,HON776,Petrol,Automatic,Pickup,Black,1818000.0,2.6,242,160,Yes,19.3,329,1
Audi,AUD420,Petrol,Manual,Hatchback,Black,14678000.0,4.4,246,230,No,18.5,367,1
Maruti Suzuki,MAR972,Petrol,Manual,SUV,Red,1088000.0,1.2,65,154,Yes,19.8,562,1
Toyota,TOY491,Petrol,Automatic,Coupe,Blue,2726000.0,1.8,116,213,No,15.7,590,1
Audi,AUD780,Petrol,Automatic,Hatchback,Silver,13622000.0,4.9,343,222,Yes,13.0,216,1
Honda,HON591,Hybrid,Manual,Sedan,Red,2848000.0,2.4,121,195,No,29.0,598,1
Hyundai,HYU783,Petrol,Automatic,Hatchback,Green,1829000.0,1.4,208,161,Yes,17.0,388,1
Audi,AUD708,Electric,Manual,Coupe,Silver,16755000.0,3.6,414,291,Yes,38.0,427,1
Honda,HON501,Hybrid,Manual,Sedan,Grey,1308000.0,1.8,104,175,Yes,28.9,627,1
Honda,HON438,Petrol,Automatic,Sedan,Blue,2531000.0,2.0,233,174,Yes,18.3,433,1
Mahindra,MAH580,Diesel,Automatic,Pickup,Blue,2455000.0,3.4,181,200,Yes,12.7,440,1
Audi,AUD239,Electric,Automatic,Hatchback,Grey,13371000.0,2.1,261,211,No,27.6,247,1
Audi,AUD900,Petrol,Manual,Pickup,White,12706000.0,2.6,273,226,No,15.9,302,1
BMW,BMW594,Diesel,Manual,Sedan,Grey,7362000.0,3.2,188,189,No,14.6,153,1
Toyota,TOY400,Hybrid,Manual,Hatchback,Red,2868000.0,3.3,208,217,Yes,26.0,285,1
Tata,TAT674,Petrol,Manual,Pickup,Grey,1098000.0,1.3,100,151,Yes,15.1,327,1
Honda,HON690,Hybrid,Automatic,SUV,Blue,1591000.0,1.3,125,148,No,27.9,499,1
Tata,TAT320,Diesel,Automatic,Pickup,Black,1184000.0,1.1,108,154,Yes,13.9,413,1
Tata,TAT348,Petrol,Automatic,SUV,Red,1860000.0,1.0,72,165,No,17.7,454,1
Toyota,TOY276,Petrol,Automatic,SUV,Red,3664000.0,1.9,121,181,No,19.3,378,1
Tata,TAT725,Petrol,Automatic,Coupe,Silver,693000.0,1.8,94,145,Yes,18.0,395,1
Maruti Suzuki,MAR298,Petrol,Automatic,Pickup,White,1599000.0,1.7,106,175,Yes,15.4,884,1
Tata,TAT727,Diesel,Manual,Sedan,Black,1075000.0,1.6,84,155,Yes,15.4,484,1
BMW,BMW642,Petrol,Manual,Sedan,White,14922000.0,4.4,313,191,No,15.3,70,0
Audi,AUD990,Hybrid,Manual,Sedan,Green,15281000.0,3.2,368,215,Yes,22.4,30,0
Honda,HON905,Hybrid,Manual,Coupe,Red,1662000.0,2.4,169,229,No,27.4,468,1
BMW,BMW476,Petrol,Manual,SUV,Green,14365000.0,3.2,350,220,Yes,15.4,337,1
Honda,HON446,Petrol,Automatic,Pickup,Blue,2093000.0,3.3,98,164,No,14.3,468,1
Audi,AUD492,Petrol,Automatic,Coupe,Red,13043000.0,2.4,418,299,Yes,17.2,361,1
Maruti Suzuki,MAR377,Petrol,Manual,SUV,Green,1976000.0,1.5,102,154,Yes,16.7,589,1
Mercedes,MER806,Diesel,Manual,Hatchback,Green,8650000.0,3.4,201,205,Yes,17.6,517,1
Mercedes,MER348,Petrol,Manual,Sedan,Blue,7605000.0,4.1,199,199,No,17.3,365,1
Maruti Suzuki,MAR766,Petrol,Manual,SUV,Red,1051000.0,1.0,109,138,Yes,12.5,581,1
Tata,TAT229,Diesel,Manual,Hatchback,White,904000.0,1.8,79,168,No,13.4,467,1
Kia,KIA987,Petrol,Automatic,SUV,Blue,3191000.0,2.8,194,188,Yes,19.4,344,1
BMW,BMW202,Diesel,Automatic,Hatchback,Silver,12664000.0,2.2,195,196,No,17.1,30,0
Ford,FOR156,Hybrid,Automatic,Pickup,Red,2044000.0,1.6,163,189,No,22.5,481,1
Toyota,TOY113,Petrol,Manual,Pickup,Green,4791000.0,2.8,215,169,Yes,14.2,169,1
Mercedes,MER768,Petrol,Automatic,Coupe,White,11862000.0,4.4,303,301,Yes,19.9,148,0
Ford,FOR619,Petrol,Manual,Coupe,White,1868000.0,3.2,93,202,No,13.5,192,1
Tata,TAT571,Petrol,Automatic,Coupe,Red,2234000.0,1.7,114,178,No,16.0,396,1
Mahindra,MAH500,Diesel,Manual,Coupe,Grey,2066000.0,2.8,96,183,No,16.9,209,1
Honda,HON463,Electric,Manual,Sedan,Blue,3477000.0,2.7,149,204,Yes,33.0,470,1
Audi,AUD195,Diesel,Automatic,SUV,Green,14603000.0,2.2,285,214,Yes,13.2,223,1
Mahindra,MAH356,Diesel,Manual,Hatchback,Blue,4118000.0,1.9,215,193,Yes,16.8,213,1
BMW,BMW561,Petrol,Automatic,Hatchback,White,5709000.0,2.7,273,238,No,14.9,154,1
Tata,TAT511,Petrol,Manual,Sedan,Blue,1838000.0,1.4,107,178,No,13.9,549,1
Mahindra,MAH979,Petrol,Manual,Pickup,Red,4059000.0,2.7,157,158,No,12.6,447,1
Tata,TAT771,Electric,Manual,Sedan,Silver,1590000.0,2.0,104,139,No,37.4,385,1
Maruti Suzuki,MAR220,Diesel,Manual,Hatchback,White,600000.0,1.1,112,170,Yes,14.4,741,1
Toyota,TOY990,Petrol,Automatic,Coupe,Silver,2672000.0,3.0,240,234,Yes,16.8,424,1
Kia,KIA134,Diesel,Automatic,Coupe,Blue,2301000.0,3.1,151,238,Yes,15.1,107,1
Audi,AUD572,Petrol,Manual,Hatchback,Grey,14539000.0,3.0,298,223,Yes,12.6,265,1
Hyundai,HYU130,Petrol,Manual,SUV,Silver,3453000.0,3.1,228,181,No,19.4,641,1
Toyota,TOY370,Petrol,Automatic,SUV,Silver,1520000.0,1.5,185,168,Yes,15.7,259,1
BMW,BMW613,Diesel,Automatic,Sedan,Black,17578000.0,3.8,449,235,Yes,14.2,30,0
Kia,KIA833,Petrol,Automatic,Pickup,Blue,2309000.0,2.0,224,142,No,13.8,388,1
Audi,AUD864,Petrol,Manual,SUV,Black,8591000.0,2.7,412,242,Yes,14.0,361,1
Honda,HON451,Hybrid,Automatic,Pickup,Blue,3099000.0,3.1,213,205,No,25.2,410,1
Honda,HON463,Diesel,Automatic,SUV,Silver,2039000.0,2.8,176,208,No,12.6,542,1
Tata,TAT916,Diesel,Automatic,SUV,Red,1936000.0,1.3,99,122,Yes,16.9,372,1
Mercedes,MER452,Petrol,Manual,Pickup,Grey,9043000.0,3.6,404,202,Yes,14.0,411,1
Audi,AUD378,Hybrid,Automatic,SUV,Silver,9791000.0,4.8,277,180,Yes,27.8,140,1
Audi,AUD884,Diesel,Manual,Coupe,Black,17745000.0,3.8,315,245,Yes,19.2,308,1
BMW,BMW101,Diesel,Automatic,Pickup,Silver,7462000.0,2.9,213,233,No,16.8,51,0
BMW,BMW658,Diesel,Automatic,Hatchback,Grey,13883000.0,4.3,276,236,No,14.8,326,1
Hyundai,HYU747,Petrol,Manual,SUV,Grey,3376000.0,1.3,178,217,No,19.8,480,1
Toyota,TOY144,Diesel,Manual,Coupe,Green,1814000.0,3.2,180,206,Yes,12.9,141,1
Tata,TAT838,Petrol,Manual,SUV,Blue,2093000.0,1.5,76,141,No,14.2,602,1
Kia,KIA411,Diesel,Manual,Pickup,White,4296000.0,2.3,222,173,No,14.0,374,1
Honda,HON209,Petrol,Manual,Pickup,Silver,4108000.0,1.9,141,219,No,13.1,429,1
Hyundai,HYU918,Petrol,Automatic,Hatchback,Silver,2317000.0,1.5,156,203,Yes,15.5,550,1
Mercedes,MER433,Hybrid,Automatic,SUV,White,11248000.0,3.7,337,239,Yes,23.1,239,1
Ford,FOR940,Petrol,Manual,SUV,Red,2194000.0,1.9,147,189,No,13.8,540,1
Tata,TAT414,Petrol,Automatic,Pickup,Black,2189000.0,1.6,115,122,Yes,14.7,350,1
Kia,KIA334,Diesel,Manual,Hatchback,White,3014000.0,3.1,189,198,No,14.8,325,1
Tata,TAT463,Petrol,Manual,SUV,White,2173000.0,1.7,85,145,No,19.3,754,1
Maruti Suzuki,MAR988,Petrol,Manual,Hatchback,White,1242000.0,1.2,103,156,Yes,16.0,694,1
Maruti Suzuki,MAR706,Petrol,Automatic,SUV,Red,1580000.0,1.2,107,176,No,19.1,466,1
Toyota,TOY530,Petrol,Manual,Hatchback,White,4075000.0,2.6,177,214,Yes,16.3,147,1
Kia,KIA772,Petrol,Automatic,Sedan,Grey,2449000.0,1.3,101,140,No,19.3,225,1
Mahindra,MAH829,Diesel,Manual,Hatchback,Green,4237000.0,2.6,187,163,Yes,18.7,30,0
Audi,AUD385,Petrol,Manual,Coupe,Green,6332000.0,2.2,231,232,Yes,14.3,84,0
Mahindra,MAH867,Hybrid,Manual,Pickup,White,2937000.0,1.4,113,180,No,29.2,400,1
Honda,HON986,Hybrid,Manual,Coupe,Blue,4676000.0,3.4,194,227,Yes,26.3,297,1
BMW,BMW233,Petrol,Manual,Sedan,Silver,11679000.0,3.2,299,216,No,13.0,303,1
Hyundai,HYU361,Petrol,Manual,Coupe,Grey,2472000.0,1.3,246,188,No,14.1,543,1
Hyundai,HYU269,Petrol,Automatic,Hatchback,Blue,1686000.0,2.1,108,156,Yes,12.4,698,1
Mahindra,MAH390,Diesel,Automatic,Coupe,Silver,3068000.0,3.1,183,222,No,13.6,443,1
Audi,AUD730,Petrol,Automatic,Coupe,Red,7466000.0,4.6,310,300,No,14.5,184,1
Tata,TAT567,Hybrid,Automatic,Hatchback,Silver,1216000.0,1.8,107,133,Yes,29.7,734,1
Ford,FOR358,Petrol,Manual,Pickup,Black,3913000.0,2.1,94,188,No,14.3,450,1
Ford,FOR358,Hybrid,Manual,Coupe,Red,2550000.0,2.3,100,214,No,24.3,488,1
Toyota,TOY852,Diesel,Automatic,Sedan,Blue,1784000.0,1.7,130,154,No,17.3,601,1
Tata,TAT624,Petrol,Manual,Hatchback,Black,2289000.0,1.7,96,144,No,14.5,220,1
Audi,AUD231,Diesel,Manual,SUV,Green,14302000.0,2.4,386,237,Yes,13.0,245,1
Ford,FOR202,Petrol,Manual,SUV,Red,5359000.0,3.5,239,179,No,14.0,95,1
Honda,HON747,Petrol,Manual,Pickup,Black,2107000.0,2.2,196,145,No,14.7,710,1
Hyundai,HYU343,Diesel,Automatic,Hatchback,Black,1631000.0,2.9,192,145,No,19.7,559,1
BMW,BMW471,Petrol,Automatic,Pickup,Silver,14410000.0,4.4,189,243,No,19.3,199,0
BMW,BMW646,Petrol,Manual,Sedan,Green,10954000.0,3.4,192,219,No,15.3,176,1
Audi,AUD838,Petrol,Automatic,Coupe,Blue,11185000.0,2.3,215,216,No,12.4,459,1
Tata,TAT731,Petrol,Automatic,Sedan,Black,1545000.0,1.8,96,154,Yes,17.4,318,1
Audi,AUD989,Hybrid,Automatic,Coupe,Silver,9226000.0,4.1,223,201,No,26.0,39,0
Hyundai,HYU755,Hybrid,Manual,Hatchback,Silver,4684000.0,2.6,215,193,Yes,25.0,673,1
Maruti Suzuki,MAR804,Petrol,Manual,Sedan,Silver,910000.0,1.3,73,147,No,19.1,683,1
Hyundai,HYU894,Hybrid,Automatic,Pickup,White,2599000.0,2.1,227,181,No,25.4,545,1
Mahindra,MAH606,Petrol,Manual,Pickup,Silver,2969000.0,1.4,118,172,Yes,16.0,471,1
Hyundai,HYU214,Petrol,Manual,Hatchback,Red,5206000.0,3.4,226,165,Yes,19.7,415,1
Honda,HON635,Petrol,Automatic,Pickup,Red,2922000.0,1.2,113,206,Yes,17.2,688,1
Maruti Suzuki,MAR284,Petrol,Automatic,Coupe,Black,1223000.0,1.5,114,157,Yes,15.2,545,1
Tata,TAT176,Diesel,Manual,Hatchback,Red,2149000.0,1.4,88,149,Yes,19.1,399,1
Toyota,TOY814,Petrol,Automatic,Coupe,Green,3405000.0,2.8,152,182,Yes,19.4,531,1
Hyundai,HYU551,Diesel,Automatic,Pickup,Black,2921000.0,1.5,152,217,Yes,14.8,620,1
Hyundai,HYU662,Petrol,Manual,SUV,Black,3563000.0,1.4,143,168,Yes,12.4,522,1
Audi,AUD182,Electric,Manual,Hatchback,White,13111000.0,2.2,260,180,No,35.4,215,1
Mercedes,MER749,Electric,Manual,Hatchback,Silver,13119000.0,3.9,281,194,Yes,35.8,150,0
Honda,HON878,Petrol,Manual,Hatchback,Green,2591000.0,1.8,116,198,No,16.3,492,1
BMW,BMW530,Petrol,Manual,Coupe,Green,8809000.0,2.9,440,301,No,19.0,581,1
Mercedes,MER703,Diesel,Manual,SUV,White,8838000.0,2.2,288,221,Yes,14.3,93,0
Kia,KIA164,Petrol,Manual,Sedan,Silver,3577000.0,1.5,148,149,Yes,15.2,268,1
Mercedes,MER587,Diesel,Manual,Sedan,Black,11491000.0,2.8,321,215,No,14.5,30,0
BMW,BMW885,Petrol,Manual,Coupe,Green,15018000.0,3.6,269,313,Yes,18.8,32,0
Tata,TAT486,Petrol,Automatic,Sedan,Silver,1801000.0,2.0,97,172,Yes,14.6,378,1
Tata,TAT484,Petrol,Manual,Sedan,Grey,1348000.0,1.9,105,178,No,18.2,725,1
Mahindra,MAH752,Petrol,Manual,Sedan,Red,4102000.0,2.5,130,174,No,16.1,30,0
Mahindra,MAH841,Petrol,Manual,Coupe,Red,1730000.0,2.9,107,208,Yes,18.4,482,1
Ford,FOR519,Electric,Automatic,Sedan,Blue,2660000.0,3.4,123,143,No,38.1,332,1
Kia,KIA984,Petrol,Manual,Sedan,Blue,3812000.0,1.7,247,180,Yes,19.6,30,0
Mahindra,MAH445,Petrol,Automatic,Sedan,Silver,2736000.0,2.0,175,176,No,12.3,389,1
Toyota,TOY603,Petrol,Automatic,Pickup,White,2232000.0,1.7,228,187,Yes,18.1,418,1
Kia,KIA523,Petrol,Manual,Hatchback,Green,3997000.0,1.9,119,172,Yes,15.8,409,1
Mercedes,MER423,Diesel,Automatic,SUV,Grey,15740000.0,3.7,258,231,No,16.0,240,1
Ford,FOR214,Diesel,Manual,Sedan,Silver,4666000.0,3.1,183,170,No,12.7,172,1
Ford,FOR772,Petrol,Manual,Sedan,Silver,2995000.0,2.9,147,158,Yes,19.5,420,1
Mercedes,MER558,Petrol,Manual,Pickup,Grey,6030000.0,2.4,207,223,Yes,12.9,364,1
Hyundai,HYU243,Diesel,Manual,SUV,Blue,4456000.0,3.5,148,176,No,17.7,670,1
Mercedes,MER971,Hybrid,Manual,Coupe,White,7852000.0,3.5,390,226,Yes,28.7,362,1
Mercedes,MER564,Diesel,Automatic,Pickup,Grey,7056000.0,4.3,346,202,No,17.8,416,1
Toyota,TOY545,Petrol,Automatic,Sedan,Black,3547000.0,2.4,232,140,No,14.3,246,1
Toyota,TOY993,Petrol,Automatic,Pickup,Blue,3070000.0,1.6,235,191,Yes,15.8,368,1
Honda,HON809,Diesel,Manual,SUV,Black,2688000.0,1.2,148,151,No,17.5,649,1
Ford,FOR429,Hybrid,Manual,SUV,Green,2757000.0,1.9,164,156,No,29.3,707,1
Toyota,TOY179,Electric,Automatic,Sedan,Grey,2563000.0,3.4,135,187,Yes,39.9,434,1
Maruti Suzuki,MAR810,Diesel,Manual,Sedan,Green,2106000.0,1.5,119,162,Yes,13.7,344,1
Tata,TAT895,Diesel,Automatic,SUV,Grey,1207000.0,1.8,95,122,No,19.0,354,1
Mercedes,MER782,Diesel,Automatic,Sedan,Silver,11450000.0,5.0,437,245,Yes,18.5,226,1
Tata,TAT731,Petrol,Automatic,SUV,Silver,939000.0,1.3,96,122,No,19.8,274,1
Toyota,TOY892,Petrol,Manual,Pickup,Grey,4166000.0,2.1,172,177,Yes,19.1,231,1
Hyundai,HYU374,Petrol,Manual,Pickup,White,3004000.0,2.2,243,154,No,12.7,692,1
Audi,AUD459,Diesel,Manual,Hatchback,Grey,19122000.0,4.7,415,215,No,17.3,139,0
BMW,BMW135,Petrol,Manual,Coupe,Black,10597000.0,2.0,267,311,No,14.4,266,1
Mahindra,MAH306,Petrol,Automatic,Coupe,Grey,3932000.0,1.8,140,223,No,18.1,455,1
Kia,KIA296,Diesel,Automatic,SUV,Silver,1652000.0,3.3,121,210,No,15.2,350,1
Hyundai,HYU475,Hybrid,Manual,SUV,Red,3935000.0,2.7,118,213,No,22.5,656,1
Mercedes,MER587,Petrol,Automatic,SUV,Green,6574000.0,2.7,315,238,Yes,13.2,113,1
BMW,BMW166,Diesel,Automatic,SUV,Grey,13850000.0,4.1,412,245,Yes,18.3,124,0
Mahindra,MAH491,Petrol,Automatic,Coupe,Blue,2037000.0,2.8,248,231,No,12.1,588,1
Hyundai,HYU871,Electric,Automatic,SUV,Grey,3156000.0,2.6,200,197,Yes,33.4,394,1
Ford,FOR379,Electric,Automatic,SUV,Grey,2860000.0,3.3,231,172,No,25.6,466,1
Hyundai,HYU448,Diesel,Manual,Pickup,Green,1553000.0,1.9,190,186,No,17.1,507,1
BMW,BMW868,Petrol,Manual,SUV,Green,7027000.0,2.2,353,237,Yes,18.0,131,1
Audi,AUD240,Petrol,Manual,Sedan,Blue,16832000.0,4.0,378,199,Yes,19.9,169,0
Tata,TAT136,Petrol,Manual,Pickup,Blue,1176000.0,2.0,119,167,No,17.0,411,1
Tata,TAT537,Diesel,Automatic,Pickup,Black,1557000.0,2.0,101,176,No,14.5,634,1
Maruti Suzuki,MAR496,Electric,Manual,Pickup,Black,881000.0,1.9,90,175,No,30.1,537,1
Mercedes,MER413,Petrol,Automatic,Sedan,Grey,14458000.0,3.4,349,215,No,19.7,38,0
Kia,KIA468,Petrol,Manual,Coupe,Grey,3937000.0,1.9,149,187,Yes,19.2,474,1
Maruti Suzuki,MAR654,Diesel,Manual,Sedan,Blue,1065000.0,1.3,115,168,Yes,13.1,629,1
Honda,HON178,Diesel,Manual,Hatchback,Silver,1843000.0,3.1,177,193,No,15.9,469,1
Kia,KIA509,Petrol,Automatic,SUV,Green,3345000.0,1.3,212,142,Yes,15.6,395,1
Audi,AUD414,Diesel,Automatic,SUV,White,9235000.0,3.4,295,234,Yes,15.8,201,1
Toyota,TOY357,Electric,Manual,Pickup,Black,3255000.0,1.4,120,184,No,39.2,462,1
Ford,FOR627,Diesel,Automatic,Pickup,White,2693000.0,3.1,101,155,Yes,14.4,198,1
Maruti Suzuki,MAR286,Diesel,Automatic,SUV,Red,1606000.0,1.7,67,176,No,14.7,631,1
Maruti Suzuki,MAR497,Hybrid,Manual,Coupe,Red,1018000.0,1.8,109,143,No,25.9,874,1
Hyundai,HYU231,Petrol,Manual,Coupe,Blue,2276000.0,2.8,139,239,No,13.7,555,1
Honda,HON401,Petrol,Automatic,Hatchback,Black,2128000.0,3.0,128,196,Yes,16.6,241,1
Hyundai,HYU342,Petrol,Manual,Coupe,Green,5345000.0,3.5,229,233,Yes,15.1,555,1
Toyota,TOY985,Hybrid,Manual,Pickup,Silver,2140000.0,2.5,164,186,No,25.5,336,1
Ford,FOR362,Petrol,Automatic,Sedan,Black,4743000.0,2.5,225,165,No,15.5,82,1
Mercedes,MER803,Diesel,Manual,Sedan,Grey,10698000.0,3.8,336,224,Yes,14.8,164,1
Mahindra,MAH818,Petrol,Manual,Pickup,Green,2329000.0,2.6,111,160,Yes,12.3,291,1
BMW,BMW743,Petrol,Automatic,Pickup,Black,5850000.0,2.7,356,184,Yes,15.5,235,1
Toyota,TOY341,Petrol,Manual,Coupe,Black,4413000.0,3.0,138,244,Yes,14.6,385,1
Mahindra,MAH677,Petrol,Manual,Sedan,White,3444000.0,2.7,121,156,No,15.8,462,1
BMW,BMW467,Diesel,Manual,SUV,Red,15400000.0,2.0,391,184,Yes,15.8,461,1
Mercedes,MER159,Petrol,Automatic,Coupe,White,6517000.0,3.3,337,207,Yes,13.1,356,1
Hyundai,HYU990,Petrol,Manual,Pickup,Red,3297000.0,2.4,115,182,No,19.3,512,1
Maruti Suzuki,MAR740,Petrol,Manual,Hatchback,Grey,1865000.0,1.3,97,144,Yes,13.9,430,1
Tata,TAT718,Petrol,Automatic,Pickup,White,1524000.0,1.8,109,170,Yes,14.7,407,1
Mercedes,MER415,Electric,Automatic,SUV,Grey,14403000.0,4.8,183,210,No,34.7,294,1
Audi,AUD159,Petrol,Automatic,Hatchback,Black,14325000.0,2.5,442,223,Yes,13.3,534,1
Ford,FOR940,Diesel,Manual,SUV,Grey,3632000.0,2.1,213,217,Yes,14.2,555,1
Maruti Suzuki,MAR858,Diesel,Manual,Pickup,Red,1856000.0,1.9,101,160,No,13.8,964,1
Tata,TAT632,Diesel,Manual,Coupe,Silver,1783000.0,2.0,62,123,Yes,12.6,704,1
BMW,BMW677,Petrol,Automatic,SUV,White,13524000.0,2.4,348,202,Yes,15.7,315,1
BMW,BMW280,Petrol,Manual,Sedan,Blue,14283000.0,4.8,335,188,Yes,13.4,199,0
Ford,FOR196,Diesel,Manual,Hatchback,Silver,4402000.0,2.9,97,196,No,15.3,223,1
Audi,AUD214,Hybrid,Manual,Pickup,White,13104000.0,2.2,258,201,Yes,21.6,179,0
BMW,BMW574,Petrol,Manual,SUV,Black,9689000.0,2.0,261,245,No,14.5,186,1
Honda,HON537,Electric,Manual,SUV,Green,3264000.0,3.1,120,209,No,36.4,119,1
Hyundai,HYU166,Petrol,Automatic,Sedan,Green,2974000.0,1.4,93,187,No,18.9,343,1
Toyota,TOY290,Diesel,Automatic,Hatchback,White,1879000.0,2.8,205,153,Yes,12.2,460,1
Honda,HON920,Hybrid,Manual,SUV,Red,2845000.0,2.5,202,204,No,26.1,499,1
BMW,BMW770,Diesel,Automatic,Pickup,Silver,20556000.0,4.7,415,201,Yes,18.0,144,0
Tata,TAT108,Diesel,Automatic,Hatchback,Grey,1991000.0,1.7,75,177,No,15.6,375,1
Audi,AUD978,Petrol,Automatic,Hatchback,Grey,7817000.0,4.2,395,230,No,13.6,544,1
Toyota,TOY786,Hybrid,Automatic,Pickup,Red,2990000.0,1.2,138,171,No,28.4,397,1
Hyundai,HYU376,Petrol,Manual,Hatchback,Green,4624000.0,3.4,118,154,No,13.3,218,1
Hyundai,HYU707,Hybrid,Automatic,Sedan,Silver,3126000.0,1.2,110,183,Yes,22.5,512,1
Honda,HON539,Diesel,Manual,Sedan,Grey,2497000.0,2.4,246,149,No,15.0,340,1
Audi,AUD335,Petrol,Automatic,Sedan,Green,17843000.0,4.6,286,228,Yes,12.7,230,0
Maruti Suzuki,MAR384,Hybrid,Manual,Pickup,Red,915000.0,1.6,95,159,Yes,20.3,1082,1
Hyundai,HYU954,Petrol,Manual,SUV,Green,3060000.0,2.6,123,156,No,14.2,666,1
Honda,HON757,Petrol,Manual,Pickup,Red,4140000.0,1.9,235,199,No,15.2,681,1
Mercedes,MER351,Diesel,Manual,Pickup,Black,7250000.0,2.8,438,201,No,14.6,277,1
Maruti Suzuki,MAR663,Diesel,Manual,Pickup,Red,1004000.0,1.3,84,146,Yes,15.3,521,1
Kia,KIA798,Diesel,Manual,Hatchback,Red,3415000.0,3.1,221,203,Yes,12.8,307,1
Toyota,TOY841,Petrol,Automatic,Coupe,Green,2148000.0,3.4,221,218,Yes,19.0,433,1
Honda,HON987,Petrol,Manual,Sedan,Blue,4706000.0,2.6,188,200,No,13.9,525,1
Kia,KIA453,Petrol,Manual,Pickup,Grey,2190000.0,1.5,140,168,Yes,19.7,252,1
Hyundai,HYU182,Diesel,Manual,Sedan,Silver,3913000.0,2.4,245,212,Yes,16.1,520,1
Mercedes,MER815,Petrol,Manual,Sedan,Silver,8239000.0,2.7,358,215,Yes,17.3,324,1
Ford,FOR162,Petrol,Manual,Hatchback,Green,2863000.0,1.3,98,182,Yes,13.5,473,1
Mahindra,MAH958,Petrol,Manual,SUV,Silver,3168000.0,1.9,192,206,No,20.0,612,1
Mahindra,MAH972,Petrol,Automatic,Hatchback,Grey,3872000.0,2.5,120,194,No,19.5,197,1
Tata,TAT597,Hybrid,Manual,Pickup,Silver,850000.0,1.7,84,123,No,28.7,378,1
Honda,HON674,Petrol,Automatic,Sedan,White,2954000.0,2.0,145,163,Yes,15.6,537,1
Kia,KIA766,Petrol,Manual,Hatchback,Red,3879000.0,2.8,137,182,Yes,18.7,50,0
Maruti Suzuki,MAR235,Petrol,Manual,Hatchback,Green,668000.0,1.1,93,158,No,13.7,715,1
Audi,AUD310,Petrol,Automatic,Sedan,Red,16112000.0,2.5,382,185,No,16.5,442,1
Hyundai,HYU157,Petrol,Automatic,Pickup,Grey,3250000.0,2.1,225,140,Yes,16.2,655,1
Hyundai,HYU121,Hybrid,Manual,SUV,Black,1806000.0,3.1,224,206,No,21.5,427,1
Mercedes,MER153,Diesel,Automatic,SUV,Blue,12525000.0,2.0,408,230,Yes,16.2,131,0
Maruti Suzuki,MAR310,Petrol,Automatic,Hatchback,Silver,1468000.0,1.3,118,171,Yes,17.9,638,1
Ford,FOR306,Hybrid,Automatic,SUV,Grey,4460000.0,2.0,234,166,No,27.3,566,1
Mahindra,MAH202,Diesel,Automatic,SUV,Silver,2095000.0,2.3,187,152,No,18.2,331,1
Hyundai,HYU897,Petrol,Automatic,Sedan,Green,2222000.0,1.7,179,172,Yes,19.4,543,1
Toyota,TOY773,Hybrid,Manual,Sedan,Green,2319000.0,1.9,132,183,Yes,28.0,556,1
Audi,AUD837,Petrol,Automatic,Hatchback,Silver,8659000.0,2.6,308,184,Yes,17.6,144,1
BMW,BMW934,Hybrid,Manual,Pickup,Red,9397000.0,4.7,204,240,Yes,23.8,783,1
Honda,HON267,Electric,Manual,Sedan,Silver,4116000.0,2.9,106,206,No,35.2,663,1
Tata,TAT370,Petrol,Manual,Pickup,Red,1878000.0,1.7,99,165,Yes,16.6,678,1
Honda,HON697,Hybrid,Automatic,SUV,Silver,2293000.0,3.3,92,169,No,27.3,391,1
Hyundai,HYU823,Petrol,Automatic,Pickup,Black,1850000.0,2.7,244,184,Yes,16.1,540,1
Honda,HON791,Electric,Manual,Pickup,Red,2073000.0,1.8,93,161,No,31.7,534,1
Mahindra,MAH177,Diesel,Manual,Pickup,White,4106000.0,2.6,98,199,Yes,12.9,346,1
Maruti Suzuki,MAR993,Diesel,Automatic,Coupe,Blue,1780000.0,1.8,103,177,No,17.9,437,1
Toyota,TOY826,Hybrid,Manual,Coupe,Green,4241000.0,1.6,234,201,No,21.3,532,1
Toyota,TOY891,Petrol,Manual,Pickup,White,3718000.0,1.2,223,160,Yes,19.1,562,1
BMW,BMW735,Electric,Automatic,Hatchback,Blue,9726000.0,2.2,404,191,No,30.6,436,1
Ford,FOR931,Diesel,Manual,Sedan,Silver,3099000.0,2.3,121,151,No,13.0,377,1
Toyota,TOY693,Petrol,Automatic,Coupe,Silver,1846000.0,2.6,226,183,Yes,18.4,258,1
Ford,FOR326,Diesel,Automatic,SUV,Green,2288000.0,1.6,118,213,Yes,12.9,369,1
Hyundai,HYU912,Petrol,Manual,SUV,Silver,1646000.0,2.3,220,198,No,15.9,713,1
Maruti Suzuki,MAR455,Petrol,Manual,Coupe,Silver,1949000.0,1.1,114,170,Yes,17.7,627,1
Tata,TAT539,Diesel,Automatic,Coupe,Silver,1693000.0,1.6,81,154,Yes,14.1,697,1
Mercedes,MER733,Diesel,Automatic,Sedan,Blue,9337000.0,2.8,213,202,Yes,18.8,409,1
Ford,FOR175,Diesel,Automatic,Coupe,White,1818000.0,2.2,108,189,No,16.9,249,1
Honda,HON994,Petrol,Manual,Coupe,Blue,3061000.0,1.7,165,240,No,13.4,354,1
Ford,FOR417,Petrol,Automatic,Pickup,Grey,2615000.0,2.5,104,214,Yes,17.0,702,1
Audi,AUD926,Petrol,Manual,Coupe,Red,7421000.0,3.7,215,202,Yes,17.0,402,1
Honda,HON456,Petrol,Manual,Sedan,Grey,1910000.0,2.6,99,188,Yes,16.4,721,1
Maruti Suzuki,MAR555,Hybrid,Manual,Coupe,Black,1795000.0,1.9,111,178,Yes,29.8,660,1
Audi,AUD428,Petrol,Automatic,Pickup,Silver,6421000.0,2.1,406,214,Yes,18.5,347,1
Honda,HON977,Petrol,Manual,SUV,White,2429000.0,2.1,202,213,Yes,12.7,500,1
Ford,FOR110,Diesel,Manual,Sedan,Green,2130000.0,2.0,97,141,No,15.8,412,1
Toyota,TOY682,Petrol,Manual,Hatchback,Blue,1703000.0,1.6,225,185,No,17.1,467,1
BMW,BMW804,Diesel,Manual,Coupe,White,17592000.0,3.6,426,301,Yes,17.9,185,0
Audi,AUD284,Petrol,Manual,Sedan,White,12131000.0,2.3,253,184,No,12.1,35,0
Tata,TAT859,Hybrid,Automatic,Pickup,Silver,1399000.0,1.2,119,170,Yes,20.3,579,1
Hyundai,HYU815,Petrol,Manual,Pickup,Blue,4306000.0,2.9,103,193,Yes,17.2,655,1
Mercedes,MER150,Hybrid,Automatic,Sedan,Red,6059000.0,3.5,182,247,Yes,27.5,85,0
Audi,AUD678,Diesel,Manual,Pickup,White,6740000.0,3.0,223,233,Yes,12.5,89,0
Mercedes,MER652,Petrol,Manual,SUV,Grey,10175000.0,3.4,343,226,Yes,16.4,298,1
Honda,HON164,Hybrid,Automatic,Sedan,White,2579000.0,3.2,103,177,No,27.8,472,1
Mahindra,MAH163,Diesel,Manual,Hatchback,Red,3782000.0,2.7,92,154,No,14.7,252,1
Tata,TAT217,Diesel,Manual,Pickup,Red,1050000.0,2.0,99,137,Yes,19.4,367,1
Kia,KIA458,Petrol,Manual,SUV,White,2643000.0,1.7,245,181,No,19.2,497,1
Audi,AUD943,Diesel,Manual,SUV,Grey,9769000.0,4.6,194,248,Yes,19.3,437,1
Mercedes,MER566,Petrol,Automatic,Pickup,Black,15428000.0,4.7,262,212,Yes,18.9,106,0
Mahindra,MAH462,Diesel,Automatic,Pickup,Red,3971000.0,2.1,225,143,No,18.3,199,1
Toyota,TOY429,Petrol,Manual,Hatchback,Grey,2926000.0,2.2,173,183,No,14.7,262,1
Maruti Suzuki,MAR379,Petrol,Manual,SUV,Red,905000.0,1.8,83,150,Yes,17.2,639,1
Hyundai,HYU104,Petrol,Manual,SUV,Blue,1856000.0,3.1,248,177,No,19.8,628,1
Kia,KIA877,Petrol,Manual,Sedan,Black,3021000.0,2.3,143,192,Yes,13.8,232,1
Mercedes,MER911,Diesel,Manual,Sedan,Red,12993000.0,2.9,445,200,No,15.5,30,0
BMW,BMW133,Hybrid,Manual,SUV,Blue,5870000.0,2.8,193,219,Yes,27.5,173,1
Toyota,TOY342,Petrol,Manual,Sedan,Red,1696000.0,3.1,214,145,No,14.9,223,1
Tata,TAT401,Petrol,Automatic,Coupe,Red,2121000.0,1.4,91,141,No,16.8,427,1
Kia,KIA416,Diesel,Automatic,Coupe,Silver,3107000.0,2.0,247,229,Yes,15.6,558,1
Honda,HON639,Petrol,Automatic,Hatchback,Grey,1620000.0,2.4,247,181,Yes,13.5,447,1
Tata,TAT477,Hybrid,Manual,Coupe,Green,2301000.0,2.0,116,163,No,25.6,490,1
Ford,FOR598,Petrol,Automatic,Sedan,White,3403000.0,2.4,203,173,No,17.4,296,1
Mercedes,MER974,Petrol,Manual,Sedan,White,17301000.0,4.7,325,182,No,19.4,112,0
Mahindra,MAH101,Petrol,Manual,Sedan,White,3608000.0,2.2,185,174,No,15.7,173,1
BMW,BMW697,Diesel,Automatic,Pickup,White,6775000.0,2.0,241,203,No,12.3,183,1
Maruti Suzuki,MAR531,Petrol,Automatic,SUV,Grey,1550000.0,1.6,65,155,Yes,20.0,514,1
Honda,HON444,Petrol,Manual,Coupe,Grey,1509000.0,1.9,141,216,Yes,17.3,623,1
Tata,TAT136,Petrol,Manual,Coupe,Red,1711000.0,1.2,79,138,Yes,14.9,245,1
Honda,HON322,Petrol,Manual,SUV,Black,3072000.0,2.2,222,177,No,14.4,233,1
Toyota,TOY655,Diesel,Automatic,Pickup,Red,4137000.0,3.2,157,193,No,12.5,309,1
Toyota,TOY138,Hybrid,Manual,Hatchback,Green,1526000.0,2.6,138,199,Yes,29.0,405,1
Mahindra,MAH281,Diesel,Manual,Coupe,Blue,1995000.0,2.9,172,187,Yes,17.2,352,1
Toyota,TOY431,Diesel,Automatic,Hatchback,Grey,4693000.0,2.4,248,180,Yes,12.9,764,1
BMW,BMW651,Petrol,Automatic,Coupe,Blue,10588000.0,2.5,341,283,No,15.7,239,1
Honda,HON278,Diesel,Manual,Hatchback,Red,1869000.0,2.8,216,216,No,13.2,311,1
BMW,BMW801,Petrol,Manual,Hatchback,Grey,13411000.0,3.7,429,223,Yes,13.2,540,1
Ford,FOR687,Hybrid,Manual,Hatchback,Grey,3734000.0,3.2,118,216,No,20.6,230,1
Mahindra,MAH356,Petrol,Manual,Coupe,Blue,5019000.0,3.2,195,231,Yes,12.6,314,1
Hyundai,HYU139,Petrol,Manual,Hatchback,Red,2288000.0,3.2,161,195,No,17.2,421,1
Tata,TAT885,Diesel,Manual,Pickup,Blue,1053000.0,1.2,80,167,No,16.7,610,1
Hyundai,HYU285,Petrol,Automatic,Sedan,Red,1679000.0,2.8,160,198,No,19.4,464,1
Honda,HON617,Petrol,Manual,Coupe,Grey,3461000.0,2.2,114,236,No,15.7,479,1
Tata,TAT700,Diesel,Automatic,SUV,Green,1030000.0,1.0,114,148,No,14.2,443,1
Kia,KIA365,Hybrid,Automatic,Pickup,White,3673000.0,3.2,90,195,No,27.7,342,1
Mahindra,MAH831,Electric,Manual,Pickup,Blue,1932000.0,2.9,225,148,No,37.2,78,1
Tata,TAT492,Petrol,Automatic,SUV,Black,1826000.0,1.3,101,120,No,19.5,820,1
Kia,KIA569,Petrol,Automatic,Coupe,Blue,3771000.0,2.5,227,222,No,19.3,484,1
Honda,HON697,Petrol,Manual,Sedan,Green,3208000.0,1.6,236,194,Yes,17.6,223,1
Audi,AUD245,Hybrid,Automatic,SUV,White,15600000.0,4.4,440,211,No,27.9,187,0
Mercedes,MER217,Diesel,Manual,SUV,Red,16225000.0,4.0,245,222,Yes,19.8,173,0
Kia,KIA710,Diesel,Automatic,Sedan,White,2317000.0,3.4,111,155,No,15.4,384,1
Kia,KIA924,Diesel,Automatic,Sedan,Red,3230000.0,2.6,136,213,No,19.3,167,1
Ford,FOR862,Petrol,Manual,Coupe,Blue,3673000.0,2.7,151,208,Yes,14.8,49,0
Hyundai,HYU701,Petrol,Automatic,Sedan,White,2230000.0,2.3,199,199,No,18.2,748,1
Tata,TAT434,Hybrid,Automatic,Sedan,White,616000.0,1.5,107,157,Yes,24.7,406,1
Ford,FOR477,Diesel,Manual,Pickup,Red,3830000.0,3.3,180,203,Yes,19.8,441,1
Audi,AUD749,Hybrid,Automatic,SUV,Blue,6138000.0,3.1,332,235,Yes,24.4,507,1
Honda,HON373,Petrol,Manual,Sedan,Black,4324000.0,1.8,209,173,Yes,15.9,355,1
Ford,FOR693,Diesel,Manual,Pickup,Blue,1763000.0,2.4,174,203,Yes,19.7,489,1
Kia,KIA235,Diesel,Automatic,SUV,Black,1715000.0,2.6,199,218,Yes,19.5,378,1
Audi,AUD632,Petrol,Automatic,SUV,Grey,7654000.0,3.2,337,230,No,17.1,525,1
Ford,FOR557,Diesel,Manual,Hatchback,White,3730000.0,2.2,206,151,Yes,13.3,322,1
Toyota,TOY492,Diesel,Manual,SUV,Red,4116000.0,2.5,123,162,No,19.4,164,1
Kia,KIA195,Petrol,Manual,Sedan,Green,2817000.0,2.6,163,170,Yes,13.8,520,1
Hyundai,HYU653,Diesel,Manual,SUV,Grey,2601000.0,3.0,226,213,Yes,13.3,695,1
Ford,FOR537,Electric,Manual,Sedan,Silver,2478000.0,3.2,121,140,Yes,38.1,220,1
Hyundai,HYU767,Diesel,Manual,Coupe,Green,3005000.0,3.2,144,242,No,16.9,287,1
Honda,HON478,Petrol,Manual,Coupe,Silver,2775000.0,1.9,128,223,Yes,15.6,447,1
BMW,BMW424,Diesel,Manual,Coupe,Red,12374000.0,3.3,393,250,Yes,14.2,383,1
Maruti Suzuki,MAR295,Electric,Manual,Pickup,Red,2036000.0,1.6,95,156,Yes,35.8,558,1
Ford,FOR381,Hybrid,Manual,Coupe,Blue,3203000.0,1.4,150,184,Yes,25.2,384,1
Hyundai,HYU942,Diesel,Manual,Pickup,Red,3091000.0,1.6,149,214,Yes,15.5,570,1
Kia,KIA762,Diesel,Manual,Coupe,Red,3935000.0,3.1,92,246,No,18.2,341,1
Hyundai,HYU460,Petrol,Manual,Pickup,Black,3230000.0,1.4,127,216,Yes,16.0,718,1
Mahindra,MAH878,Diesel,Manual,Sedan,Red,1650000.0,2.2,150,167,Yes,14.5,249,1
Tata,TAT645,Diesel,Manual,Sedan,Grey,906000.0,1.2,98,175,No,16.1,375,1
Mercedes,MER635,Petrol,Manual,Hatchback,Green,16813000.0,4.9,274,200,Yes,16.8,126,0
Hyundai,HYU422,Diesel,Manual,Pickup,Grey,3855000.0,2.2,190,197,No,19.7,776,1
Tata,TAT483,Petrol,Automatic,Coupe,White,1547000.0,1.5,101,143,Yes,13.0,390,1
Mercedes,MER891,Hybrid,Automatic,Hatchback,Grey,10818000.0,3.6,234,245,No,22.3,31,0
Honda,HON590,Petrol,Automatic,SUV,Black,2936000.0,1.9,168,157,No,12.4,405,1
BMW,BMW600,Diesel,Manual,Hatchback,Silver,14852000.0,3.9,271,183,No,18.9,30,0
Honda,HON939,Petrol,Manual,Hatchback,Grey,3994000.0,3.2,149,172,Yes,15.5,407,1
BMW,BMW579,Petrol,Automatic,SUV,Blue,16442000.0,4.1,246,192,No,13.8,119,0
Audi,AUD712,Petrol,Manual,Pickup,Blue,11747000.0,2.3,284,223,Yes,14.3,136,0
Mercedes,MER755,Diesel,Manual,Pickup,Blue,5280000.0,2.2,214,238,No,17.3,176,1
Toyota,TOY668,Diesel,Manual,Hatchback,Red,2351000.0,2.5,173,178,No,14.5,304,1
Mercedes,MER331,Petrol,Manual,Hatchback,Blue,8527000.0,4.2,417,246,No,12.5,332,1
Honda,HON719,Petrol,Manual,SUV,Silver,4280000.0,1.8,208,144,Yes,17.0,590,1
Mahindra,MAH944,Diesel,Manual,Pickup,Blue,2871000.0,3.0,228,169,Yes,16.2,268,1
Mercedes,MER419,Hybrid,Automatic,SUV,Green,10080000.0,2.5,421,190,Yes,26.4,55,0
Maruti Suzuki,MAR810,Petrol,Automatic,Coupe,Red,2198000.0,1.9,107,130,No,18.5,656,1
Kia,KIA732,Petrol,Automatic,SUV,Silver,3622000.0,3.0,103,186,No,18.6,320,1
Mahindra,MAH357,Petrol,Manual,Sedan,Grey,3941000.0,1.3,240,143,No,16.9,201,1
Kia,KIA331,Diesel,Automatic,Pickup,Red,1677000.0,3.0,151,148,No,18.1,398,1
Kia,KIA657,Diesel,Automatic,Sedan,Grey,3926000.0,2.6,115,141,No,17.6,654,1
Mahindra,MAH450,Hybrid,Automatic,Coupe,Red,3618000.0,2.2,109,245,No,25.5,401,1
Mahindra,MAH581,Diesel,Automatic,SUV,Grey,3947000.0,3.3,239,185,Yes,14.4,502,1
Tata,TAT884,Hybrid,Manual,SUV,Black,1334000.0,1.9,88,169,No,28.4,190,1
Maruti Suzuki,MAR999,Petrol,Manual,Coupe,Red,2041000.0,1.7,111,143,No,12.9,599,1
Maruti Suzuki,MAR852,Hybrid,Manual,Pickup,White,733000.0,1.1,69,165,Yes,27.1,784,1
Mahindra,MAH993,Diesel,Manual,Hatchback,Silver,2167000.0,3.1,135,203,Yes,15.9,189,1
Ford,FOR907,Petrol,Automatic,Coupe,White,2516000.0,3.1,95,248,No,17.2,565,1
Maruti Suzuki,MAR684,Diesel,Manual,Sedan,Blue,1273000.0,1.6,67,150,No,19.9,717,1
Mahindra,MAH401,Hybrid,Manual,SUV,Silver,2746000.0,2.7,122,177,Yes,29.8,160,1
Mercedes,MER133,Diesel,Manual,Sedan,Silver,8517000.0,3.9,335,219,No,16.9,144,1
Audi,AUD885,Petrol,Manual,Coupe,Silver,16479000.0,4.5,227,249,No,18.2,250,1
Mahindra,MAH641,Petrol,Automatic,Coupe,Black,5292000.0,3.4,233,191,Yes,19.3,255,1
Ford,FOR466,Diesel,Automatic,Hatchback,Green,2718000.0,2.3,194,160,No,12.2,486,1
Maruti Suzuki,MAR723,Diesel,Automatic,Hatchback,Grey,795000.0,1.4,76,165,No,12.9,635,1
Mercedes,MER153,Diesel,Automatic,Sedan,Grey,6343000.0,3.3,215,249,No,14.7,260,1
Mahindra,MAH429,Petrol,Automatic,SUV,White,3723000.0,3.0,237,200,Yes,17.4,650,1
Mahindra,MAH502,Petrol,Manual,Sedan,Grey,1914000.0,3.2,177,143,Yes,19.4,186,1
Kia,KIA698,Diesel,Automatic,Sedan,Black,3417000.0,3.2,227,205,Yes,12.5,428,1
Mahindra,MAH252,Diesel,Automatic,Coupe,White,4144000.0,2.3,160,192,Yes,19.7,247,1
BMW,BMW205,Petrol,Automatic,Pickup,Blue,7973000.0,2.6,358,196,Yes,19.5,30,0
Kia,KIA451,Petrol,Manual,Sedan,Green,1908000.0,2.3,155,211,Yes,12.1,566,1
Mercedes,MER649,Diesel,Manual,SUV,Red,16387000.0,3.9,220,183,Yes,16.3,84,0
Kia,KIA817,Petrol,Automatic,Pickup,Silver,2307000.0,2.7,178,146,No,16.2,196,1
Mercedes,MER622,Diesel,Manual,Sedan,Red,14720000.0,2.2,420,220,Yes,19.6,335,1
Maruti Suzuki,MAR138,Petrol,Automatic,Coupe,Black,1384000.0,1.0,116,158,No,12.7,890,1
Audi,AUD788,Diesel,Manual,SUV,Green,5543000.0,2.2,344,222,No,16.0,297,1
Ford,FOR665,Diesel,Manual,Coupe,Green,2533000.0,1.2,135,183,Yes,19.2,63,1
Audi,AUD609,Petrol,Manual,SUV,White,15450000.0,5.0,261,241,No,16.8,30,0
Kia,KIA394,Petrol,Manual,Coupe,Blue,3934000.0,3.3,127,192,No,17.6,312,1
Mahindra,MAH243,Petrol,Automatic,SUV,White,4553000.0,2.9,135,173,Yes,15.1,362,1
Ford,FOR397,Diesel,Manual,Coupe,Black,3314000.0,1.8,240,225,Yes,19.8,431,1
Tata,TAT388,Hybrid,Manual,Sedan,Black,1636000.0,1.8,108,140,No,29.6,488,1
Tata,TAT897,Diesel,Manual,Sedan,Black,1703000.0,1.6,105,171,No,16.8,534,1
Mahindra,MAH372,Petrol,Manual,Sedan,White,3569000.0,1.9,126,174,No,17.4,385,1
Audi,AUD122,Petrol,Automatic,Coupe,Grey,10094000.0,4.4,189,280,Yes,17.2,101,0
Kia,KIA481,Hybrid,Manual,Pickup,Green,4785000.0,2.8,217,212,No,26.8,455,1
Mahindra,MAH533,Diesel,Manual,Coupe,Grey,3823000.0,2.2,203,240,No,19.8,240,1
Hyundai,HYU421,Petrol,Manual,Hatchback,Grey,4098000.0,1.9,157,148,Yes,14.0,503,1
Audi,AUD333,Petrol,Manual,Hatchback,Silver,14466000.0,4.0,391,192,Yes,14.4,377,1
BMW,BMW415,Petrol,Manual,Pickup,Black,11902000.0,3.1,445,238,Yes,15.8,199,1
Audi,AUD130,Hybrid,Manual,Pickup,Blue,14890000.0,2.7,388,211,No,21.1,374,1
BMW,BMW331,Hybrid,Manual,Hatchback,Green,9295000.0,3.2,382,185,No,26.6,388,1
Tata,TAT367,Petrol,Manual,Coupe,Grey,1769000.0,1.2,95,176,Yes,16.9,694,1
Maruti Suzuki,MAR627,Hybrid,Automatic,Coupe,Red,1607000.0,1.7,79,162,Yes,29.2,565,1
Hyundai,HYU940,Petrol,Automatic,Coupe,Blue,4687000.0,3.1,232,245,No,15.6,327,1
Mercedes,MER890,Petrol,Manual,Hatchback,Grey,12651000.0,3.2,274,210,Yes,17.9,404,1
Toyota,TOY377,Hybrid,Automatic,Hatchback,Grey,3348000.0,1.2,190,174,Yes,24.6,400,1
Hyundai,HYU856,Petrol,Automatic,SUV,Red,4299000.0,2.5,231,197,Yes,16.4,322,1
Mahindra,MAH362,Petrol,Manual,SUV,Blue,4625000.0,2.4,195,162,Yes,14.6,246,1
Maruti Suzuki,MAR594,Electric,Manual,Pickup,Blue,1166000.0,1.7,88,151,Yes,33.9,564,1
Maruti Suzuki,MAR142,Petrol,Manual,Coupe,Black,1907000.0,1.6,100,139,Yes,15.3,623,1
Toyota,TOY454,Electric,Manual,Pickup,Green,2431000.0,3.5,169,219,No,32.3,406,1
Toyota,TOY422,Diesel,Manual,Pickup,Blue,1821000.0,3.3,220,198,No,16.9,171,1
Hyundai,HYU915,Petrol,Manual,Pickup,Blue,3514000.0,3.5,134,202,Yes,16.7,552,1
Toyota,TOY572,Hybrid,Manual,SUV,White,3576000.0,3.0,90,180,No,22.4,182,1
Hyundai,HYU327,Diesel,Manual,Hatchback,Blue,3916000.0,1.6,196,161,Yes,14.9,886,1
Kia,KIA458,Petrol,Automatic,Sedan,Red,2385000.0,2.8,99,208,Yes,18.5,360,1
Honda,HON679,Diesel,Manual,Sedan,Grey,4881000.0,3.4,146,171,No,18.0,389,1
BMW,BMW503,Petrol,Manual,SUV,Green,7231000.0,3.4,329,194,Yes,12.2,131,1
Tata,TAT770,Petrol,Manual,SUV,Blue,1711000.0,1.0,118,133,Yes,17.3,398,1
Mahindra,MAH531,Diesel,Automatic,Sedan,Black,3096000.0,2.4,226,198,No,12.6,285,1
Kia,KIA136,Hybrid,Manual,Coupe,Grey,1844000.0,1.9,108,211,Yes,29.8,604,1
Mercedes,MER529,Petrol,Manual,SUV,Silver,14053000.0,4.5,238,232,Yes,19.1,215,1
Toyota,TOY637,Petrol,Manual,Sedan,Green,2063000.0,2.0,245,202,Yes,14.3,97,1
Mercedes,MER113,Diesel,Manual,Hatchback,Grey,10543000.0,3.1,255,227,No,18.2,402,1
Kia,KIA538,Electric,Automatic,SUV,Black,4027000.0,1.6,221,160,No,31.4,334,1
BMW,BMW331,Petrol,Automatic,SUV,Silver,7368000.0,2.5,307,233,No,20.0,387,1
Audi,AUD528,Petrol,Manual,Hatchback,Grey,17264000.0,4.6,381,242,Yes,12.6,225,0
Audi,AUD490,Diesel,Automatic,Coupe,White,15538000.0,2.2,373,288,No,20.0,352,1
Toyota,TOY710,Diesel,Automatic,Sedan,Silver,3746000.0,2.1,179,169,No,13.6,280,1
Mercedes,MER440,Hybrid,Manual,Pickup,Green,14641000.0,4.7,426,183,Yes,20.8,91,0
Audi,AUD319,Hybrid,Automatic,Pickup,Grey,7339000.0,2.8,205,207,No,25.9,441,1
Audi,AUD981,Diesel,Automatic,Pickup,Silver,11012000.0,4.1,403,204,Yes,12.7,594,1
Toyota,TOY403,Petrol,Manual,Coupe,White,2123000.0,1.5,164,190,No,15.7,508,1
Kia,KIA501,Diesel,Manual,Coupe,Silver,1468000.0,2.5,117,180,Yes,19.0,223,1
Honda,HON342,Diesel,Automatic,Coupe,White,3246000.0,1.4,196,222,Yes,15.8,592,1
Honda,HON758,Petrol,Automatic,Hatchback,Black,2073000.0,2.1,142,201,No,19.3,420,1
Toyota,TOY950,Petrol,Manual,Pickup,Green,4700000.0,3.0,247,195,No,18.0,602,1
Honda,HON883,Petrol,Manual,SUV,Grey,4928000.0,3.2,224,215,Yes,16.3,563,1
Audi,AUD176,Electric,Automatic,SUV,White,5206000.0,2.0,327,210,No,31.8,363,1
Ford,FOR278,Hybrid,Manual,Pickup,Green,2974000.0,3.2,234,179,Yes,24.5,322,1
BMW,BMW406,Diesel,Manual,Coupe,White,14855000.0,4.1,268,212,No,14.1,190,0
Ford,FOR248,Petrol,Automatic,Hatchback,Green,2520000.0,2.7,242,194,Yes,19.4,242,1
Tata,TAT487,Petrol,Automatic,Sedan,Grey,1904000.0,1.7,84,139,No,18.8,484,1
Tata,TAT255,Diesel,Automatic,SUV,Grey,621000.0,1.8,77,120,Yes,18.4,634,1
Mahindra,MAH750,Electric,Automatic,Sedan,Green,3413000.0,2.8,236,183,Yes,32.5,147,1
Mahindra,MAH504,Diesel,Manual,Pickup,Blue,3602000.0,2.2,116,147,Yes,15.8,135,1
Tata,TAT406,Hybrid,Manual,Coupe,White,1382000.0,1.7,88,128,No,25.1,623,1
Ford,FOR866,Petrol,Manual,Pickup,Green,3689000.0,1.5,240,189,Yes,18.8,599,1
Mercedes,MER653,Diesel,Automatic,SUV,Green,9781000.0,4.2,390,207,No,15.1,96,0
Mercedes,MER392,Petrol,Manual,Hatchback,Green,11627000.0,2.1,231,226,Yes,12.8,240,1
Mahindra,MAH950,Diesel,Manual,Hatchback,Red,4953000.0,3.2,190,205,No,19.1,400,1
Maruti Suzuki,MAR207,Diesel,Manual,SUV,Grey,901000.0,1.4,93,162,No,12.2,531,1
Mercedes,MER358,Diesel,Automatic,SUV,Blue,9138000.0,3.8,276,234,No,17.2,116,0
Kia,KIA741,Diesel,Automatic,Pickup,Silver,3129000.0,2.2,117,166,No,14.4,287,1
Mercedes,MER957,Diesel,Manual,Hatchback,Silver,7577000.0,3.6,386,220,No,18.6,172,1
Ford,FOR251,Petrol,Manual,Pickup,Black,3602000.0,2.8,201,198,No,17.2,193,1
Tata,TAT903,Petrol,Automatic,Sedan,Black,779000.0,1.7,103,179,Yes,17.5,523,1
Kia,KIA248,Electric,Automatic,Pickup,White,4842000.0,3.5,214,189,Yes,26.2,646,1
Mahindra,MAH458,Diesel,Automatic,SUV,Grey,4046000.0,2.8,214,149,Yes,17.2,451,1
Kia,KIA863,Hybrid,Automatic,SUV,Blue,2217000.0,2.8,137,140,No,26.3,230,1
Maruti Suzuki,MAR279,Petrol,Manual,Sedan,Green,824000.0,1.7,115,178,Yes,13.9,520,1
BMW,BMW156,Diesel,Manual,Coupe,Green,15951000.0,4.4,199,248,Yes,14.7,416,1
Ford,FOR456,Petrol,Automatic,Sedan,White,3881000.0,2.1,199,188,No,19.8,333,1
Hyundai,HYU645,Petrol,Manual,Pickup,Grey,4235000.0,3.1,233,145,No,14.4,652,1
Tata,TAT782,Hybrid,Automatic,Coupe,White,1068000.0,1.4,70,149,Yes,26.6,815,1
Honda,HON604,Hybrid,Automatic,SUV,Silver,1935000.0,3.2,240,189,No,28.8,444,1
Tata,TAT489,Petrol,Automatic,Sedan,Red,814000.0,1.8,67,144,No,14.6,247,1
Kia,KIA120,Electric,Manual,SUV,Black,3492000.0,2.0,227,190,No,28.2,458,1
Tata,TAT530,Petrol,Manual,SUV,White,1175000.0,1.8,83,152,No,17.2,302,1
Maruti Suzuki,MAR931,Diesel,Manual,SUV,Silver,1286000.0,1.2,77,123,No,14.4,454,1
Mercedes,MER267,Petrol,Manual,SUV,Green,10907000.0,4.9,339,235,Yes,12.4,30,0
BMW,BMW513,Hybrid,Manual,Pickup,Black,11464000.0,3.6,407,184,No,26.0,321,1
Hyundai,HYU977,Diesel,Automatic,Pickup,White,4276000.0,3.4,219,162,Yes,17.7,668,1
Tata,TAT424,Diesel,Automatic,Coupe,Red,1966000.0,1.9,65,126,No,18.4,635,1
Honda,HON120,Petrol,Automatic,SUV,Green,1927000.0,1.3,154,205,Yes,13.0,404,1
Hyundai,HYU763,Electric,Automatic,Coupe,Red,1956000.0,3.1,228,232,No,28.6,431,1
Toyota,TOY972,Petrol,Automatic,SUV,Green,2686000.0,1.6,135,181,Yes,17.9,357,1
Maruti Suzuki,MAR396,Diesel,Manual,Pickup,Red,2146000.0,1.4,116,179,Yes,16.2,516,1
Mercedes,MER418,Diesel,Manual,SUV,White,9165000.0,4.4,223,197,Yes,18.3,30,0
Audi,AUD383,Hybrid,Manual,Hatchback,Green,13042000.0,4.2,213,199,Yes,22.2,204,1
Hyundai,HYU186,Diesel,Automatic,Coupe,White,2903000.0,3.0,204,226,No,12.1,491,1
Hyundai,HYU534,Petrol,Automatic,Sedan,Black,2032000.0,1.5,155,146,No,18.0,474,1
Ford,FOR999,Diesel,Manual,SUV,Silver,3654000.0,2.5,104,211,Yes,19.7,446,1
Maruti Suzuki,MAR774,Petrol,Manual,Coupe,Green,1934000.0,1.5,79,148,Yes,16.1,459,1
Mahindra,MAH537,Diesel,Manual,Hatchback,White,3078000.0,3.3,209,159,Yes,16.7,178,1
Maruti Suzuki,MAR827,Petrol,Manual,Pickup,Green,1245000.0,1.9,94,133,Yes,13.0,663,1
Toyota,TOY254,Petrol,Automatic,Hatchback,Red,3002000.0,2.5,143,190,Yes,12.5,422,1
Mercedes,MER168,Petrol,Automatic,Sedan,Green,6618000.0,4.6,218,227,No,15.1,30,0
BMW,BMW464,Diesel,Manual,Coupe,Red,11193000.0,4.3,314,287,Yes,16.0,467,1
Hyundai,HYU323,Petrol,Manual,Pickup,Blue,3577000.0,2.6,216,215,No,15.0,627,1
Mercedes,MER215,Diesel,Manual,Coupe,Red,10836000.0,2.3,276,249,No,18.7,462,1
Mahindra,MAH733,Hybrid,Manual,Sedan,Green,1605000.0,2.3,234,157,Yes,20.3,315,1
Ford,FOR919,Diesel,Manual,Pickup,Green,2895000.0,2.8,162,176,Yes,17.4,477,1
Mahindra,MAH120,Hybrid,Manual,Sedan,White,1917000.0,2.1,194,206,Yes,27.9,175,1
BMW,BMW235,Diesel,Manual,Hatchback,Black,12498000.0,3.1,213,195,Yes,18.9,260,1
BMW,BMW546,Electric,Automatic,Hatchback,Silver,14508000.0,4.1,353,233,No,30.4,130,0
Maruti Suzuki,MAR671,Diesel,Automatic,Pickup,Blue,812000.0,1.2,60,141,Yes,12.7,758,1
Ford,FOR105,Hybrid,Manual,Coupe,Red,4363000.0,3.1,130,189,Yes,21.9,129,1
Honda,HON886,Diesel,Automatic,Hatchback,Grey,4259000.0,2.5,119,207,No,15.2,408,1
Kia,KIA124,Petrol,Manual,Coupe,Red,2855000.0,2.4,232,240,No,16.6,418,1
Tata,TAT267,Petrol,Automatic,Hatchback,Blue,976000.0,1.4,118,156,Yes,18.2,735,1
Toyota,TOY443,Diesel,Manual,Hatchback,Green,3077000.0,2.8,226,180,Yes,15.8,31,0
BMW,BMW574,Petrol,Manual,Hatchback,Grey,9941000.0,2.5,433,202,No,18.4,387,1
Mahindra,MAH960,Diesel,Automatic,Sedan,White,4752000.0,2.6,233,153,Yes,17.0,401,1
Hyundai,HYU343,Petrol,Manual,Sedan,Black,3752000.0,1.8,208,202,Yes,18.6,718,1
BMW,BMW331,Diesel,Automatic,SUV,Silver,9852000.0,4.2,305,221,Yes,15.3,76,0
Mercedes,MER697,Petrol,Manual,Pickup,Black,6289000.0,2.5,200,223,Yes,18.8,451,1
Audi,AUD877,Petrol,Automatic,Pickup,Blue,6722000.0,2.8,242,207,Yes,13.8,204,1
BMW,BMW768,Hybrid,Manual,SUV,Blue,10777000.0,4.2,344,185,No,26.4,361,1
Honda,HON338,Petrol,Manual,Hatchback,Silver,2573000.0,2.9,206,157,No,19.2,444,1
Toyota,TOY119,Diesel,Manual,SUV,White,2920000.0,2.8,113,160,No,16.7,399,1
Mercedes,MER555,Petrol,Manual,Pickup,Green,10497000.0,3.9,311,180,No,17.2,30,0
Hyundai,HYU294,Petrol,Manual,SUV,Blue,2443000.0,2.0,105,157,Yes,13.8,533,1
Tata,TAT330,Petrol,Manual,Coupe,Blue,602000.0,1.1,64,155,Yes,13.5,605,1
Honda,HON954,Diesel,Automatic,Sedan,Green,3058000.0,2.1,218,165,No,15.7,373,1
Mercedes,MER347,Petrol,Manual,Sedan,White,15389000.0,4.0,290,215,Yes,19.7,452,1
Honda,HON976,Petrol,Automatic,Pickup,Blue,3649000.0,3.3,118,178,Yes,19.3,334,1
Tata,TAT244,Petrol,Manual,SUV,White,1890000.0,1.3,61,128,No,17.3,485,1
Audi,AUD767,Hybrid,Automatic,Sedan,White,15281000.0,2.3,304,192,Yes,27.5,202,0
Kia,KIA200,Electric,Manual,Pickup,White,2220000.0,2.5,229,180,No,25.9,280,1
Mahindra,MAH797,Diesel,Automatic,Pickup,Red,3203000.0,3.0,111,145,Yes,13.5,384,1
Tata,TAT784,Petrol,Manual,Hatchback,Green,1391000.0,1.2,79,177,Yes,13.9,725,1
Mahindra,MAH176,Diesel,Manual,Hatchback,White,4008000.0,2.5,109,177,Yes,19.6,458,1
Mercedes,MER348,Petrol,Automatic,Pickup,Silver,9660000.0,3.7,407,244,Yes,15.9,164,1
Hyundai,HYU349,Electric,Automatic,Coupe,Grey,2831000.0,1.2,130,199,Yes,26.4,407,1
Mercedes,MER999,Electric,Manual,SUV,Green,17552000.0,4.0,295,249,No,27.3,30,0
Toyota,TOY574,Petrol,Automatic,Hatchback,Silver,2794000.0,2.7,98,197,No,12.8,379,1
Audi,AUD430,Petrol,Manual,Hatchback,Green,17947000.0,4.0,356,218,Yes,14.3,228,0
Honda,HON445,Petrol,Automatic,Coupe,Blue,3054000.0,2.1,113,228,No,13.0,524,1
Ford,FOR360,Electric,Manual,Hatchback,Silver,3560000.0,2.7,156,171,No,35.4,277,1
Maruti Suzuki,MAR553,Hybrid,Manual,Coupe,Blue,1865000.0,1.5,118,177,Yes,24.1,626,1
Ford,FOR604,Diesel,Automatic,Pickup,Black,2709000.0,1.3,181,212,No,18.2,546,1
Maruti Suzuki,MAR579,Hybrid,Manual,Pickup,White,1773000.0,1.2,81,133,Yes,23.2,321,1
Kia,KIA799,Diesel,Manual,SUV,Black,2998000.0,2.2,135,147,Yes,19.1,513,1
Kia,KIA235,Diesel,Automatic,Pickup,Blue,1380000.0,1.2,222,219,Yes,17.8,122,1
Mahindra,MAH763,Petrol,Manual,Hatchback,Black,1331000.0,1.2,187,141,No,19.9,357,1
Honda,HON982,Petrol,Manual,SUV,Green,1988000.0,2.8,114,183,No,12.6,519,1
Mercedes,MER934,Electric,Manual,SUV,Black,7485000.0,4.5,327,244,No,38.7,417,1
Mahindra,MAH567,Diesel,Automatic,Coupe,Silver,3543000.0,1.4,109,249,No,15.9,415,1
BMW,BMW419,Petrol,Manual,Pickup,Red,10134000.0,4.2,406,234,Yes,14.2,138,0
Toyota,TOY935,Petrol,Manual,SUV,Green,2633000.0,2.2,168,153,No,15.6,866,1
Maruti Suzuki,MAR639,Diesel,Automatic,SUV,Blue,1883000.0,1.5,73,159,Yes,18.4,758,1
Honda,HON973,Petrol,Manual,Pickup,Black,2372000.0,2.7,113,167,Yes,19.3,472,1
Kia,KIA600,Petrol,Manual,Hatchback,Silver,4239000.0,3.2,243,179,No,16.5,474,1
Hyundai,HYU126,Petrol,Automatic,Pickup,White,2402000.0,1.4,157,203,Yes,18.4,403,1
Audi,AUD169,Hybrid,Manual,Coupe,Black,8998000.0,4.7,314,291,Yes,20.6,260,1
BMW,BMW912,Diesel,Automatic,Sedan,Green,10232000.0,4.0,216,202,Yes,12.5,279,1
Audi,AUD514,Petrol,Manual,Coupe,Green,18552000.0,4.9,408,302,Yes,16.6,259,0
Maruti Suzuki,MAR514,Petrol,Manual,SUV,Silver,1453000.0,1.4,109,130,No,12.4,782,1
Toyota,TOY526,Petrol,Manual,Coupe,Grey,3912000.0,1.8,213,236,Yes,14.0,241,1
Audi,AUD498,Diesel,Automatic,Coupe,Red,5387000.0,2.6,234,207,Yes,17.8,383,1
Tata,TAT411,Diesel,Manual,SUV,Red,1013000.0,1.5,98,172,No,16.2,458,1
Tata,TAT740,Petrol,Automatic,Coupe,Red,1246000.0,1.9,78,124,Yes,15.6,759,1
Mercedes,MER739,Petrol,Manual,SUV,Green,14928000.0,2.9,255,210,No,14.9,435,1
Mercedes,MER187,Diesel,Automatic,Hatchback,Blue,15751000.0,3.9,384,237,Yes,19.4,243,1
BMW,BMW145,Petrol,Manual,Sedan,Black,8831000.0,4.1,324,237,No,15.8,243,1
Ford,FOR896,Diesel,Manual,Coupe,Silver,4423000.0,3.3,207,234,No,12.5,436,1
Maruti Suzuki,MAR688,Electric,Automatic,Hatchback,Black,1096000.0,1.0,82,149,Yes,28.2,871,1
BMW,BMW226,Petrol,Manual,Sedan,Red,7997000.0,3.5,338,196,No,16.7,240,1
Mahindra,MAH537,Petrol,Automatic,Sedan,White,4217000.0,3.3,104,147,Yes,15.8,440,1
Maruti Suzuki,MAR414,Hybrid,Automatic,Coupe,Black,1505000.0,1.4,79,158,No,20.0,484,1
Mahindra,MAH185,Petrol,Manual,SUV,White,4049000.0,1.2,192,209,Yes,17.4,185,1
Honda,HON866,Diesel,Automatic,Hatchback,Blue,3037000.0,3.4,232,174,No,16.6,626,1
Tata,TAT521,Diesel,Automatic,Hatchback,Red,1038000.0,1.4,69,132,No,17.3,474,1
Maruti Suzuki,MAR733,Petrol,Manual,SUV,Red,1354000.0,1.2,84,142,No,19.9,550,1
Ford,FOR573,Petrol,Manual,Hatchback,Black,4218000.0,2.0,196,217,Yes,15.1,506,1
Tata,TAT735,Diesel,Automatic,SUV,Blue,1619000.0,1.3,75,154,Yes,19.8,606,1
BMW,BMW288,Petrol,Manual,SUV,Silver,15105000.0,2.8,288,225,No,16.1,238,1
Mercedes,MER846,Hybrid,Manual,Hatchback,Black,8242000.0,5.0,383,210,Yes,26.2,198,1
Hyundai,HYU819,Petrol,Manual,Hatchback,Red,4636000.0,3.3,143,182,No,17.6,418,1
Kia,KIA123,Diesel,Automatic,Sedan,Blue,2205000.0,1.3,170,188,Yes,12.0,343,1
Mahindra,MAH648,Petrol,Automatic,Coupe,White,2441000.0,2.4,137,199,Yes,19.0,290,1
Maruti Suzuki,MAR776,Petrol,Manual,Pickup,Grey,858000.0,1.5,117,157,No,17.7,548,1
Audi,AUD955,Petrol,Manual,Coupe,Blue,12596000.0,3.9,209,255,No,19.3,242,1
Hyundai,HYU154,Diesel,Automatic,Hatchback,Blue,2051000.0,2.3,163,204,No,18.6,448,1
Hyundai,HYU376,Electric,Manual,SUV,White,1657000.0,2.0,198,196,Yes,39.5,745,1
Tata,TAT107,Diesel,Manual,SUV,Green,1352000.0,1.6,92,129,Yes,15.7,593,1
Kia,KIA728,Diesel,Automatic,Hatchback,Red,2920000.0,3.5,176,159,Yes,13.5,359,1
Kia,KIA177,Hybrid,Manual,Coupe,White,1692000.0,2.2,93,211,Yes,29.9,523,1
Ford,FOR983,Petrol,Manual,Hatchback,Green,1734000.0,2.3,135,211,No,13.5,463,1
BMW,BMW591,Diesel,Automatic,Sedan,Grey,11486000.0,3.8,318,238,No,13.9,436,1
Maruti Suzuki,MAR808,Petrol,Manual,Hatchback,Red,1375000.0,1.4,61,165,Yes,19.8,521,1
Honda,HON300,Diesel,Automatic,Coupe,Grey,3679000.0,3.2,172,196,Yes,12.1,435,1
Audi,AUD942,Diesel,Automatic,Sedan,White,17385000.0,4.1,446,215,No,15.4,575,1
Mercedes,MER557,Petrol,Manual,Pickup,Green,9874000.0,3.4,415,182,Yes,19.8,31,0
Hyundai,HYU755,Hybrid,Automatic,Sedan,White,2022000.0,1.3,166,144,Yes,27.2,447,1
Kia,KIA111,Electric,Automatic,Coupe,Blue,2426000.0,1.7,177,248,No,35.4,580,1
Toyota,TOY582,Petrol,Automatic,Sedan,Red,3910000.0,3.3,122,208,Yes,14.4,393,1
Mercedes,MER470,Petrol,Automatic,Sedan,Silver,17436000.0,2.8,430,247,No,13.2,156,0
Hyundai,HYU736,Petrol,Automatic,Pickup,White,4520000.0,2.3,178,195,Yes,19.7,330,1
Mercedes,MER617,Petrol,Manual,Coupe,Silver,13231000.0,2.7,261,211,No,17.2,114,0
Honda,HON503,Diesel,Manual,Coupe,White,4065000.0,2.0,180,207,Yes,12.6,337,1
Honda,HON931,Petrol,Manual,Sedan,Red,2672000.0,2.1,233,165,Yes,15.0,554,1
Honda,HON196,Petrol,Manual,Sedan,Grey,4560000.0,3.4,217,172,No,18.6,563,1
Toyota,TOY813,Diesel,Manual,Hatchback,Blue,2724000.0,1.8,138,157,Yes,13.2,572,1
Toyota,TOY137,Diesel,Automatic,SUV,White,2226000.0,3.3,171,145,Yes,13.1,444,1
Tata,TAT505,Hybrid,Automatic,Coupe,Grey,1003000.0,1.0,78,123,No,22.4,385,1
Maruti Suzuki,MAR669,Petrol,Manual,Hatchback,Silver,1786000.0,1.9,83,172,No,14.7,483,1
Ford,FOR953,Petrol,Manual,SUV,Grey,2013000.0,2.0,187,169,Yes,17.4,466,1
Tata,TAT994,Electric,Manual,Pickup,Black,1162000.0,1.5,93,161,No,28.6,346,1
Mahindra,MAH612,Petrol,Manual,Sedan,Red,4074000.0,2.9,127,217,Yes,17.3,119,1
Audi,AUD281,Petrol,Manual,Pickup,Silver,10797000.0,2.5,295,208,Yes,17.8,224,1
Honda,HON108,Petrol,Manual,Coupe,Silver,2146000.0,3.1,142,211,No,18.2,228,1
Tata,TAT829,Diesel,Automatic,Hatchback,Red,1196000.0,1.3,95,139,No,17.8,644,1
Audi,AUD519,Diesel,Automatic,Pickup,White,10830000.0,2.4,263,195,No,15.1,464,1
Toyota,TOY760,Petrol,Manual,Hatchback,Silver,3753000.0,1.6,241,167,Yes,14.4,906,1
Maruti Suzuki,MAR787,Petrol,Manual,Pickup,Grey,1758000.0,1.8,82,164,No,19.1,676,1
Mercedes,MER338,Diesel,Manual,Pickup,Green,16066000.0,4.3,444,210,Yes,12.5,291,1
Maruti Suzuki,MAR893,Petrol,Manual,Coupe,Silver,1228000.0,1.0,77,155,No,14.5,741,1
BMW,BMW102,Petrol,Automatic,SUV,Grey,10778000.0,4.7,201,238,No,18.6,331,1
Mahindra,MAH836,Petrol,Manual,SUV,White,2231000.0,1.9,138,204,Yes,18.7,439,1
Honda,HON127,Petrol,Manual,Hatchback,Green,2029000.0,2.3,249,152,Yes,19.6,193,1
Mercedes,MER885,Petrol,Manual,Pickup,Grey,16129000.0,4.9,228,194,Yes,12.1,328,1
Tata,TAT297,Diesel,Automatic,Sedan,Black,902000.0,1.8,77,128,Yes,15.4,700,1
BMW,BMW246,Hybrid,Manual,SUV,White,6264000.0,2.8,280,239,No,27.9,504,1
Mahindra,MAH329,Petrol,Manual,Sedan,Silver,3201000.0,2.0,206,194,No,17.0,235,1
Maruti Suzuki,MAR393,Hybrid,Automatic,Sedan,Blue,1626000.0,1.7,83,172,Yes,21.6,550,1
Toyota,TOY596,Diesel,Manual,Sedan,Blue,1843000.0,2.6,150,205,No,15.4,519,1
Ford,FOR849,Petrol,Automatic,Pickup,Red,3149000.0,1.9,123,171,Yes,16.9,486,1
Tata,TAT744,Petrol,Manual,Sedan,Black,2334000.0,1.7,115,127,Yes,12.5,774,1
Tata,TAT892,Petrol,Automatic,SUV,Black,1040000.0,1.1,91,151,No,16.6,316,1
Tata,TAT517,Petrol,Manual,Coupe,White,883000.0,1.5,93,133,Yes,17.7,378,1
Kia,KIA204,Hybrid,Automatic,Sedan,Grey,3163000.0,1.2,153,211,Yes,25.2,161,1
Hyundai,HYU621,Diesel,Manual,Coupe,White,2088000.0,1.4,220,186,No,14.3,433,1
Mercedes,MER516,Hybrid,Automatic,SUV,Black,6112000.0,4.3,190,201,No,25.7,30,0
Ford,FOR765,Diesel,Automatic,Hatchback,White,2650000.0,3.0,245,167,No,12.3,250,1
Mercedes,MER417,Petrol,Automatic,Pickup,Blue,6755000.0,4.3,329,234,Yes,17.6,180,1
Mahindra,MAH939,Petrol,Manual,Coupe,Silver,2409000.0,2.4,170,222,Yes,13.5,521,1
Mahindra,MAH436,Petrol,Manual,Sedan,White,3519000.0,2.3,189,159,Yes,15.5,354,1
Mahindra,MAH978,Hybrid,Manual,Coupe,Silver,2496000.0,1.7,96,227,Yes,22.1,257,1
Toyota,TOY279,Diesel,Manual,SUV,Silver,4349000.0,2.4,136,192,No,14.2,316,1
Hyundai,HYU464,Diesel,Manual,Sedan,Green,4886000.0,2.6,225,145,No,14.8,689,1
BMW,BMW501,Petrol,Manual,Coupe,White,14008000.0,4.0,232,242,No,14.1,30,0
Audi,AUD818,Diesel,Manual,Sedan,Black,8495000.0,2.6,290,193,No,19.7,422,1
Toyota,TOY353,Diesel,Manual,Pickup,Blue,2100000.0,3.3,158,170,No,13.9,613,1
BMW,BMW261,Diesel,Manual,Coupe,Red,11098000.0,2.2,427,317,No,15.4,406,1
Audi,AUD529,Hybrid,Automatic,SUV,Grey,12317000.0,3.4,266,185,No,24.6,396,1
Tata,TAT983,Petrol,Automatic,Hatchback,Red,928000.0,1.2,106,135,Yes,13.5,531,1
Honda,HON335,Petrol,Manual,Hatchback,Silver,2709000.0,2.1,229,189,No,15.2,541,1
Kia,KIA961,Diesel,Manual,Pickup,White,1814000.0,1.7,244,216,No,13.4,356,1
Audi,AUD742,Petrol,Automatic,Pickup,Black,6599000.0,3.3,193,225,Yes,12.6,246,1
Maruti Suzuki,MAR520,Diesel,Manual,Coupe,White,2096000.0,1.4,81,179,No,16.3,494,1
BMW,BMW907,Hybrid,Manual,SUV,Red,9208000.0,3.2,232,215,No,24.4,138,1
Mercedes,MER316,Diesel,Automatic,Sedan,Black,8477000.0,3.5,195,190,No,19.6,125,1
Toyota,TOY575,Hybrid,Manual,SUV,Grey,2860000.0,1.3,200,144,No,27.4,513,1
Toyota,TOY706,Diesel,Manual,Hatchback,Green,3460000.0,1.4,206,150,No,14.7,588,1
Audi,AUD964,Diesel,Manual,Pickup,Red,18626000.0,3.5,441,186,No,15.8,275,1
Toyota,TOY179,Petrol,Manual,Sedan,Black,1477000.0,1.6,131,199,No,13.3,313,1
Mercedes,MER851,Electric,Manual,Coupe,Red,12510000.0,2.4,189,247,No,39.7,77,0
Toyota,TOY617,Petrol,Manual,Coupe,White,3364000.0,1.7,163,198,No,15.6,564,1
Toyota,TOY989,Diesel,Manual,SUV,Red,4097000.0,3.0,172,214,No,14.1,490,1
BMW,BMW891,Petrol,Manual,Sedan,Blue,11818000.0,2.1,344,206,Yes,18.0,43,0
Toyota,TOY517,Diesel,Manual,SUV,Blue,3652000.0,2.5,90,190,Yes,18.0,365,1
Mercedes,MER478,Petrol,Manual,Hatchback,Silver,15097000.0,2.9,240,194,Yes,16.5,30,0
Hyundai,HYU989,Petrol,Manual,Sedan,Silver,4337000.0,2.6,138,191,Yes,17.0,380,1
Toyota,TOY882,Electric,Manual,SUV,White,3051000.0,2.2,92,183,No,39.8,448,1
Kia,KIA354,Petrol,Manual,Sedan,Grey,2636000.0,3.4,105,198,Yes,12.9,427,1
Tata,TAT211,Hybrid,Automatic,Hatchback,Silver,1633000.0,1.8,96,155,No,29.1,252,1
Tata,TAT337,Petrol,Manual,Pickup,Black,1237000.0,1.2,69,143,No,17.7,529,1
Honda,HON894,Petrol,Automatic,Sedan,Silver,2047000.0,1.6,184,200,No,14.7,313,1
Toyota,TOY895,Hybrid,Manual,SUV,Blue,3134000.0,1.4,239,166,No,30.0,405,1
Audi,AUD353,Hybrid,Manual,Hatchback,Green,7999000.0,4.7,393,248,No,26.1,192,1
Hyundai,HYU826,Petrol,Manual,SUV,Red,3007000.0,2.4,151,177,No,17.1,572,1
Kia,KIA219,Petrol,Manual,Pickup,Green,4483000.0,3.2,173,167,No,17.1,451,1
Maruti Suzuki,MAR741,Petrol,Manual,Pickup,Silver,1232000.0,1.1,82,179,No,12.4,726,1
Tata,TAT657,Hybrid,Manual,Coupe,Grey,1697000.0,1.6,102,145,No,20.9,573,1
Maruti Suzuki,MAR495,Hybrid,Automatic,Sedan,White,2156000.0,1.4,99,151,No,20.5,570,1
Tata,TAT849,Hybrid,Manual,Coupe,Red,1508000.0,1.1,93,124,Yes,25.4,756,1
Kia,KIA206,Petrol,Automatic,SUV,White,3570000.0,3.2,206,159,No,19.1,637,1
BMW,BMW728,Petrol,Manual,Sedan,Green,9306000.0,4.6,431,234,No,19.5,447,1
Hyundai,HYU414,Petrol,Manual,Hatchback,Silver,2596000.0,3.2,168,153,Yes,17.4,378,1
Audi,AUD201,Diesel,Manual,Hatchback,Blue,5523000.0,2.6,287,191,No,13.6,398,1
Honda,HON953,Hybrid,Automatic,SUV,Red,3083000.0,3.4,212,165,No,29.5,354,1
Audi,AUD824,Petrol,Manual,Coupe,Silver,10283000.0,3.2,242,246,Yes,16.2,562,1
BMW,BMW291,Diesel,Automatic,Sedan,Silver,12398000.0,4.3,276,230,No,16.6,233,1
Maruti Suzuki,MAR622,Petrol,Manual,SUV,Black,2165000.0,1.8,98,159,Yes,12.7,664,1
Ford,FOR532,Diesel,Manual,Hatchback,Blue,3961000.0,1.4,180,166,No,15.4,468,1
Toyota,TOY356,Electric,Manual,SUV,Silver,3263000.0,3.5,184,152,Yes,27.9,431,1
BMW,BMW202,Diesel,Automatic,Sedan,Silver,12514000.0,2.2,309,190,Yes,15.5,209,1
Kia,KIA920,Petrol,Manual,SUV,Black,1785000.0,1.8,148,145,No,16.7,594,1
Toyota,TOY458,Diesel,Manual,Sedan,White,2874000.0,1.3,154,173,Yes,14.7,103,1
Kia,KIA876,Diesel,Automatic,Hatchback,Blue,2759000.0,3.0,115,189,No,16.0,461,1
Mercedes,MER701,Hybrid,Automatic,Coupe,White,10047000.0,4.2,328,257,Yes,26.7,336,1
Maruti Suzuki,MAR135,Petrol,Manual,SUV,Silver,579000.0,1.5,72,125,No,16.3,647,1
Kia,KIA742,Petrol,Manual,Pickup,Grey,3754000.0,2.1,197,179,Yes,15.5,224,1
Audi,AUD805,Hybrid,Automatic,Pickup,Blue,9356000.0,3.9,211,186,No,26.6,30,0
Honda,HON118,Petrol,Automatic,Sedan,Green,2883000.0,2.2,114,172,No,18.3,499,1
Maruti Suzuki,MAR189,Diesel,Manual,Hatchback,Grey,693000.0,1.7,74,138,No,13.6,695,1
Hyundai,HYU684,Petrol,Manual,Sedan,Red,4055000.0,2.7,187,193,No,13.9,858,1
Mercedes,MER675,Diesel,Automatic,Sedan,Blue,13605000.0,4.4,257,233,No,15.5,71,0
Honda,HON736,Diesel,Manual,Pickup,Red,3727000.0,2.2,241,154,No,17.4,265,1
BMW,BMW870,Petrol,Manual,Hatchback,Black,6577000.0,4.4,222,193,Yes,19.8,293,1
Tata,TAT306,Electric,Manual,SUV,Grey,1724000.0,1.3,95,152,Yes,37.7,614,1
Audi,AUD455,Petrol,Manual,Hatchback,Blue,7684000.0,3.9,190,184,No,17.7,329,1
Audi,AUD111,Petrol,Manual,Hatchback,Black,6692000.0,3.7,406,206,Yes,12.4,304,1
Mahindra,MAH633,Diesel,Manual,Sedan,Black,3538000.0,2.5,126,141,No,17.6,327,1
Toyota,TOY846,Petrol,Manual,Pickup,Green,2347000.0,3.2,164,182,No,18.0,493,1
Maruti Suzuki,MAR342,Petrol,Manual,Hatchback,Green,2337000.0,2.0,116,169,Yes,17.6,782,1
Hyundai,HYU879,Petrol,Manual,SUV,Red,2980000.0,1.4,133,140,No,13.1,379,1
Maruti Suzuki,MAR458,Petrol,Manual,Coupe,Silver,2071000.0,1.8,64,134,No,18.6,570,1
Kia,KIA563,Hybrid,Manual,Hatchback,Black,4716000.0,3.4,249,218,No,24.1,474,1
BMW,BMW617,Hybrid,Automatic,Hatchback,Red,10103000.0,4.4,324,235,Yes,22.8,130,0
Audi,AUD212,Hybrid,Automatic,SUV,Blue,13145000.0,3.7,434,198,Yes,29.4,343,1
Tata,TAT258,Petrol,Manual,SUV,Green,1858000.0,1.6,74,131,Yes,18.9,623,1
Mercedes,MER613,Petrol,Automatic,Hatchback,Green,13550000.0,2.6,346,211,No,13.3,30,0
Ford,FOR148,Diesel,Manual,Coupe,Red,1761000.0,2.3,184,183,Yes,15.2,389,1
Toyota,TOY672,Electric,Automatic,Coupe,Grey,1832000.0,1.3,110,189,No,27.7,359,1
Mercedes,MER734,Petrol,Manual,Pickup,Grey,6406000.0,2.3,260,235,Yes,14.9,403,1
BMW,BMW833,Diesel,Automatic,SUV,Blue,7582000.0,3.2,329,182,Yes,17.0,429,1
Mahindra,MAH632,Petrol,Automatic,Coupe,Black,3267000.0,2.0,174,207,No,17.6,447,1
Tata,TAT592,Petrol,Manual,Coupe,Blue,1475000.0,1.1,98,161,Yes,15.0,754,1
Honda,HON625,Diesel,Manual,Hatchback,White,3901000.0,2.4,153,213,Yes,13.8,382,1
Toyota,TOY577,Diesel,Automatic,Hatchback,Black,2293000.0,2.0,227,215,No,13.8,339,1
Kia,KIA880,Petrol,Automatic,Hatchback,Silver,4170000.0,2.6,91,142,Yes,13.2,441,1
Honda,HON769,Petrol,Manual,Sedan,Green,2070000.0,3.0,125,217,Yes,17.1,297,1
Ford,FOR995,Petrol,Manual,SUV,Green,4626000.0,2.7,228,216,No,13.0,454,1
Hyundai,HYU649,Petrol,Manual,Coupe,Red,1982000.0,3.0,228,220,Yes,14.9,351,1
Hyundai,HYU424,Diesel,Automatic,Coupe,White,2059000.0,2.3,124,213,Yes,19.7,705,1
Mahindra,MAH777,Diesel,Manual,Hatchback,Red,4718000.0,3.4,219,168,Yes,18.5,143,1
Toyota,TOY290,Petrol,Automatic,Coupe,Red,1551000.0,1.5,244,212,No,18.8,499,1
Toyota,TOY498,Petrol,Manual,Hatchback,Silver,2745000.0,2.7,93,159,Yes,15.5,235,1
Ford,FOR102,Petrol,Manual,SUV,Grey,3864000.0,2.0,220,147,Yes,17.4,415,1
Audi,AUD146,Petrol,Automatic,SUV,Silver,9742000.0,4.4,288,226,No,19.5,349,1
BMW,BMW393,Diesel,Manual,Sedan,Black,8255000.0,3.5,191,193,Yes,15.4,433,1
Tata,TAT677,Petrol,Manual,Sedan,Grey,1963000.0,1.5,95,172,No,14.5,614,1
Toyota,TOY577,Diesel,Manual,SUV,Grey,2165000.0,2.0,246,218,Yes,13.8,463,1
BMW,BMW761,Petrol,Manual,Coupe,Green,6044000.0,2.8,287,252,No,17.0,205,1
Kia,KIA848,Electric,Manual,Hatchback,Blue,3305000.0,1.4,96,180,Yes,25.9,453,1
Ford,FOR956,Petrol,Automatic,Sedan,Black,2811000.0,3.3,128,196,Yes,14.4,360,1
Kia,KIA464,Hybrid,Automatic,Sedan,Black,3986000.0,2.1,188,212,Yes,27.9,262,1
BMW,BMW489,Diesel,Automatic,Coupe,Black,8569000.0,4.2,315,289,No,16.0,279,1
Ford,FOR419,Petrol,Automatic,Pickup,Blue,3175000.0,2.4,230,211,Yes,15.6,194,1
Audi,AUD810,Hybrid,Manual,Coupe,Black,11182000.0,3.5,320,314,Yes,26.5,287,1
Honda,HON143,Petrol,Automatic,Sedan,Silver,3557000.0,2.7,183,154,No,12.3,184,1
Kia,KIA711,Diesel,Automatic,SUV,Blue,2251000.0,2.2,99,205,Yes,14.8,345,1
Tata,TAT241,Diesel,Automatic,SUV,Grey,912000.0,1.9,60,144,No,19.4,396,1
Mercedes,MER427,Diesel,Manual,Coupe,Black,8765000.0,2.3,261,259,No,13.5,386,1
Hyundai,HYU150,Petrol,Automatic,SUV,Red,3402000.0,1.3,115,162,Yes,16.8,531,1
Mahindra,MAH584,Hybrid,Manual,SUV,Green,2867000.0,3.1,204,148,Yes,26.2,252,1
Kia,KIA220,Petrol,Manual,SUV,Black,1870000.0,1.6,188,185,No,13.4,274,1
Ford,FOR559,Hybrid,Manual,Pickup,Red,4097000.0,2.2,105,149,No,25.8,357,1
Mahindra,MAH338,Petrol,Manual,Sedan,Black,4243000.0,2.2,159,180,No,17.6,352,1
Audi,AUD627,Petrol,Manual,Pickup,Grey,9952000.0,4.6,187,210,No,16.1,30,0
Ford,FOR182,Diesel,Automatic,Sedan,Blue,2837000.0,2.3,199,201,No,17.9,458,1
Mercedes,MER292,Diesel,Manual,Pickup,Green,11858000.0,5.0,409,198,Yes,13.6,127,0
Honda,HON387,Petrol,Automatic,Coupe,Green,4610000.0,3.0,226,199,Yes,16.7,165,1
Honda,HON579,Petrol,Automatic,SUV,Red,2176000.0,1.5,199,151,No,17.3,615,1
Mahindra,MAH795,Petrol,Manual,Sedan,Grey,2176000.0,3.0,249,208,Yes,18.0,379,1
Audi,AUD333,Petrol,Manual,Coupe,Red,14027000.0,3.3,377,286,Yes,17.1,213,1
Hyundai,HYU835,Petrol,Automatic,Sedan,Red,1775000.0,2.5,132,170,No,12.1,760,1
Audi,AUD430,Petrol,Manual,Pickup,Red,11176000.0,4.4,326,180,Yes,15.8,220,1
Mercedes,MER843,Petrol,Automatic,Sedan,Silver,10594000.0,4.8,191,227,No,18.8,30,0
Mercedes,MER577,Diesel,Manual,Sedan,Grey,15658000.0,2.5,323,183,Yes,16.0,205,0
Honda,HON519,Petrol,Manual,Pickup,Blue,3486000.0,3.4,194,163,No,13.9,297,1
Mahindra,MAH387,Hybrid,Automatic,Sedan,Black,2016000.0,2.9,200,188,Yes,20.4,402,1
Maruti Suzuki,MAR543,Diesel,Automatic,Coupe,Grey,2155000.0,1.6,78,142,Yes,13.4,789,1
Mercedes,MER194,Petrol,Manual,Hatchback,White,13990000.0,4.1,234,191,Yes,12.6,177,0
Kia,KIA200,Petrol,Automatic,Coupe,Silver,2316000.0,1.8,156,229,Yes,19.0,384,1
Audi,AUD388,Diesel,Manual,Pickup,Black,8089000.0,4.1,275,248,No,14.4,251,1
Tata,TAT415,Diesel,Manual,Pickup,Grey,793000.0,1.0,101,163,No,15.7,464,1
Honda,HON814,Diesel,Manual,SUV,White,3628000.0,2.4,190,187,Yes,17.3,353,1
Ford,FOR494,Diesel,Manual,Hatchback,Red,2888000.0,2.2,213,169,Yes,13.3,224,1
Mahindra,MAH908,Diesel,Automatic,Hatchback,Red,2153000.0,1.7,207,177,No,17.7,439,1
Tata,TAT753,Diesel,Manual,Hatchback,Grey,2315000.0,1.7,111,150,No,19.5,469,1
Mercedes,MER342,Diesel,Manual,SUV,Black,17950000.0,5.0,348,234,Yes,16.3,82,0
Hyundai,HYU185,Petrol,Manual,Sedan,Silver,3777000.0,1.3,184,169,Yes,15.1,355,1
BMW,BMW384,Diesel,Manual,SUV,Green,18013000.0,4.6,341,199,Yes,15.8,30,0
Audi,AUD758,Petrol,Automatic,SUV,Green,6757000.0,3.6,261,226,No,14.6,85,0
Kia,KIA294,Electric,Manual,Hatchback,Blue,2692000.0,1.3,248,180,No,25.4,511,1
Audi,AUD141,Petrol,Manual,Hatchback,Silver,14342000.0,4.1,217,226,Yes,18.1,267,1
Mahindra,MAH580,Petrol,Automatic,Hatchback,Grey,3419000.0,3.3,134,159,Yes,19.0,440,1
Ford,FOR512,Petrol,Manual,Sedan,Silver,1278000.0,1.2,135,213,No,19.2,292,1
Honda,HON551,Diesel,Automatic,Pickup,Silver,3004000.0,2.5,143,159,No,18.5,445,1
Kia,KIA563,Diesel,Automatic,Hatchback,White,3054000.0,1.4,173,186,Yes,17.9,203,1
Maruti Suzuki,MAR563,Petrol,Manual,Hatchback,Silver,953000.0,1.3,94,178,Yes,13.7,552,1
Ford,FOR320,Petrol,Manual,Pickup,Green,2737000.0,3.5,106,184,No,12.0,328,1
Tata,TAT469,Diesel,Manual,Coupe,Grey,1627000.0,1.2,67,140,Yes,18.2,463,1
Maruti Suzuki,MAR152,Diesel,Manual,Pickup,Green,651000.0,2.0,95,163,No,17.2,546,1
Mahindra,MAH421,Hybrid,Automatic,Hatchback,Silver,1821000.0,2.6,111,172,Yes,25.7,148,1
Toyota,TOY266,Petrol,Automatic,Hatchback,Blue,1727000.0,3.0,206,146,No,13.0,423,1
Honda,HON262,Diesel,Manual,Pickup,Green,4862000.0,3.0,249,160,Yes,15.9,543,1
Maruti Suzuki,MAR916,Petrol,Manual,SUV,Red,710000.0,1.1,64,161,No,16.0,399,1
Mercedes,MER916,Diesel,Manual,Coupe,Blue,14966000.0,4.6,379,255,No,19.9,51,0
Mercedes,MER977,Petrol,Automatic,Coupe,White,15494000.0,2.1,328,237,No,16.0,183,0
Kia,KIA936,Diesel,Manual,Sedan,Grey,3006000.0,1.8,179,200,No,14.1,132,1
Toyota,TOY168,Hybrid,Manual,Pickup,Grey,4473000.0,2.9,229,153,No,20.7,290,1
Tata,TAT532,Diesel,Manual,Coupe,Green,756000.0,1.2,91,178,No,14.9,486,1
Mahindra,MAH359,Petrol,Automatic,Hatchback,Grey,2938000.0,2.7,245,188,No,17.8,30,0
Maruti Suzuki,MAR664,Petrol,Manual,Coupe,Grey,742000.0,1.6,87,173,Yes,15.1,436,1
Audi,AUD274,Hybrid,Automatic,Coupe,Silver,8140000.0,3.1,262,230,Yes,20.5,358,1
Kia,KIA689,Diesel,Automatic,SUV,Red,3827000.0,1.3,231,150,Yes,12.5,366,1
Tata,TAT409,Diesel,Automatic,Coupe,Red,1386000.0,1.6,77,159,No,16.0,931,1
Hyundai,HYU592,Petrol,Automatic,Coupe,Black,2782000.0,3.1,206,207,Yes,18.8,560,1
Toyota,TOY238,Diesel,Automatic,Hatchback,Red,2214000.0,3.3,120,143,Yes,14.6,523,1
Toyota,TOY443,Electric,Automatic,Coupe,Black,4157000.0,3.3,191,246,No,26.4,422,1
Hyundai,HYU997,Petrol,Automatic,Coupe,White,4093000.0,2.4,98,195,No,14.0,456,1
Ford,FOR352,Hybrid,Automatic,Coupe,Green,2375000.0,1.3,234,216,Yes,26.7,490,1
Toyota,TOY148,Diesel,Automatic,Sedan,Silver,3529000.0,3.2,219,146,No,13.6,431,1
Honda,HON936,Diesel,Automatic,Coupe,Silver,3284000.0,2.2,136,209,No,15.6,495,1
Audi,AUD113,Electric,Manual,Sedan,Green,15865000.0,3.9,434,235,Yes,33.4,30,0
Mahindra,MAH616,Diesel,Manual,SUV,Silver,2144000.0,2.2,200,207,No,19.7,391,1
Audi,AUD813,Hybrid,Manual,Sedan,Blue,4877000.0,2.2,222,183,Yes,24.0,608,1
Kia,KIA874,Electric,Automatic,SUV,Silver,2594000.0,2.7,175,187,Yes,32.1,369,1
Mercedes,MER211,Diesel,Manual,Hatchback,Silver,6180000.0,2.2,295,231,No,14.2,30,0
Hyundai,HYU457,Electric,Automatic,Sedan,Blue,2922000.0,1.8,152,212,Yes,37.8,309,1
Kia,KIA980,Diesel,Manual,Sedan,Grey,2171000.0,3.4,122,204,Yes,15.0,364,1
Ford,FOR847,Petrol,Manual,Coupe,Red,4189000.0,2.0,146,224,Yes,19.7,408,1
Mahindra,MAH739,Petrol,Automatic,Coupe,Grey,4115000.0,3.2,167,223,Yes,16.3,533,1
BMW,BMW226,Hybrid,Manual,Sedan,Green,13238000.0,4.7,276,194,No,24.6,248,1
BMW,BMW103,Diesel,Manual,Pickup,White,18246000.0,3.9,410,191,Yes,19.2,30,0
Mercedes,MER137,Petrol,Manual,Pickup,Green,11679000.0,2.1,350,246,Yes,12.6,319,1
Honda,HON241,Petrol,Automatic,Coupe,Black,1527000.0,2.7,165,204,Yes,17.0,473,1
Tata,TAT289,Diesel,Automatic,Pickup,Green,678000.0,1.8,60,138,No,16.0,276,1
Toyota,TOY364,Petrol,Automatic,Pickup,Grey,4730000.0,3.4,229,181,No,19.1,257,1
Toyota,TOY130,Petrol,Manual,Pickup,Grey,3998000.0,2.1,135,147,Yes,15.8,413,1
BMW,BMW355,Diesel,Automatic,SUV,Grey,11068000.0,2.3,218,212,Yes,19.6,346,1
Ford,FOR381,Petrol,Automatic,Coupe,Blue,2626000.0,3.2,109,223,Yes,16.8,264,1
Kia,KIA970,Petrol,Manual,Coupe,Blue,3647000.0,1.6,95,217,No,16.2,255,1
Toyota,TOY559,Petrol,Manual,Pickup,Silver,4541000.0,3.4,176,214,No,17.8,439,1
Ford,FOR486,Petrol,Automatic,Hatchback,Green,3552000.0,2.2,198,172,Yes,12.9,328,1
Kia,KIA147,Diesel,Manual,Coupe,Silver,4109000.0,3.1,206,196,Yes,19.7,607,1
Kia,KIA664,Diesel,Manual,Hatchback,Blue,4918000.0,3.5,219,177,Yes,17.8,152,1
Mahindra,MAH433,Hybrid,Manual,Coupe,Silver,4223000.0,2.3,215,213,Yes,23.9,601,1
Maruti Suzuki,MAR176,Petrol,Manual,Hatchback,Red,1761000.0,1.4,94,174,No,19.8,644,1
Mahindra,MAH622,Petrol,Automatic,Pickup,White,2036000.0,1.6,198,173,No,12.2,464,1
Kia,KIA172,Petrol,Manual,SUV,Green,3859000.0,2.3,165,186,Yes,13.8,267,1
Tata,TAT836,Petrol,Manual,SUV,Blue,1347000.0,1.0,88,140,No,17.4,303,1
Tata,TAT286,Hybrid,Automatic,SUV,Green,594000.0,1.3,98,124,Yes,21.1,728,1
BMW,BMW543,Diesel,Manual,Sedan,Green,13719000.0,4.3,266,214,Yes,19.6,229,1
BMW,BMW516,Petrol,Manual,Pickup,Grey,17331000.0,3.8,443,213,No,18.2,297,1
Ford,FOR965,Electric,Manual,Hatchback,Red,3988000.0,2.3,217,160,Yes,26.8,446,1
Ford,FOR861,Petrol,Automatic,Pickup,Red,3167000.0,2.7,189,150,No,15.1,333,1
Kia,KIA602,Hybrid,Manual,Pickup,Blue,3827000.0,3.4,116,172,No,21.0,253,1
BMW,BMW288,Petrol,Automatic,Pickup,Black,10521000.0,2.7,241,234,No,19.7,47,0
Tata,TAT396,Diesel,Manual,Coupe,Grey,1126000.0,1.7,75,175,No,17.4,601,1
BMW,BMW109,Petrol,Manual,Sedan,Black,8850000.0,2.8,336,229,No,12.3,613,1
BMW,BMW819,Petrol,Automatic,Coupe,White,10322000.0,2.5,217,274,Yes,14.5,30,0
Tata,TAT322,Electric,Automatic,SUV,Black,1708000.0,1.5,117,141,No,36.1,372,1
Kia,KIA601,Petrol,Manual,Pickup,Green,2272000.0,2.4,178,166,No,15.8,454,1
Audi,AUD307,Diesel,Manual,Coupe,Green,13599000.0,2.8,290,204,No,13.9,102,0
Kia,KIA555,Petrol,Manual,Coupe,Silver,3748000.0,2.6,122,198,No,18.5,255,1
Hyundai,HYU398,Petrol,Manual,SUV,Silver,3523000.0,2.5,163,211,Yes,13.8,384,1
Kia,KIA110,Petrol,Manual,Pickup,Green,3494000.0,1.6,188,209,No,15.7,471,1
Audi,AUD711,Petrol,Automatic,Coupe,Silver,8510000.0,4.1,428,269,Yes,13.5,335,1
BMW,BMW365,Diesel,Manual,SUV,Red,6188000.0,2.8,207,215,Yes,12.6,201,1
Maruti Suzuki,MAR628,Diesel,Manual,SUV,Green,1404000.0,1.6,102,122,Yes,12.6,378,1
Hyundai,HYU513,Diesel,Manual,Sedan,Green,1474000.0,2.2,96,199,No,13.8,546,1
Kia,KIA894,Diesel,Manual,SUV,Green,3130000.0,3.0,204,188,Yes,19.5,457,1
Maruti Suzuki,MAR450,Diesel,Manual,Coupe,Black,1317000.0,1.8,82,170,No,14.1,749,1
Hyundai,HYU324,Diesel,Automatic,Hatchback,Black,1877000.0,1.7,138,194,No,19.1,373,1
Ford,FOR923,Petrol,Manual,Pickup,Green,3839000.0,3.1,176,145,No,12.8,61,1
Mercedes,MER193,Diesel,Automatic,SUV,Silver,8640000.0,3.4,359,206,Yes,18.4,291,1
Mahindra,MAH230,Hybrid,Automatic,Hatchback,Grey,4263000.0,2.9,247,163,No,26.4,336,1
Ford,FOR633,Hybrid,Automatic,Sedan,Blue,3873000.0,2.2,184,144,No,29.9,514,1
Hyundai,HYU999,Diesel,Manual,SUV,Red,4411000.0,3.2,201,154,Yes,12.2,506,1
Kia,KIA976,Petrol,Manual,Coupe,Silver,2265000.0,2.5,157,225,No,15.9,501,1
Toyota,TOY450,Petrol,Automatic,Pickup,White,3736000.0,3.2,121,166,Yes,15.5,383,1
Hyundai,HYU293,Diesel,Automatic,Hatchback,Green,2684000.0,2.7,157,216,No,19.2,606,1
Mahindra,MAH661,Petrol,Manual,Pickup,Blue,2907000.0,2.7,99,195,Yes,17.7,116,1
Mercedes,MER644,Petrol,Automatic,SUV,White,16783000.0,3.3,356,182,Yes,15.3,108,0
Mahindra,MAH534,Petrol,Automatic,Pickup,Green,3923000.0,2.1,186,156,Yes,15.3,317,1
Ford,FOR606,Diesel,Automatic,Hatchback,White,4998000.0,3.3,241,211,No,12.0,462,1
Audi,AUD458,Diesel,Manual,SUV,White,13336000.0,2.4,190,183,No,14.8,46,0
Kia,KIA913,Hybrid,Automatic,Hatchback,Red,1501000.0,2.3,160,200,Yes,22.8,602,1
Honda,HON511,Petrol,Automatic,Hatchback,Black,1914000.0,1.8,138,187,No,15.8,277,1
Mahindra,MAH941,Diesel,Automatic,Hatchback,Blue,2767000.0,3.4,127,205,Yes,17.7,76,1
Kia,KIA783,Petrol,Manual,SUV,Red,1718000.0,3.5,211,194,Yes,15.2,108,1
Mahindra,MAH380,Petrol,Manual,Coupe,Silver,1795000.0,3.1,233,191,Yes,18.3,354,1
Toyota,TOY779,Petrol,Manual,Hatchback,Silver,3366000.0,1.6,157,173,Yes,18.1,629,1
Kia,KIA257,Hybrid,Automatic,Coupe,Green,3521000.0,1.5,174,240,No,23.2,405,1
Ford,FOR945,Petrol,Manual,Coupe,Blue,2783000.0,3.1,104,240,Yes,14.5,198,1
BMW,BMW740,Petrol,Automatic,Pickup,Grey,16557000.0,3.5,304,210,Yes,17.5,352,1
Mercedes,MER226,Petrol,Manual,Sedan,White,11018000.0,2.4,417,209,No,12.6,522,1
Toyota,TOY275,Petrol,Automatic,Hatchback,Blue,2529000.0,3.0,197,192,No,15.4,464,1
Audi,AUD447,Petrol,Manual,Sedan,Black,16300000.0,2.8,335,201,Yes,18.0,208,0
BMW,BMW982,Petrol,Automatic,Hatchback,Black,10506000.0,3.8,369,194,No,13.5,447,1
Ford,FOR116,Hybrid,Automatic,Coupe,White,4430000.0,2.6,152,236,Yes,25.3,238,1
Honda,HON374,Diesel,Manual,Pickup,Blue,2710000.0,3.2,99,157,Yes,19.1,351,1
Tata,TAT887,Petrol,Manual,Coupe,Grey,782000.0,1.6,72,156,No,15.1,527,1
Honda,HON869,Petrol,Automatic,Sedan,Black,3809000.0,2.8,191,180,No,16.2,316,1
Mercedes,MER166,Hybrid,Automatic,SUV,Silver,14377000.0,4.1,356,221,No,21.6,97,0
Audi,AUD213,Diesel,Manual,SUV,Blue,17874000.0,4.3,329,197,No,12.9,126,0
BMW,BMW728,Petrol,Manual,Hatchback,Blue,16491000.0,4.7,209,235,Yes,15.6,424,1
Toyota,TOY821,Petrol,Manual,Coupe,Blue,3324000.0,3.0,101,202,No,14.6,271,1
Maruti Suzuki,MAR742,Hybrid,Manual,Coupe,Green,1107000.0,1.5,76,146,No,23.7,698,1
Hyundai,HYU949,Petrol,Automatic,SUV,Black,3104000.0,1.7,142,141,No,12.9,773,1
Ford,FOR103,Petrol,Manual,Coupe,Black,2066000.0,1.4,186,249,No,12.8,337,1
Ford,FOR665,Petrol,Manual,Pickup,Green,3893000.0,2.7,234,149,No,14.5,360,1
Toyota,TOY429,Diesel,Manual,Hatchback,White,1804000.0,2.1,235,202,No,17.8,552,1
Tata,TAT437,Diesel,Manual,Pickup,Silver,1288000.0,1.1,110,136,Yes,12.4,513,1
Hyundai,HYU715,Diesel,Manual,Pickup,Silver,1921000.0,2.6,187,160,No,17.8,760,1
Honda,HON754,Petrol,Manual,Coupe,Green,3407000.0,1.8,139,213,No,12.2,513,1
Mercedes,MER554,Hybrid,Automatic,Pickup,Silver,8365000.0,3.4,209,188,Yes,24.6,312,1
Tata,TAT874,Diesel,Automatic,Pickup,Grey,1467000.0,1.5,83,131,No,13.2,577,1
Honda,HON728,Petrol,Automatic,Coupe,Blue,4061000.0,2.3,216,229,No,13.6,30,0
Honda,HON947,Petrol,Manual,Sedan,Black,3002000.0,2.4,247,205,No,19.2,530,1
Audi,AUD857,Hybrid,Automatic,Pickup,Red,4989000.0,2.4,202,198,Yes,24.4,251,1
Toyota,TOY664,Hybrid,Manual,Sedan,Grey,4465000.0,3.4,116,208,No,24.8,736,1
BMW,BMW543,Petrol,Automatic,Hatchback,Red,10916000.0,4.4,205,241,No,17.4,114,0
Audi,AUD858,Hybrid,Manual,Sedan,White,6712000.0,3.0,207,237,Yes,23.0,256,1
BMW,BMW991,Petrol,Manual,Hatchback,Silver,16766000.0,4.1,226,213,No,15.7,725,1
Audi,AUD662,Petrol,Manual,SUV,Green,6486000.0,4.1,311,235,No,18.5,150,1
Ford,FOR331,Electric,Manual,SUV,Grey,1983000.0,1.3,202,218,Yes,31.7,246,1
Maruti Suzuki,MAR546,Diesel,Automatic,Coupe,Black,1024000.0,1.3,85,159,Yes,14.2,527,1
Mahindra,MAH543,Petrol,Manual,SUV,Blue,1660000.0,2.1,226,179,Yes,19.7,31,1
Tata,TAT677,Petrol,Manual,SUV,Silver,934000.0,1.7,92,156,No,18.0,504,1
Hyundai,HYU747,Diesel,Automatic,Sedan,Silver,3450000.0,1.3,218,182,No,15.1,891,1
Mahindra,MAH693,Electric,Manual,Hatchback,Blue,1819000.0,2.2,143,168,Yes,26.4,413,1
Honda,HON240,Petrol,Automatic,Coupe,Grey,1734000.0,1.6,149,242,No,13.6,192,1
Ford,FOR228,Diesel,Manual,Pickup,Red,3212000.0,1.3,121,156,No,19.9,235,1
Maruti Suzuki,MAR528,Hybrid,Automatic,Coupe,Grey,1410000.0,1.1,76,130,Yes,21.2,596,1
Ford,FOR958,Hybrid,Automatic,Sedan,Black,3289000.0,2.0,178,160,Yes,23.1,566,1
Kia,KIA200,Petrol,Automatic,Sedan,Silver,3199000.0,1.5,188,208,No,13.0,525,1
BMW,BMW942,Electric,Manual,SUV,Red,11918000.0,2.3,395,248,Yes,27.7,30,0
Mercedes,MER802,Petrol,Manual,Pickup,Red,18165000.0,3.7,432,192,No,18.3,36,0
Hyundai,HYU619,Diesel,Automatic,SUV,Grey,2239000.0,3.1,186,168,No,15.6,769,1
Ford,FOR994,Petrol,Manual,Pickup,Grey,3546000.0,2.0,104,212,No,15.1,179,1
Mercedes,MER725,Diesel,Automatic,SUV,Grey,15665000.0,2.7,351,241,Yes,12.3,112,0
Toyota,TOY181,Petrol,Manual,Coupe,Black,3998000.0,2.1,195,206,Yes,17.6,340,1
Audi,AUD150,Petrol,Manual,Coupe,Green,10573000.0,4.5,235,303,No,16.0,308,1
Honda,HON689,Electric,Automatic,Hatchback,Black,2600000.0,2.7,144,167,Yes,36.0,301,1
Hyundai,HYU217,Diesel,Automatic,Hatchback,Green,4255000.0,3.1,169,182,Yes,17.6,455,1
Ford,FOR543,Petrol,Automatic,SUV,Red,3228000.0,2.2,249,151,Yes,16.7,401,1
Ford,FOR441,Petrol,Manual,Sedan,White,3828000.0,2.0,133,208,Yes,15.2,455,1
Mahindra,MAH650,Petrol,Manual,SUV,White,3451000.0,1.5,210,183,Yes,14.1,589,1
Mahindra,MAH172,Petrol,Automatic,Pickup,Blue,1552000.0,2.7,176,157,Yes,18.0,291,1
Maruti Suzuki,MAR429,Diesel,Manual,SUV,Grey,1054000.0,1.3,88,160,No,19.4,555,1
Audi,AUD995,Diesel,Manual,Pickup,White,6974000.0,4.3,300,229,Yes,14.6,94,0
Honda,HON601,Petrol,Manual,Sedan,Red,4381000.0,2.4,240,146,No,16.1,529,1
Honda,HON696,Petrol,Automatic,Pickup,Green,1640000.0,3.4,137,159,Yes,15.9,660,1
Audi,AUD471,Diesel,Manual,SUV,Grey,12673000.0,4.3,286,210,Yes,16.3,364,1
Mahindra,MAH126,Petrol,Manual,Coupe,Grey,3640000.0,2.2,90,243,Yes,13.0,270,1
Honda,HON516,Electric,Manual,Coupe,White,1892000.0,1.6,118,236,Yes,33.7,514,1
Maruti Suzuki,MAR571,Hybrid,Automatic,Coupe,Blue,1940000.0,1.7,71,166,No,23.5,598,1
Kia,KIA921,Diesel,Automatic,Coupe,Grey,3223000.0,2.6,187,230,No,17.3,338,1
Tata,TAT972,Petrol,Automatic,Sedan,Green,1601000.0,1.3,78,127,Yes,15.3,387,1
Audi,AUD421,Hybrid,Automatic,Hatchback,Grey,16548000.0,2.9,323,232,Yes,20.1,214,0
Tata,TAT352,Diesel,Automatic,Sedan,Grey,1812000.0,1.0,68,139,No,14.8,623,1
Mahindra,MAH750,Petrol,Automatic,SUV,Red,3640000.0,1.2,192,150,Yes,18.6,299,1
Mahindra,MAH997,Petrol,Manual,Sedan,White,2056000.0,2.7,115,155,No,17.0,529,1
Maruti Suzuki,MAR765,Petrol,Manual,Sedan,Green,2340000.0,1.9,95,152,No,20.0,265,1
Toyota,TOY121,Petrol,Manual,Sedan,Black,3637000.0,1.7,105,190,Yes,12.8,598,1
BMW,BMW211,Diesel,Automatic,Coupe,Green,10102000.0,3.3,327,318,No,13.8,107,0
Kia,KIA552,Petrol,Automatic,Coupe,Black,3508000.0,2.9,167,197,No,17.0,301,1
Ford,FOR430,Petrol,Manual,Sedan,Blue,2795000.0,1.6,154,174,No,19.9,419,1
BMW,BMW423,Diesel,Manual,Sedan,Silver,18651000.0,4.2,423,183,No,15.6,353,1
Toyota,TOY192,Diesel,Manual,Coupe,Green,3593000.0,2.5,118,203,Yes,14.5,276,1
Mercedes,MER643,Diesel,Automatic,Pickup,Silver,13599000.0,4.6,380,238,No,19.1,30,0
Tata,TAT596,Diesel,Manual,Coupe,Grey,1189000.0,1.3,63,175,Yes,12.5,393,1
Mahindra,MAH423,Electric,Automatic,SUV,Silver,4536000.0,2.2,220,162,No,29.5,510,1
Maruti Suzuki,MAR595,Hybrid,Manual,Hatchback,Grey,1669000.0,2.0,91,176,No,27.9,555,1
Maruti Suzuki,MAR581,Petrol,Automatic,SUV,Green,1216000.0,1.2,117,177,No,18.0,807,1
Audi,AUD866,Diesel,Manual,Coupe,Black,9682000.0,2.7,446,207,Yes,18.7,95,0
Hyundai,HYU356,Petrol,Manual,SUV,Green,3481000.0,1.4,146,216,Yes,17.6,275,1
Toyota,TOY395,Hybrid,Manual,Sedan,Silver,3704000.0,2.9,99,156,Yes,24.9,220,1
Mercedes,MER228,Petrol,Manual,SUV,Green,13558000.0,2.0,358,180,No,12.5,30,0
Toyota,TOY660,Petrol,Manual,Hatchback,White,2758000.0,3.1,113,184,Yes,17.4,410,1
Hyundai,HYU712,Diesel,Manual,Hatchback,Silver,4017000.0,2.4,115,190,No,16.7,315,1
Toyota,TOY514,Petrol,Automatic,Coupe,Silver,1277000.0,1.4,115,189,Yes,14.1,77,1
Mahindra,MAH290,Diesel,Manual,Pickup,Black,4582000.0,2.6,230,182,Yes,12.7,184,1
Toyota,TOY156,Petrol,Automatic,Pickup,Black,2956000.0,3.1,121,147,No,14.6,166,1
Kia,KIA495,Petrol,Manual,Sedan,Black,1811000.0,1.8,199,170,Yes,17.1,216,1
Mahindra,MAH218,Petrol,Manual,Sedan,Blue,3009000.0,2.5,129,181,No,12.2,577,1
Toyota,TOY946,Diesel,Manual,Sedan,Grey,1786000.0,1.8,125,145,Yes,14.8,139,1
Ford,FOR516,Diesel,Automatic,Pickup,Green,4253000.0,2.0,163,192,Yes,17.2,437,1
BMW,BMW802,Petrol,Manual,Sedan,White,18491000.0,3.9,443,187,Yes,15.5,49,0
Toyota,TOY411,Petrol,Manual,Sedan,Green,4519000.0,2.1,208,142,No,17.6,374,1
Ford,FOR108,Petrol,Manual,SUV,Grey,1442000.0,1.3,232,197,No,12.9,443,1
Honda,HON993,Petrol,Manual,Coupe,Green,1837000.0,3.1,219,188,Yes,14.4,470,1
Honda,HON303,Petrol,Automatic,Coupe,Black,4503000.0,2.3,198,215,No,19.5,676,1
Ford,FOR299,Petrol,Automatic,SUV,Silver,2400000.0,1.7,142,208,No,16.0,445,1
BMW,BMW593,Petrol,Automatic,Coupe,Red,6047000.0,2.0,255,272,Yes,17.7,30,0
Mahindra,MAH267,Hybrid,Automatic,Hatchback,Silver,4344000.0,3.3,155,199,No,20.7,84,1
Tata,TAT410,Hybrid,Manual,Hatchback,Silver,1061000.0,1.6,81,153,No,24.1,461,1
Toyota,TOY206,Electric,Manual,Sedan,Blue,1668000.0,1.4,127,144,Yes,34.3,309,1
Tata,TAT144,Hybrid,Manual,Sedan,Green,1244000.0,1.8,73,127,No,25.0,666,1
Honda,HON697,Diesel,Manual,Coupe,White,3660000.0,2.6,204,183,No,15.4,566,1
Honda,HON168,Petrol,Manual,Coupe,Blue,3585000.0,1.8,105,197,Yes,12.8,332,1
Hyundai,HYU143,Petrol,Manual,Coupe,Grey,2656000.0,2.4,245,207,Yes,13.8,494,1
Audi,AUD804,Petrol,Manual,Coupe,Black,7799000.0,4.3,196,319,Yes,16.2,193,1
Honda,HON972,Hybrid,Manual,Coupe,Silver,3105000.0,2.0,200,213,No,23.3,494,1
Audi,AUD405,Hybrid,Manual,Sedan,Black,8733000.0,3.3,274,186,No,21.9,225,1
Hyundai,HYU463,Diesel,Manual,Hatchback,Black,2098000.0,2.8,155,202,Yes,17.7,590,1
Hyundai,HYU374,Hybrid,Automatic,SUV,Black,3944000.0,2.7,186,199,Yes,20.6,349,1
Honda,HON256,Diesel,Manual,SUV,Blue,3519000.0,1.8,181,159,Yes,18.7,781,1
Mahindra,MAH378,Petrol,Manual,Pickup,White,4459000.0,3.3,207,151,Yes,18.8,254,1
BMW,BMW658,Petrol,Manual,Coupe,Blue,14631000.0,3.8,428,229,Yes,13.9,498,1
Mahindra,MAH207,Petrol,Automatic,Pickup,Black,2908000.0,2.7,162,188,No,18.6,313,1
Mercedes,MER311,Petrol,Manual,Coupe,Grey,8860000.0,4.1,392,253,Yes,14.6,30,0
BMW,BMW819,Petrol,Manual,Coupe,Red,10191000.0,3.5,369,292,Yes,15.1,42,0
Tata,TAT668,Petrol,Automatic,SUV,Green,1687000.0,1.7,77,125,No,19.2,669,1
Kia,KIA946,Petrol,Manual,Coupe,Black,1782000.0,3.1,180,239,No,19.8,552,1
Honda,HON875,Diesel,Manual,Sedan,Silver,4422000.0,3.2,91,210,No,12.6,380,1
Maruti Suzuki,MAR176,Petrol,Automatic,Sedan,Red,1512000.0,1.0,106,126,No,15.3,710,1
Maruti Suzuki,MAR238,Diesel,Automatic,Sedan,White,1897000.0,1.7,60,144,Yes,12.3,423,1
Honda,HON998,Diesel,Manual,Hatchback,Blue,2710000.0,3.4,125,184,No,15.2,549,1
Mahindra,MAH692,Petrol,Manual,Pickup,Black,4061000.0,3.2,144,192,No,16.4,155,1
Mahindra,MAH611,Diesel,Manual,SUV,Red,3016000.0,1.6,219,145,Yes,12.8,159,1
Honda,HON354,Petrol,Manual,Hatchback,Silver,2255000.0,1.5,166,171,Yes,17.8,364,1
Kia,KIA229,Electric,Manual,Hatchback,Red,2769000.0,1.8,233,166,Yes,33.7,30,0
Kia,KIA738,Petrol,Automatic,SUV,Blue,2448000.0,3.0,213,163,Yes,17.5,431,1
Ford,FOR787,Petrol,Automatic,Coupe,Silver,3107000.0,2.5,103,226,Yes,15.8,614,1
Tata,TAT776,Petrol,Automatic,Hatchback,Grey,1325000.0,1.9,61,135,Yes,13.0,381,1
BMW,BMW809,Petrol,Manual,SUV,Grey,13861000.0,5.0,258,239,Yes,20.0,300,1
Audi,AUD255,Diesel,Manual,SUV,Green,12529000.0,2.9,361,239,No,13.4,30,0
Tata,TAT617,Petrol,Automatic,Sedan,Grey,1103000.0,1.9,85,140,No,16.8,424,1
Toyota,TOY451,Petrol,Manual,Hatchback,Silver,1978000.0,1.7,173,172,No,14.4,404,1
Maruti Suzuki,MAR210,Hybrid,Automatic,Coupe,Black,1984000.0,1.9,74,155,No,28.6,499,1
Toyota,TOY673,Petrol,Automatic,SUV,Black,3181000.0,3.3,234,156,No,14.1,326,1
Honda,HON284,Petrol,Automatic,Sedan,Silver,4349000.0,3.3,98,187,No,16.5,372,1
BMW,BMW288,Hybrid,Automatic,Pickup,Black,11800000.0,3.9,435,191,No,21.2,235,1
Toyota,TOY243,Petrol,Automatic,Sedan,Silver,2446000.0,2.2,170,200,Yes,15.1,351,1
Hyundai,HYU672,Petrol,Automatic,Coupe,Grey,2819000.0,3.1,225,196,Yes,14.5,464,1
Tata,TAT760,Petrol,Manual,SUV,Black,854000.0,1.2,85,165,Yes,18.7,210,1
Honda,HON523,Petrol,Manual,Coupe,Grey,3766000.0,1.4,124,232,Yes,16.3,289,1
Mahindra,MAH930,Petrol,Automatic,Sedan,White,2140000.0,2.2,118,217,No,12.9,206,1
Mahindra,MAH814,Petrol,Automatic,Pickup,Red,4788000.0,3.1,157,199,No,17.4,204,1
Audi,AUD296,Petrol,Manual,Sedan,Green,12320000.0,3.9,326,213,Yes,15.5,80,0
Mercedes,MER497,Diesel,Manual,Pickup,Green,11540000.0,3.3,326,242,No,17.1,302,1
Honda,HON912,Diesel,Manual,Coupe,Black,3196000.0,2.5,94,249,Yes,12.3,683,1
Toyota,TOY940,Diesel,Automatic,SUV,Green,2193000.0,1.4,105,203,Yes,15.4,304,1
Audi,AUD800,Petrol,Manual,SUV,Grey,8518000.0,2.8,346,237,No,15.6,377,1
Kia,KIA542,Petrol,Manual,Pickup,Green,2739000.0,3.4,108,178,Yes,15.3,308,1
Kia,KIA410,Diesel,Manual,Sedan,Blue,1709000.0,3.2,187,205,Yes,16.2,278,1
Honda,HON942,Petrol,Manual,Pickup,Grey,3693000.0,2.8,235,147,No,14.6,414,1
Audi,AUD587,Petrol,Automatic,Sedan,Blue,15357000.0,3.3,232,245,Yes,12.8,221,1
Toyota,TOY832,Diesel,Manual,SUV,Red,3526000.0,2.6,104,167,Yes,13.2,320,1
BMW,BMW416,Petrol,Manual,Pickup,Grey,6374000.0,4.9,274,198,Yes,13.8,613,1
BMW,BMW159,Diesel,Automatic,Coupe,Red,8294000.0,5.0,259,248,No,19.0,51,0
BMW,BMW646,Petrol,Automatic,Coupe,Red,16235000.0,4.2,241,277,No,19.4,464,1
Mercedes,MER962,Petrol,Manual,Coupe,Silver,13572000.0,4.2,442,282,No,12.8,281,1
Tata,TAT953,Petrol,Manual,Coupe,Blue,1102000.0,2.0,84,147,Yes,17.6,281,1
Tata,TAT953,Petrol,Manual,Pickup,Grey,1375000.0,1.4,64,155,No,18.9,353,1
Honda,HON134,Diesel,Automatic,Hatchback,Blue,2136000.0,3.1,240,171,Yes,17.8,678,1
Maruti Suzuki,MAR562,Diesel,Automatic,Coupe,Black,1295000.0,1.5,110,125,Yes,16.2,504,1
Hyundai,HYU440,Diesel,Manual,Sedan,Red,3090000.0,1.3,185,162,No,17.4,379,1
Kia,KIA527,Petrol,Automatic,Sedan,Green,2046000.0,2.9,193,217,Yes,19.3,514,1
BMW,BMW829,Petrol,Manual,Coupe,Black,5680000.0,2.4,337,309,No,19.3,498,1
Hyundai,HYU988,Diesel,Manual,SUV,Grey,1705000.0,2.1,96,177,No,18.0,549,1
BMW,BMW127,Petrol,Manual,Sedan,Red,7395000.0,3.1,431,196,No,14.6,471,1
Tata,TAT486,Petrol,Automatic,SUV,White,1915000.0,1.7,114,143,No,16.1,617,1
Tata,TAT772,Electric,Manual,Pickup,Green,1862000.0,1.8,67,167,No,31.5,491,1
Hyundai,HYU544,Hybrid,Manual,Sedan,Blue,1391000.0,1.3,198,169,Yes,28.7,403,1
Tata,TAT330,Petrol,Manual,SUV,White,1335000.0,1.6,112,147,No,18.5,589,1
Maruti Suzuki,MAR468,Diesel,Automatic,Hatchback,White,1841000.0,1.4,90,162,No,12.2,638,1
Audi,AUD983,Petrol,Automatic,Hatchback,Red,9128000.0,4.9,228,243,No,14.6,306,1
Mercedes,MER585,Petrol,Manual,Pickup,Silver,15385000.0,3.4,378,190,No,14.2,356,1
Mahindra,MAH301,Petrol,Manual,Pickup,White,4112000.0,3.3,107,211,No,13.6,135,1
Mercedes,MER667,Hybrid,Automatic,Coupe,Grey,13631000.0,4.2,182,226,No,24.9,317,1
Honda,HON200,Petrol,Automatic,Pickup,Blue,2832000.0,3.4,163,217,No,17.9,427,1
Audi,AUD901,Petrol,Automatic,Coupe,Blue,14197000.0,2.3,338,217,No,14.4,464,1
Tata,TAT940,Diesel,Manual,Hatchback,Black,658000.0,1.5,93,124,No,16.0,617,1
Kia,KIA688,Electric,Manual,Pickup,Silver,3387000.0,1.3,211,186,Yes,37.5,434,1
Maruti Suzuki,MAR391,Hybrid,Manual,Sedan,Blue,717000.0,1.4,71,172,No,27.0,528,1
BMW,BMW997,Diesel,Manual,Sedan,Green,5033000.0,2.0,258,190,No,17.0,318,1
BMW,BMW839,Petrol,Manual,Sedan,Red,15697000.0,4.0,181,205,No,16.1,275,1
BMW,BMW544,Diesel,Manual,Coupe,Red,13179000.0,3.8,439,306,Yes,12.9,361,1
BMW,BMW342,Petrol,Automatic,SUV,Silver,15322000.0,2.8,377,227,Yes,15.8,171,0
Audi,AUD604,Petrol,Manual,Coupe,Blue,9350000.0,4.7,363,220,No,17.6,327,1
Audi,AUD162,Diesel,Automatic,Pickup,White,8826000.0,5.0,221,222,Yes,17.3,298,1
Mercedes,MER942,Hybrid,Automatic,Pickup,Green,11579000.0,3.4,420,225,No,25.0,206,1
Mercedes,MER691,Petrol,Manual,SUV,White,6597000.0,4.3,282,186,No,16.5,182,1
Mahindra,MAH264,Hybrid,Automatic,Hatchback,Silver,2463000.0,2.7,195,196,No,29.9,194,1
BMW,BMW607,Diesel,Automatic,Hatchback,Green,13829000.0,3.7,190,239,No,12.4,30,0
Mahindra,MAH834,Petrol,Manual,Hatchback,Silver,1618000.0,1.4,102,142,No,12.4,59,1
Hyundai,HYU568,Petrol,Automatic,Sedan,Black,1819000.0,2.7,126,141,No,15.3,493,1
Toyota,TOY320,Petrol,Manual,Hatchback,Green,2260000.0,1.9,161,193,Yes,16.9,404,1
Honda,HON422,Petrol,Manual,Coupe,Grey,2822000.0,1.7,210,189,Yes,15.9,559,1
Audi,AUD350,Petrol,Automatic,SUV,White,12226000.0,4.0,427,246,Yes,13.3,367,1
BMW,BMW148,Petrol,Manual,SUV,Red,12331000.0,3.4,371,222,No,19.8,160,0
Mercedes,MER458,Electric,Manual,Sedan,Blue,12639000.0,3.4,326,236,Yes,34.2,231,1
Mercedes,MER141,Hybrid,Manual,Pickup,Grey,13152000.0,3.1,366,226,Yes,20.1,209,1
Honda,HON844,Petrol,Manual,SUV,Silver,3058000.0,2.9,169,202,Yes,15.6,427,1
Mahindra,MAH270,Hybrid,Automatic,Pickup,Red,2850000.0,2.0,128,193,Yes,23.8,171,1
Hyundai,HYU968,Diesel,Automatic,SUV,Grey,3788000.0,3.0,211,170,Yes,16.5,710,1
Honda,HON480,Hybrid,Automatic,Pickup,White,3689000.0,2.0,104,153,Yes,23.7,428,1
Maruti Suzuki,MAR414,Petrol,Automatic,Hatchback,Grey,1529000.0,1.7,79,160,Yes,19.5,452,1
Audi,AUD693,Petrol,Manual,Pickup,Blue,13766000.0,3.6,415,204,Yes,15.4,315,1
Tata,TAT360,Hybrid,Automatic,SUV,Blue,1594000.0,1.5,103,122,No,25.6,445,1
Hyundai,HYU627,Diesel,Manual,Pickup,Silver,3076000.0,1.6,139,196,No,17.2,438,1
Hyundai,HYU413,Electric,Automatic,Hatchback,White,1648000.0,2.5,113,160,Yes,31.9,620,1
BMW,BMW636,Petrol,Automatic,Pickup,Grey,17221000.0,5.0,295,241,Yes,19.7,165,0
Audi,AUD915,Petrol,Automatic,Hatchback,Red,6971000.0,3.4,196,223,No,16.7,338,1
Kia,KIA479,Hybrid,Automatic,Sedan,Blue,1561000.0,3.1,94,192,Yes,20.8,261,1
Tata,TAT800,Petrol,Manual,Pickup,Blue,1009000.0,1.7,76,150,No,19.3,688,1
Kia,KIA973,Petrol,Manual,SUV,Red,2404000.0,1.6,159,201,Yes,18.2,438,1
Kia,KIA960,Diesel,Manual,Pickup,Grey,2138000.0,1.6,237,143,No,17.9,307,1
Toyota,TOY499,Diesel,Manual,Pickup,Grey,1605000.0,2.3,137,173,No,17.3,484,1
Tata,TAT664,Diesel,Automatic,Coupe,Blue,941000.0,1.4,106,158,Yes,14.6,675,1
BMW,BMW409,Petrol,Manual,Hatchback,Silver,10379000.0,2.7,180,236,No,18.6,358,1
Mahindra,MAH301,Petrol,Automatic,SUV,Grey,3269000.0,1.4,183,205,Yes,15.1,356,1
Maruti Suzuki,MAR267,Diesel,Manual,Coupe,Green,1819000.0,1.0,95,158,No,16.8,403,1
Kia,KIA445,Petrol,Automatic,Coupe,Grey,3353000.0,2.7,110,196,Yes,17.0,174,1
Maruti Suzuki,MAR706,Petrol,Manual,Sedan,Red,1534000.0,1.5,75,147,Yes,19.3,711,1
Audi,AUD447,Petrol,Manual,Hatchback,Silver,9998000.0,3.9,189,185,Yes,12.7,153,1
BMW,BMW383,Petrol,Manual,Sedan,Silver,8331000.0,4.2,225,197,No,15.4,428,1
Tata,TAT533,Petrol,Manual,Pickup,White,1132000.0,1.6,80,143,Yes,18.9,530,1
Toyota,TOY354,Petrol,Manual,SUV,Blue,3664000.0,2.5,215,184,No,12.9,560,1
Mahindra,MAH285,Diesel,Automatic,SUV,White,4400000.0,2.9,221,155,No,14.2,311,1
Kia,KIA105,Electric,Manual,SUV,Grey,1704000.0,2.1,119,161,No,35.6,66,1
Hyundai,HYU345,Diesel,Manual,Coupe,Silver,3650000.0,1.3,180,182,No,12.7,705,1
Ford,FOR825,Diesel,Manual,Pickup,Grey,4180000.0,2.3,227,153,No,14.0,485,1
Ford,FOR605,Diesel,Manual,Hatchback,Grey,1905000.0,3.0,126,152,No,17.0,434,1
Mercedes,MER731,Hybrid,Manual,Pickup,Black,8291000.0,2.7,398,215,Yes,27.0,468,1
Honda,HON257,Petrol,Manual,Coupe,Red,2873000.0,1.7,245,219,Yes,13.0,194,1
Ford,FOR751,Petrol,Manual,Sedan,Red,2468000.0,3.3,230,155,No,14.8,209,1
Honda,HON664,Diesel,Automatic,Pickup,Red,3580000.0,1.7,184,195,Yes,17.2,605,1
Kia,KIA457,Petrol,Manual,Coupe,Black,4539000.0,2.0,230,181,No,14.3,505,1
Kia,KIA632,Petrol,Manual,Pickup,Silver,1547000.0,2.7,106,207,No,17.2,408,1
Mahindra,MAH609,Diesel,Automatic,Coupe,Black,1750000.0,3.2,207,206,No,14.6,432,1
Honda,HON909,Petrol,Automatic,Pickup,Silver,3070000.0,3.2,130,148,No,18.9,462,1
Honda,HON511,Diesel,Manual,Hatchback,Blue,2130000.0,3.3,209,213,Yes,17.5,158,1
Tata,TAT698,Diesel,Manual,SUV,Red,867000.0,1.3,89,156,Yes,19.4,727,1
BMW,BMW942,Diesel,Automatic,Coupe,White,16977000.0,2.5,412,250,Yes,17.9,120,0
Tata,TAT777,Diesel,Manual,Pickup,Green,999000.0,1.3,61,178,Yes,18.5,658,1
Honda,HON967,Petrol,Manual,Sedan,Grey,1657000.0,2.1,197,148,No,15.9,497,1
Tata,TAT179,Hybrid,Manual,Sedan,Blue,1238000.0,1.2,78,178,Yes,22.9,527,1
Mahindra,MAH859,Petrol,Manual,Coupe,Green,3881000.0,2.9,210,182,Yes,15.2,79,1
Maruti Suzuki,MAR548,Petrol,Manual,Sedan,Red,1967000.0,1.9,96,123,Yes,15.2,617,1
Ford,FOR335,Diesel,Manual,SUV,White,1482000.0,1.6,156,177,No,15.3,319,1
Maruti Suzuki,MAR379,Diesel,Automatic,Coupe,Silver,1368000.0,1.7,82,152,Yes,14.4,783,1
Mercedes,MER779,Diesel,Manual,Pickup,Red,12391000.0,4.2,331,236,Yes,15.5,30,0
BMW,BMW850,Petrol,Manual,SUV,Blue,11288000.0,4.0,239,207,No,17.0,241,1
Audi,AUD145,Hybrid,Manual,SUV,Blue,15450000.0,4.9,416,199,Yes,25.1,183,0
Ford,FOR329,Hybrid,Manual,Coupe,Silver,1600000.0,1.8,213,188,Yes,22.6,417,1
Ford,FOR247,Diesel,Manual,Pickup,Black,3410000.0,1.5,172,175,No,14.5,402,1
Hyundai,HYU426,Petrol,Automatic,Sedan,White,3677000.0,2.3,99,161,No,13.8,596,1
Toyota,TOY232,Petrol,Manual,Pickup,Silver,3274000.0,2.4,194,200,No,16.4,521,1
Hyundai,HYU343,Diesel,Manual,Sedan,Black,5216000.0,3.4,249,193,Yes,19.5,707,1
Audi,AUD262,Petrol,Manual,Hatchback,Green,19362000.0,4.7,404,208,No,13.3,208,0
Honda,HON742,Hybrid,Manual,Sedan,Blue,2536000.0,3.0,127,178,No,25.7,546,1
Mahindra,MAH759,Petrol,Manual,SUV,White,3784000.0,3.0,183,206,Yes,14.1,323,1
Hyundai,HYU399,Hybrid,Automatic,Hatchback,Blue,2383000.0,3.3,200,193,Yes,24.7,691,1
BMW,BMW447,Petrol,Manual,Coupe,Green,7087000.0,3.4,302,264,Yes,17.1,30,0
Audi,AUD437,Hybrid,Automatic,Pickup,Grey,19207000.0,4.0,418,218,No,26.3,30,0
Tata,TAT175,Hybrid,Manual,Sedan,Silver,1949000.0,1.5,112,178,Yes,21.5,710,1
Hyundai,HYU601,Hybrid,Automatic,Hatchback,Grey,2672000.0,2.7,138,161,Yes,28.1,149,1
Tata,TAT462,Petrol,Manual,Sedan,Silver,1471000.0,1.5,90,132,No,19.2,664,1
Maruti Suzuki,MAR511,Petrol,Manual,Sedan,Black,1934000.0,1.7,116,137,No,12.6,502,1
Maruti Suzuki,MAR633,Diesel,Automatic,Coupe,Grey,1767000.0,1.1,92,136,Yes,19.3,617,1
BMW,BMW245,Petrol,Manual,Pickup,Black,11701000.0,4.7,260,207,No,19.6,302,1
BMW,BMW268,Diesel,Automatic,Hatchback,Red,10165000.0,4.3,214,210,No,17.6,48,0
Audi,AUD592,Petrol,Automatic,SUV,Black,9886000.0,2.2,370,215,No,12.1,358,1
Kia,KIA982,Petrol,Manual,Hatchback,Red,1910000.0,2.6,206,145,No,12.2,379,1
Mercedes,MER675,Diesel,Manual,Sedan,Black,11214000.0,4.4,223,238,No,17.3,229,1
Hyundai,HYU156,Hybrid,Manual,Coupe,White,4097000.0,1.7,169,223,Yes,21.4,238,1
Kia,KIA385,Petrol,Automatic,Coupe,Red,1330000.0,1.2,141,185,Yes,18.4,288,1
Hyundai,HYU432,Petrol,Automatic,Sedan,White,1731000.0,1.9,152,215,Yes,15.2,541,1
Mercedes,MER840,Diesel,Manual,Sedan,Red,9465000.0,2.7,180,242,Yes,12.7,166,1
Mercedes,MER184,Petrol,Manual,Pickup,Silver,13777000.0,2.1,366,185,Yes,13.9,38,0
Tata,TAT239,Petrol,Manual,Hatchback,White,876000.0,1.9,70,122,No,16.7,341,1
Audi,AUD287,Diesel,Manual,Hatchback,Grey,7813000.0,4.2,342,205,Yes,13.4,30,0
Tata,TAT816,Hybrid,Manual,SUV,Silver,1596000.0,1.8,78,121,No,22.1,473,1
Tata,TAT387,Petrol,Manual,Pickup,Grey,1277000.0,1.9,64,166,No,15.2,437,1
Honda,HON357,Petrol,Automatic,Sedan,Black,3644000.0,2.4,96,215,No,12.7,594,1
BMW,BMW895,Hybrid,Automatic,Pickup,Red,7375000.0,3.7,402,249,No,27.2,287,1
BMW,BMW217,Diesel,Manual,Sedan,Red,9963000.0,4.1,370,228,No,18.8,314,1
Mercedes,MER394,Diesel,Manual,Pickup,Silver,13744000.0,4.9,433,243,Yes,19.3,220,1
Audi,AUD398,Petrol,Manual,Sedan,Black,18416000.0,4.5,367,181,No,13.1,61,0
Maruti Suzuki,MAR622,Diesel,Automatic,Sedan,Blue,1828000.0,1.5,68,173,Yes,14.7,764,1
Toyota,TOY954,Petrol,Manual,Coupe,Blue,3419000.0,1.9,170,237,No,13.3,527,1
Honda,HON550,Petrol,Manual,Coupe,Silver,3770000.0,1.7,113,230,Yes,12.3,460,1
Toyota,TOY630,Petrol,Manual,Hatchback,Red,3182000.0,3.0,179,155,No,15.9,429,1
BMW,BMW386,Petrol,Manual,SUV,Green,12581000.0,3.0,230,197,Yes,16.3,355,1
BMW,BMW863,Petrol,Automatic,Pickup,Grey,9605000.0,3.6,371,231,No,13.3,370,1
Tata,TAT542,Petrol,Automatic,Sedan,Red,585000.0,1.1,98,143,Yes,13.2,674,1
Honda,HON546,Diesel,Automatic,Pickup,Grey,1581000.0,1.6,243,198,Yes,16.2,473,1
Tata,TAT847,Petrol,Manual,Pickup,Grey,1737000.0,1.3,95,128,No,15.2,586,1
Ford,FOR752,Diesel,Automatic,Sedan,Black,1321000.0,1.7,101,171,Yes,18.7,515,1
Ford,FOR173,Petrol,Manual,Hatchback,Silver,3322000.0,2.4,127,213,No,12.4,288,1
Ford,FOR420,Petrol,Automatic,SUV,White,3627000.0,2.6,160,159,Yes,15.4,326,1
Maruti Suzuki,MAR752,Petrol,Manual,Sedan,Black,1183000.0,1.0,116,139,No,15.2,653,1
BMW,BMW478,Petrol,Manual,Hatchback,Grey,16781000.0,3.6,332,192,No,16.0,267,1
Toyota,TOY815,Petrol,Automatic,Pickup,Red,1907000.0,1.3,143,185,No,12.3,522,1
Toyota,TOY242,Petrol,Manual,Pickup,Green,3508000.0,2.4,215,142,No,18.2,57,1
Mahindra,MAH677,Petrol,Automatic,SUV,Black,4082000.0,1.6,176,165,Yes,16.2,355,1
Hyundai,HYU965,Petrol,Automatic,Sedan,White,2904000.0,1.4,195,190,Yes,18.2,509,1
Honda,HON820,Diesel,Manual,Coupe,Black,3231000.0,1.5,198,184,Yes,14.7,369,1
Hyundai,HYU967,Diesel,Manual,Coupe,Silver,4447000.0,3.0,193,240,No,17.7,610,1
Ford,FOR170,Petrol,Manual,Hatchback,Red,3626000.0,2.6,155,212,Yes,14.4,352,1
BMW,BMW809,Hybrid,Manual,Sedan,Blue,4934000.0,2.6,209,202,No,28.3,96,1
Mercedes,MER219,Diesel,Automatic,Hatchback,Blue,15053000.0,3.5,318,205,Yes,18.9,270,1
Hyundai,HYU775,Petrol,Automatic,Hatchback,Grey,2087000.0,1.4,138,197,Yes,17.3,535,1
Hyundai,HYU567,Petrol,Automatic,SUV,Red,3570000.0,2.8,148,207,Yes,19.8,538,1
Hyundai,HYU204,Petrol,Manual,SUV,Blue,1931000.0,2.5,90,197,Yes,15.3,641,1
Mercedes,MER420,Petrol,Manual,Pickup,Grey,12071000.0,2.3,191,203,No,17.0,88,0
Honda,HON829,Petrol,Automatic,Pickup,Black,4005000.0,2.5,182,203,No,16.2,502,1
Maruti Suzuki,MAR755,Petrol,Automatic,SUV,Red,1902000.0,1.2,75,127,No,18.6,962,1
Hyundai,HYU184,Diesel,Manual,Coupe,Grey,2841000.0,2.0,247,244,No,19.8,581,1
BMW,BMW981,Petrol,Manual,SUV,Silver,7670000.0,3.6,401,206,Yes,14.8,30,0
Maruti Suzuki,MAR290,Petrol,Manual,Sedan,Black,1162000.0,1.9,62,146,Yes,14.1,346,1
Honda,HON150,Hybrid,Manual,SUV,Black,3988000.0,1.7,193,150,No,29.5,209,1
Audi,AUD504,Petrol,Manual,Hatchback,Silver,12974000.0,3.9,297,203,Yes,13.7,327,1
Toyota,TOY940,Electric,Manual,Hatchback,White,2634000.0,3.2,113,214,Yes,30.3,417,1
Toyota,TOY867,Petrol,Manual,SUV,White,2700000.0,2.3,204,197,Yes,15.8,326,1
Toyota,TOY993,Electric,Automatic,Pickup,Black,2316000.0,2.0,179,184,No,35.6,403,1
Tata,TAT157,Petrol,Automatic,Sedan,Grey,1726000.0,1.2,106,121,No,17.7,543,1
Kia,KIA748,Diesel,Automatic,SUV,Grey,3121000.0,2.2,200,142,No,13.8,274,1
Hyundai,HYU898,Petrol,Manual,Sedan,Blue,3548000.0,3.1,150,160,No,16.1,368,1
Tata,TAT852,Electric,Automatic,SUV,Black,1943000.0,1.5,62,133,No,31.8,778,1
Audi,AUD100,Diesel,Automatic,Coupe,Silver,14528000.0,2.7,443,238,Yes,16.3,158,0
Toyota,TOY198,Electric,Manual,Sedan,Grey,4248000.0,1.9,200,205,No,36.1,486,1
Audi,AUD842,Petrol,Manual,Pickup,Green,19960000.0,4.6,448,192,No,14.4,453,1
Mahindra,MAH691,Petrol,Manual,Pickup,Red,2953000.0,1.4,224,216,Yes,15.2,418,1
Mercedes,MER880,Diesel,Manual,Coupe,Black,6915000.0,2.1,244,283,Yes,19.3,217,1
Hyundai,HYU764,Petrol,Automatic,Pickup,Blue,3414000.0,1.8,181,197,Yes,18.7,417,1
Toyota,TOY855,Diesel,Manual,Hatchback,Grey,2913000.0,2.9,138,157,Yes,13.5,350,1
Honda,HON990,Petrol,Manual,Pickup,Silver,2467000.0,2.7,193,145,Yes,14.3,434,1
Audi,AUD325,Diesel,Automatic,Pickup,Red,11680000.0,3.0,292,229,Yes,12.1,145,0
Kia,KIA586,Petrol,Manual,Sedan,White,2014000.0,3.4,150,182,Yes,17.9,284,1
Ford,FOR954,Hybrid,Automatic,Sedan,White,1590000.0,1.8,223,208,Yes,23.7,551,1
Mahindra,MAH619,Electric,Manual,Hatchback,Silver,2033000.0,1.5,131,170,No,25.8,201,1
Hyundai,HYU608,Petrol,Manual,Pickup,Grey,3105000.0,2.9,172,145,No,15.5,509,1
Mercedes,MER937,Diesel,Manual,Hatchback,Green,5834000.0,3.1,232,245,Yes,16.7,219,1
Tata,TAT993,Petrol,Automatic,Sedan,Black,1077000.0,1.7,82,127,Yes,13.9,429,1
Tata,TAT382,Petrol,Manual,Hatchback,Grey,969000.0,1.2,72,160,Yes,18.6,522,1
Mercedes,MER764,Petrol,Automatic,Coupe,Blue,16013000.0,3.9,427,207,Yes,13.3,30,0
Honda,HON583,Diesel,Automatic,Sedan,Red,2366000.0,1.7,113,180,No,19.4,268,1
Tata,TAT335,Petrol,Manual,Coupe,Silver,1167000.0,1.0,102,137,No,14.0,677,1
Tata,TAT828,Petrol,Manual,Pickup,Black,1922000.0,1.6,79,138,No,13.0,360,1
Mahindra,MAH214,Petrol,Manual,Pickup,White,4124000.0,2.7,94,192,Yes,15.6,380,1
Kia,KIA412,Diesel,Manual,SUV,Grey,2799000.0,1.6,201,183,No,12.2,229,1
Mahindra,MAH341,Diesel,Manual,Hatchback,Grey,3354000.0,2.7,113,167,No,16.7,311,1
Ford,FOR222,Diesel,Automatic,Coupe,Grey,3137000.0,2.1,136,236,No,12.5,196,1
Ford,FOR596,Diesel,Automatic,Pickup,White,1843000.0,1.3,92,168,No,13.6,467,1
Honda,HON623,Petrol,Automatic,Sedan,Silver,2150000.0,3.0,198,166,Yes,16.4,365,1
Tata,TAT777,Petrol,Manual,SUV,Red,1287000.0,1.1,114,154,No,19.0,433,1
Kia,KIA369,Petrol,Automatic,Sedan,Black,4398000.0,3.2,174,148,No,13.1,294,1
Mahindra,MAH606,Diesel,Automatic,Hatchback,Silver,4152000.0,3.3,121,140,No,14.6,635,1
Audi,AUD774,Electric,Manual,Coupe,Grey,9470000.0,3.0,239,292,No,35.4,229,1
Honda,HON481,Diesel,Manual,Hatchback,Green,2205000.0,1.9,90,145,No,17.0,34,1
Hyundai,HYU896,Hybrid,Manual,Sedan,Silver,3932000.0,2.4,151,152,Yes,28.2,643,1
BMW,BMW861,Petrol,Manual,Coupe,Blue,11677000.0,2.3,355,251,Yes,18.5,277,1
Toyota,TOY475,Diesel,Manual,Coupe,Grey,3307000.0,1.3,179,232,Yes,16.0,512,1
Mercedes,MER598,Diesel,Manual,Coupe,Black,13155000.0,4.7,233,211,No,17.5,248,1
Mahindra,MAH583,Hybrid,Manual,SUV,Blue,3827000.0,3.1,202,146,No,27.6,344,1
Hyundai,HYU941,Petrol,Automatic,SUV,White,1819000.0,1.7,153,165,No,14.6,470,1
Maruti Suzuki,MAR259,Petrol,Automatic,Sedan,Black,638000.0,1.5,106,171,No,18.6,472,1
Mercedes,MER392,Diesel,Automatic,Hatchback,Green,10787000.0,4.2,257,183,No,17.4,369,1
BMW,BMW464,Petrol,Automatic,Hatchback,Black,12947000.0,2.5,410,223,No,18.5,333,1
Hyundai,HYU855,Petrol,Automatic,Coupe,Black,3347000.0,1.9,101,192,No,12.7,512,1
Honda,HON590,Electric,Manual,Pickup,Green,4796000.0,3.2,204,141,Yes,30.1,210,1
Mercedes,MER950,Diesel,Manual,Sedan,Grey,13431000.0,2.4,396,244,Yes,14.8,82,0
Tata,TAT110,Diesel,Manual,SUV,Green,1552000.0,1.0,69,162,No,17.7,568,1
Tata,TAT280,Diesel,Automatic,SUV,Green,1658000.0,1.5,100,166,No,19.7,528,1
Audi,AUD576,Petrol,Manual,Hatchback,Blue,12927000.0,3.7,212,191,No,18.6,287,1
Kia,KIA444,Petrol,Automatic,Coupe,Silver,3985000.0,2.6,160,181,Yes,14.6,278,1
Audi,AUD129,Hybrid,Manual,Coupe,Blue,15008000.0,2.3,320,244,No,29.9,30,0
Mahindra,MAH537,Hybrid,Automatic,Sedan,Silver,4390000.0,2.2,249,181,No,21.7,75,1
Mahindra,MAH448,Petrol,Manual,Pickup,Red,3970000.0,3.4,215,161,No,14.4,345,1
Honda,HON364,Diesel,Manual,Sedan,Black,1457000.0,1.9,104,179,Yes,17.7,259,1
Mercedes,MER764,Petrol,Manual,Hatchback,Grey,6466000.0,3.1,260,224,No,19.1,56,0
Ford,FOR235,Petrol,Manual,SUV,White,2841000.0,2.9,113,211,No,13.2,343,1
Honda,HON403,Diesel,Manual,Pickup,Black,2648000.0,2.5,248,203,No,15.0,445,1
Hyundai,HYU938,Diesel,Manual,Pickup,Green,3490000.0,2.6,221,198,No,16.6,727,1
Hyundai,HYU582,Petrol,Automatic,Sedan,White,1786000.0,1.7,200,208,Yes,15.3,672,1
Audi,AUD844,Electric,Automatic,Coupe,Blue,15568000.0,2.6,292,245,No,39.0,212,0
Hyundai,HYU957,Petrol,Manual,SUV,White,2163000.0,2.4,227,164,Yes,18.5,278,1
Tata,TAT590,Diesel,Manual,Hatchback,Grey,2005000.0,1.1,105,135,Yes,13.4,737,1
Honda,HON494,Diesel,Automatic,Pickup,Silver,2545000.0,1.3,235,198,Yes,14.2,566,1
Honda,HON689,Petrol,Automatic,SUV,Grey,2546000.0,1.3,144,181,No,16.1,546,1
Tata,TAT692,Petrol,Automatic,Hatchback,Silver,1073000.0,1.6,76,145,No,13.7,398,1
Audi,AUD768,Petrol,Manual,Hatchback,Green,11489000.0,3.3,184,181,Yes,15.8,300,1
Ford,FOR911,Petrol,Manual,SUV,Silver,3024000.0,2.7,242,182,No,18.3,161,1
Audi,AUD123,Diesel,Automatic,Hatchback,Black,15250000.0,4.8,237,237,No,19.2,30,0
Maruti Suzuki,MAR247,Diesel,Automatic,Sedan,Blue,2148000.0,1.6,82,167,Yes,14.4,462,1
Toyota,TOY321,Hybrid,Manual,SUV,White,2046000.0,2.5,180,206,No,24.6,314,1
BMW,BMW569,Petrol,Manual,Sedan,Green,11227000.0,2.6,284,240,Yes,13.7,393,1
Honda,HON557,Petrol,Automatic,Sedan,Blue,3419000.0,1.9,95,148,Yes,18.0,572,1
BMW,BMW924,Petrol,Automatic,Coupe,Red,13287000.0,3.0,308,248,Yes,19.6,60,0
Toyota,TOY327,Electric,Manual,Sedan,Grey,2172000.0,1.6,148,193,Yes,35.5,343,1
Hyundai,HYU429,Diesel,Manual,Pickup,Green,4029000.0,3.3,143,175,Yes,19.2,281,1
BMW,BMW762,Hybrid,Automatic,SUV,Black,10851000.0,3.4,424,236,Yes,22.4,79,0
BMW,BMW357,Petrol,Manual,Coupe,Grey,19609000.0,5.0,388,258,No,12.1,46,0
Hyundai,HYU378,Electric,Manual,SUV,White,3578000.0,2.1,191,188,Yes,32.2,446,1
Hyundai,HYU453,Petrol,Manual,Coupe,Silver,3507000.0,2.8,91,199,Yes,13.5,792,1
Kia,KIA616,Hybrid,Automatic,SUV,Silver,1990000.0,2.9,128,177,No,22.5,595,1
Toyota,TOY212,Hybrid,Automatic,Hatchback,White,2674000.0,2.6,221,147,No,27.1,489,1
Audi,AUD797,Petrol,Manual,Coupe,Red,8783000.0,2.4,327,227,Yes,18.6,630,1
Hyundai,HYU843,Petrol,Manual,Hatchback,Black,3690000.0,1.8,224,216,No,16.0,639,1
BMW,BMW617,Petrol,Manual,Sedan,Black,13336000.0,3.6,198,202,No,12.7,41,0
Mercedes,MER474,Diesel,Automatic,Hatchback,Blue,13285000.0,2.6,392,187,Yes,19.2,331,1
Tata,TAT533,Petrol,Manual,Coupe,Red,1944000.0,1.7,64,132,Yes,18.9,240,1
Ford,FOR348,Diesel,Manual,Hatchback,Black,2117000.0,2.5,149,151,Yes,16.3,400,1
Audi,AUD799,Petrol,Manual,Sedan,Blue,9997000.0,4.2,207,223,No,15.5,36,0
Honda,HON639,Diesel,Manual,Coupe,Blue,1622000.0,3.1,142,227,No,19.6,375,1
Tata,TAT363,Petrol,Manual,Pickup,Black,1463000.0,1.4,76,176,Yes,17.5,376,1
Mahindra,MAH976,Electric,Automatic,Coupe,Black,4093000.0,2.8,135,221,Yes,31.5,576,1
BMW,BMW358,Petrol,Manual,Sedan,Black,5841000.0,4.4,213,215,No,14.7,204,1
Ford,FOR171,Petrol,Manual,Coupe,Black,4137000.0,2.1,119,222,Yes,13.9,32,0
Mahindra,MAH983,Petrol,Automatic,Hatchback,Green,1416000.0,1.3,93,174,No,15.4,381,1
Kia,KIA262,Diesel,Manual,Pickup,Blue,2068000.0,3.3,184,142,Yes,19.7,259,1
BMW,BMW479,Petrol,Manual,Coupe,Black,8774000.0,3.3,256,287,No,15.9,111,0
Tata,TAT269,Petrol,Manual,Hatchback,White,836000.0,1.5,108,136,No,14.2,618,1
Kia,KIA280,Petrol,Manual,Pickup,White,3717000.0,1.5,188,216,Yes,18.7,323,1
BMW,BMW939,Petrol,Manual,Hatchback,Grey,9160000.0,4.8,446,196,No,17.4,185,1
Kia,KIA999,Hybrid,Automatic,Sedan,Silver,3525000.0,1.7,120,140,No,24.1,308,1
Maruti Suzuki,MAR200,Diesel,Manual,Hatchback,Green,1317000.0,1.8,96,150,No,16.7,547,1
Ford,FOR529,Petrol,Manual,Sedan,White,1885000.0,2.3,248,147,Yes,16.2,403,1
Honda,HON284,Diesel,Manual,Hatchback,Red,3466000.0,2.5,226,171,No,16.1,174,1
BMW,BMW787,Petrol,Automatic,Hatchback,Green,6080000.0,4.4,250,237,Yes,14.1,243,1
BMW,BMW692,Petrol,Automatic,SUV,Black,10924000.0,2.6,320,189,No,15.4,247,1
Toyota,TOY780,Petrol,Manual,Hatchback,Grey,2845000.0,1.3,153,164,Yes,13.9,620,1
Audi,AUD589,Hybrid,Automatic,Pickup,Red,11386000.0,2.5,257,194,No,25.4,510,1
BMW,BMW116,Petrol,Manual,Pickup,Grey,11456000.0,3.0,392,186,No,19.8,292,1
Maruti Suzuki,MAR353,Diesel,Manual,Sedan,Grey,1214000.0,1.9,64,142,No,14.7,540,1
Kia,KIA428,Petrol,Manual,Pickup,Grey,4827000.0,3.5,120,190,No,16.3,307,1
Mahindra,MAH363,Diesel,Manual,Sedan,Green,4120000.0,2.2,110,157,Yes,14.1,255,1
Toyota,TOY533,Petrol,Automatic,Hatchback,Black,2877000.0,2.0,162,153,No,14.6,494,1
Hyundai,HYU410,Diesel,Manual,Pickup,White,2415000.0,2.3,136,195,Yes,18.8,439,1
Mercedes,MER787,Petrol,Manual,SUV,White,8908000.0,2.7,363,193,Yes,17.1,234,1
BMW,BMW803,Petrol,Automatic,Sedan,Silver,10995000.0,2.3,355,211,Yes,13.7,132,0
Mercedes,MER629,Petrol,Manual,Pickup,Red,8995000.0,3.5,204,247,Yes,17.3,336,1
Toyota,TOY531,Petrol,Automatic,SUV,Grey,2530000.0,2.9,205,184,Yes,13.9,149,1
Kia,KIA574,Petrol,Automatic,Coupe,Blue,2027000.0,2.1,113,203,Yes,17.5,275,1
Audi,AUD927,Petrol,Manual,Pickup,Silver,10050000.0,4.5,420,208,No,12.2,396,1
Hyundai,HYU841,Petrol,Manual,Sedan,Grey,3535000.0,3.0,92,187,No,16.7,756,1
BMW,BMW866,Diesel,Manual,Coupe,Green,11315000.0,4.0,319,229,No,16.9,149,0
Tata,TAT631,Petrol,Automatic,SUV,Blue,1893000.0,2.0,82,123,No,19.9,579,1
Hyundai,HYU383,Petrol,Manual,Coupe,Green,1584000.0,2.0,111,238,No,19.0,572,1
Mahindra,MAH425,Diesel,Automatic,Pickup,Black,2544000.0,1.6,110,187,No,16.1,136,1
Mahindra,MAH326,Petrol,Manual,Sedan,Silver,2395000.0,1.2,187,173,Yes,19.4,463,1
BMW,BMW439,Petrol,Manual,Sedan,Green,12229000.0,3.2,251,243,Yes,12.1,311,1
Mercedes,MER557,Petrol,Manual,Coupe,Black,12625000.0,3.6,234,300,No,13.6,175,0
Tata,TAT326,Hybrid,Automatic,Coupe,Black,928000.0,1.2,69,177,No,26.0,565,1
Kia,KIA680,Hybrid,Manual,Coupe,Black,1919000.0,1.2,185,215,Yes,24.8,369,1
Toyota,TOY343,Diesel,Manual,Coupe,Red,1550000.0,2.2,136,199,No,13.8,222,1
BMW,BMW918,Petrol,Automatic,SUV,Grey,11493000.0,4.9,431,220,No,19.8,47,0
Mercedes,MER877,Petrol,Automatic,Coupe,Grey,16552000.0,3.1,300,315,Yes,16.9,301,1
Honda,HON377,Hybrid,Manual,Hatchback,White,1899000.0,2.0,126,159,Yes,20.0,296,1
Honda,HON991,Petrol,Manual,Coupe,Green,3643000.0,1.9,103,186,No,16.4,429,1
Toyota,TOY478,Petrol,Manual,Coupe,Black,2911000.0,1.9,138,209,Yes,14.5,263,1
Ford,FOR703,Petrol,Manual,Pickup,Silver,3567000.0,1.3,127,204,Yes,18.7,185,1
Audi,AUD427,Petrol,Manual,Hatchback,White,9656000.0,2.9,220,200,No,16.6,389,1
BMW,BMW691,Diesel,Automatic,Hatchback,Silver,14360000.0,3.1,273,212,No,17.2,130,0
Tata,TAT734,Electric,Automatic,Hatchback,Blue,1551000.0,1.4,102,129,No,28.9,673,1
Audi,AUD526,Diesel,Manual,Coupe,Green,12076000.0,4.7,334,315,Yes,12.8,30,0
Hyundai,HYU291,Petrol,Automatic,Hatchback,White,3764000.0,3.1,224,193,No,17.1,376,1
Audi,AUD986,Hybrid,Manual,Pickup,Green,17736000.0,3.2,404,244,No,24.9,135,0
Toyota,TOY404,Diesel,Manual,Sedan,Silver,1864000.0,2.5,121,176,Yes,19.0,613,1
Ford,FOR128,Diesel,Automatic,Pickup,Silver,1546000.0,1.3,187,166,No,15.3,231,1
Mercedes,MER859,Petrol,Automatic,Coupe,Red,6083000.0,4.7,238,251,Yes,19.8,172,1
Mahindra,MAH500,Petrol,Manual,Coupe,Blue,3577000.0,1.4,171,231,Yes,17.6,261,1
Hyundai,HYU396,Petrol,Manual,Pickup,Red,2029000.0,2.3,193,188,Yes,12.6,786,1
Audi,AUD821,Diesel,Manual,SUV,Grey,6836000.0,4.9,220,200,No,18.1,64,0
Audi,AUD526,Diesel,Automatic,Sedan,Blue,11336000.0,3.7,302,244,No,14.3,197,1
Kia,KIA977,Petrol,Automatic,Sedan,Black,3087000.0,1.5,152,199,No,13.8,182,1
Kia,KIA310,Petrol,Manual,Sedan,Red,1828000.0,2.4,198,149,Yes,19.3,393,1
Audi,AUD203,Petrol,Automatic,Pickup,Blue,7069000.0,2.4,234,191,No,12.7,246,1
Honda,HON598,Diesel,Automatic,Pickup,White,2889000.0,3.4,149,153,No,14.2,665,1
Ford,FOR743,Petrol,Manual,SUV,Red,2089000.0,2.3,136,181,No,17.4,459,1
Kia,KIA823,Electric,Manual,Coupe,Silver,1899000.0,1.5,176,193,Yes,26.3,493,1
Ford,FOR603,Diesel,Manual,SUV,Green,3087000.0,2.0,210,165,Yes,19.8,777,1
Kia,KIA403,Petrol,Manual,Pickup,Green,3556000.0,2.3,167,169,No,14.2,410,1
Mahindra,MAH759,Hybrid,Manual,Hatchback,Grey,3805000.0,1.9,100,153,No,28.6,510,1
Tata,TAT108,Hybrid,Manual,Pickup,Grey,1994000.0,1.8,93,130,Yes,21.5,565,1
Hyundai,HYU738,Diesel,Automatic,Coupe,Black,3122000.0,2.0,179,214,Yes,16.8,421,1
Hyundai,HYU183,Petrol,Automatic,SUV,White,3806000.0,2.5,247,206,No,15.3,642,1
Kia,KIA363,Hybrid,Manual,SUV,Green,2960000.0,1.5,151,198,Yes,26.2,152,1
Tata,TAT850,Petrol,Manual,Hatchback,White,1897000.0,1.3,109,156,Yes,15.0,490,1
Hyundai,HYU447,Diesel,Manual,SUV,White,1568000.0,1.7,232,205,No,16.6,870,1
Mercedes,MER554,Hybrid,Manual,Coupe,Red,11131000.0,3.9,262,300,Yes,27.0,126,0
Tata,TAT452,Electric,Automatic,Coupe,Grey,1173000.0,1.8,89,130,No,26.2,612,1
Ford,FOR614,Hybrid,Automatic,SUV,Blue,3833000.0,2.7,112,147,No,23.5,411,1
Mahindra,MAH679,Petrol,Manual,Coupe,White,4362000.0,3.4,128,233,No,16.6,306,1
Maruti Suzuki,MAR547,Electric,Automatic,Sedan,Silver,1912000.0,1.3,113,134,No,26.1,525,1
Hyundai,HYU600,Petrol,Automatic,Pickup,Silver,2071000.0,3.1,156,203,No,16.2,758,1
Toyota,TOY339,Petrol,Manual,Coupe,Red,2754000.0,3.0,106,224,Yes,17.6,386,1
Tata,TAT452,Petrol,Automatic,Sedan,White,1989000.0,1.2,96,145,No,15.1,574,1
Tata,TAT402,Diesel,Manual,Hatchback,Green,1221000.0,1.8,64,157,No,18.9,601,1
Maruti Suzuki,MAR165,Petrol,Automatic,Coupe,Green,1968000.0,1.4,104,145,No,18.7,836,1
Mahindra,MAH515,Petrol,Automatic,SUV,Blue,1751000.0,2.6,178,188,Yes,17.6,327,1
Hyundai,HYU288,Petrol,Automatic,Coupe,Blue,4367000.0,3.0,125,237,No,13.0,683,1
Kia,KIA855,Diesel,Manual,Pickup,Black,2016000.0,3.2,217,180,Yes,14.5,392,1
Toyota,TOY801,Electric,Automatic,Pickup,White,2865000.0,3.4,122,186,Yes,26.2,504,1
Ford,FOR358,Petrol,Automatic,Sedan,Red,2681000.0,3.5,170,181,Yes,12.3,238,1
BMW,BMW862,Petrol,Manual,Hatchback,Blue,15658000.0,2.5,325,207,Yes,15.3,455,1
Audi,AUD180,Hybrid,Manual,Pickup,Green,8133000.0,3.5,393,211,No,21.7,431,1
Mercedes,MER445,Petrol,Manual,Coupe,White,7913000.0,2.6,213,245,Yes,16.3,225,1
Tata,TAT855,Diesel,Manual,Sedan,Silver,2415000.0,2.0,109,135,No,12.2,395,1
Honda,HON850,Petrol,Automatic,SUV,Black,3334000.0,1.3,122,183,Yes,13.4,522,1
Ford,FOR491,Petrol,Automatic,Sedan,Blue,3899000.0,3.1,125,198,No,14.8,436,1
Audi,AUD989,Petrol,Manual,Pickup,Red,12952000.0,2.4,370,248,Yes,12.3,30,0
Kia,KIA862,Diesel,Manual,Pickup,Red,3896000.0,2.3,167,197,Yes,14.9,264,1
Tata,TAT280,Diesel,Manual,Coupe,Black,1240000.0,1.8,106,120,No,13.2,408,1
Audi,AUD845,Petrol,Automatic,Coupe,Black,10313000.0,4.0,403,223,Yes,16.5,73,0
Audi,AUD580,Petrol,Manual,SUV,Black,10388000.0,3.5,347,242,No,13.5,283,1
Ford,FOR106,Petrol,Automatic,SUV,Silver,2258000.0,1.6,108,184,No,14.4,240,1
Audi,AUD124,Petrol,Automatic,Pickup,Blue,15828000.0,3.2,237,224,Yes,14.0,30,0
Ford,FOR265,Petrol,Automatic,Pickup,Blue,2903000.0,3.0,124,212,Yes,18.3,174,1
BMW,BMW764,Hybrid,Automatic,Pickup,Red,8373000.0,2.5,255,203,No,25.6,207,1
Tata,TAT593,Petrol,Manual,Hatchback,Red,770000.0,1.3,110,156,No,13.8,422,1
Mercedes,MER485,Petrol,Manual,Coupe,Blue,18148000.0,4.4,383,301,No,17.0,30,0
Audi,AUD232,Petrol,Manual,Sedan,Grey,9337000.0,3.7,420,221,Yes,19.4,254,1
Hyundai,HYU350,Diesel,Automatic,Hatchback,Red,2738000.0,2.8,193,193,Yes,17.2,475,1
Maruti Suzuki,MAR764,Hybrid,Automatic,Hatchback,Green,2032000.0,1.0,88,145,Yes,23.6,541,1
Mahindra,MAH877,Petrol,Manual,SUV,Blue,4361000.0,2.9,234,171,No,16.5,352,1
Ford,FOR137,Diesel,Automatic,Sedan,White,3608000.0,1.8,192,165,Yes,15.6,400,1
Kia,KIA964,Diesel,Manual,Hatchback,Grey,2776000.0,3.3,127,186,No,14.9,463,1
Mercedes,MER635,Diesel,Automatic,SUV,Red,13798000.0,2.3,239,233,No,15.0,485,1
Kia,KIA693,Petrol,Automatic,Sedan,Grey,2021000.0,2.4,194,143,Yes,14.3,363,1
Tata,TAT975,Diesel,Manual,Sedan,Grey,639000.0,1.3,98,131,Yes,18.6,706,1
Kia,KIA821,Petrol,Automatic,Hatchback,Silver,3768000.0,2.3,236,171,Yes,13.9,476,1
Hyundai,HYU463,Petrol,Automatic,Hatchback,Red,2337000.0,2.0,153,163,Yes,17.7,828,1
Audi,AUD694,Diesel,Manual,Coupe,Blue,12861000.0,3.3,287,243,Yes,14.3,216,1
Hyundai,HYU608,Hybrid,Manual,Hatchback,Green,2592000.0,2.5,213,171,No,29.4,490,1
BMW,BMW198,Hybrid,Automatic,SUV,Blue,18795000.0,5.0,416,223,Yes,26.0,308,1
Audi,AUD516,Petrol,Automatic,SUV,White,13390000.0,3.5,367,211,Yes,16.2,151,0
BMW,BMW291,Petrol,Manual,SUV,Blue,12002000.0,4.2,416,238,No,18.3,335,1
Hyundai,HYU453,Petrol,Manual,Pickup,Grey,2109000.0,2.2,209,191,No,15.3,500,1
Hyundai,HYU300,Diesel,Manual,SUV,Green,3454000.0,2.5,134,191,No,13.6,219,1
Tata,TAT483,Petrol,Manual,SUV,Grey,1097000.0,1.5,98,177,Yes,18.7,663,1
Audi,AUD493,Petrol,Automatic,SUV,Red,13693000.0,3.4,285,182,Yes,14.9,197,1
Mercedes,MER580,Hybrid,Automatic,Hatchback,Blue,9943000.0,2.8,254,184,No,26.1,358,1
Tata,TAT562,Diesel,Manual,Sedan,White,1343000.0,1.6,92,167,Yes,18.0,499,1
Toyota,TOY941,Petrol,Automatic,SUV,Silver,2601000.0,3.3,98,152,Yes,15.4,634,1
Toyota,TOY685,Hybrid,Manual,SUV,Red,3042000.0,1.2,205,184,Yes,24.8,500,1
Kia,KIA544,Petrol,Automatic,Pickup,Red,1690000.0,1.5,136,196,Yes,16.7,30,1
Honda,HON450,Electric,Manual,Pickup,Green,3003000.0,2.5,179,164,Yes,26.5,482,1
Toyota,TOY438,Hybrid,Manual,Coupe,Blue,3738000.0,2.3,211,220,Yes,20.5,530,1
Toyota,TOY277,Petrol,Manual,Pickup,White,3710000.0,1.9,112,147,Yes,17.8,557,1
Tata,TAT367,Diesel,Manual,Sedan,Silver,2035000.0,1.3,93,157,Yes,19.8,660,1
Kia,KIA395,Petrol,Automatic,SUV,Blue,2537000.0,3.4,113,201,No,17.1,602,1
Honda,HON341,Diesel,Manual,Hatchback,Green,3885000.0,2.3,100,156,Yes,12.1,677,1
Hyundai,HYU282,Hybrid,Manual,Pickup,Grey,4491000.0,3.1,249,172,No,20.2,621,1
Mahindra,MAH706,Diesel,Manual,Sedan,White,3648000.0,1.4,109,196,No,17.3,82,1
Honda,HON341,Diesel,Manual,Sedan,White,2256000.0,3.1,110,214,Yes,13.6,414,1
Toyota,TOY588,Petrol,Manual,SUV,White,2102000.0,2.4,199,179,No,17.3,307,1
Audi,AUD915,Diesel,Manual,Sedan,White,9964000.0,2.1,442,237,Yes,12.6,563,1
Mercedes,MER937,Diesel,Manual,SUV,Grey,8246000.0,3.7,324,194,Yes,13.1,82,0
Toyota,TOY307,Petrol,Manual,Sedan,Silver,3424000.0,1.9,129,199,Yes,17.9,496,1
Audi,AUD912,Petrol,Automatic,Hatchback,Blue,13011000.0,3.0,295,230,Yes,13.7,192,1
Mahindra,MAH175,Hybrid,Automatic,Pickup,White,3021000.0,2.7,176,188,No,25.5,241,1
Audi,AUD558,Petrol,Automatic,Sedan,Blue,13271000.0,4.3,356,209,No,19.8,53,0
BMW,BMW361,Diesel,Manual,Pickup,White,6272000.0,2.6,272,196,Yes,17.0,403,1
Maruti Suzuki,MAR352,Petrol,Automatic,Sedan,Grey,2045000.0,1.8,70,153,No,12.2,427,1
Hyundai,HYU299,Diesel,Manual,Sedan,Black,2584000.0,3.1,163,151,Yes,15.5,483,1
BMW,BMW804,Diesel,Manual,Sedan,Black,12170000.0,3.0,432,219,No,18.7,61,0
Audi,AUD517,Diesel,Automatic,Pickup,Silver,15305000.0,4.0,314,180,No,16.9,123,0
Toyota,TOY479,Electric,Automatic,Pickup,Black,3214000.0,2.9,243,169,No,33.1,352,1
Tata,TAT728,Diesel,Automatic,Sedan,Grey,1866000.0,1.3,68,136,No,19.2,429,1
Toyota,TOY796,Hybrid,Automatic,Pickup,Green,3339000.0,3.1,240,174,No,29.3,260,1
Kia,KIA236,Petrol,Manual,Hatchback,White,1936000.0,1.6,241,180,Yes,13.5,575,1
Hyundai,HYU328,Diesel,Automatic,Hatchback,Grey,4416000.0,3.2,181,209,Yes,16.1,540,1
Ford,FOR524,Hybrid,Manual,Pickup,Blue,3473000.0,2.9,158,145,No,23.5,171,1
Honda,HON858,Hybrid,Manual,Sedan,Black,1652000.0,1.9,95,199,No,22.6,521,1
Honda,HON493,Diesel,Manual,Sedan,Red,2031000.0,2.8,224,141,No,13.9,428,1
Audi,AUD737,Petrol,Manual,Hatchback,Red,14645000.0,2.8,238,194,No,12.7,334,1
Kia,KIA458,Diesel,Manual,Sedan,Blue,5075000.0,3.5,242,208,Yes,18.8,501,1
Maruti Suzuki,MAR746,Petrol,Manual,SUV,Silver,929000.0,1.4,98,172,Yes,17.3,674,1
Mahindra,MAH723,Hybrid,Automatic,SUV,White,4159000.0,2.3,204,218,No,21.5,306,1
Mahindra,MAH861,Diesel,Manual,Coupe,Grey,3692000.0,3.2,155,209,Yes,16.2,418,1
Honda,HON472,Petrol,Manual,SUV,Silver,1442000.0,2.3,136,214,No,12.7,547,1
Mahindra,MAH265,Petrol,Manual,Hatchback,Blue,4496000.0,2.8,184,162,Yes,14.9,291,1
Mercedes,MER211,Diesel,Manual,SUV,Blue,7123000.0,4.4,267,226,No,14.9,558,1
Ford,FOR571,Petrol,Automatic,SUV,Blue,3561000.0,1.7,153,150,Yes,12.6,117,1
Kia,KIA629,Diesel,Manual,Pickup,Blue,2775000.0,1.6,99,211,No,16.3,338,1
Honda,HON950,Diesel,Manual,Coupe,Silver,3420000.0,2.7,113,224,Yes,15.2,294,1
Tata,TAT337,Diesel,Manual,Sedan,Red,1383000.0,1.8,79,128,No,19.0,397,1
Mercedes,MER820,Petrol,Manual,Coupe,Green,15758000.0,4.1,396,222,No,14.8,56,0
Mahindra,MAH876,Petrol,Automatic,Pickup,Green,1777000.0,2.4,136,195,Yes,12.0,284,1
Toyota,TOY622,Hybrid,Manual,SUV,White,5193000.0,3.2,249,173,Yes,20.5,299,1
Toyota,TOY642,Diesel,Manual,Coupe,Black,2352000.0,2.8,111,200,No,12.4,180,1
Kia,KIA674,Petrol,Manual,Pickup,Black,1635000.0,2.1,146,183,No,18.0,331,1
BMW,BMW331,Diesel,Automatic,Pickup,Green,6904000.0,4.4,187,211,Yes,16.7,263,1
Toyota,TOY846,Electric,Manual,Pickup,Red,1911000.0,2.4,153,178,No,28.0,482,1
Maruti Suzuki,MAR925,Petrol,Automatic,SUV,Red,1377000.0,1.2,104,155,Yes,12.6,639,1
Ford,FOR890,Diesel,Manual,Coupe,Blue,2196000.0,1.3,191,206,Yes,19.3,480,1
Mahindra,MAH742,Petrol,Manual,Sedan,Green,1497000.0,1.3,241,217,No,12.2,159,1
Hyundai,HYU617,Electric,Manual,Sedan,Silver,3690000.0,3.2,106,159,Yes,25.4,658,1
Mahindra,MAH479,Petrol,Automatic,Coupe,Black,1483000.0,1.3,218,200,No,15.9,296,1
Mahindra,MAH823,Petrol,Manual,Coupe,Silver,2447000.0,1.2,180,188,No,18.1,522,1
Hyundai,HYU952,Diesel,Automatic,SUV,Blue,2409000.0,2.8,193,189,No,14.1,647,1
Kia,KIA895,Petrol,Manual,Pickup,White,1392000.0,1.6,187,205,Yes,14.9,287,1
Mahindra,MAH132,Petrol,Manual,Coupe,Black,3248000.0,2.5,100,223,Yes,18.5,157,1
Tata,TAT617,Petrol,Manual,Sedan,Black,597000.0,1.6,67,142,Yes,14.1,766,1
Audi,AUD454,Petrol,Manual,Hatchback,Black,9697000.0,3.5,276,218,Yes,13.9,397,1
Hyundai,HYU433,Hybrid,Manual,Hatchback,Blue,2204000.0,2.4,193,185,No,23.7,606,1
Hyundai,HYU554,Diesel,Automatic,Coupe,Silver,2947000.0,1.3,149,217,No,12.2,874,1
Hyundai,HYU764,Diesel,Manual,SUV,Red,3755000.0,1.5,248,188,Yes,14.9,566,1
Toyota,TOY686,Diesel,Manual,Sedan,Red,2400000.0,2.5,231,181,No,17.3,213,1
Kia,KIA536,Diesel,Automatic,Sedan,Black,2385000.0,2.8,147,155,Yes,15.0,112,1
Mercedes,MER699,Hybrid,Manual,Pickup,Blue,16111000.0,4.2,270,243,Yes,20.7,356,1
Honda,HON257,Diesel,Manual,Sedan,White,3768000.0,2.8,211,156,No,17.0,700,1
Mahindra,MAH961,Petrol,Automatic,Pickup,White,3454000.0,3.4,127,144,Yes,17.2,167,1
BMW,BMW508,Petrol,Manual,Sedan,Silver,12411000.0,2.2,439,187,No,12.5,396,1
Audi,AUD781,Diesel,Manual,Sedan,Grey,5637000.0,3.3,206,232,No,19.2,360,1
Hyundai,HYU391,Petrol,Automatic,SUV,Blue,1475000.0,2.1,136,158,Yes,17.2,343,1
Tata,TAT955,Petrol,Manual,Hatchback,Red,857000.0,1.9,99,162,No,19.5,511,1
Mahindra,MAH744,Diesel,Automatic,Sedan,Grey,2969000.0,2.0,204,183,No,19.5,401,1
Toyota,TOY704,Diesel,Manual,Coupe,Grey,2001000.0,1.9,140,236,Yes,12.8,59,1
Mercedes,MER206,Diesel,Manual,Pickup,Grey,6522000.0,3.2,318,184,Yes,16.1,30,0
Mahindra,MAH607,Petrol,Automatic,Sedan,Silver,4983000.0,3.5,175,181,Yes,14.3,288,1
Toyota,TOY457,Petrol,Automatic,Hatchback,White,2366000.0,1.4,209,184,Yes,16.6,398,1
Maruti Suzuki,MAR958,Hybrid,Manual,Pickup,Grey,1058000.0,1.8,60,140,Yes,26.6,573,1
Audi,AUD653,Petrol,Manual,Sedan,White,13284000.0,3.6,416,183,Yes,15.4,291,1
Audi,AUD530,Petrol,Manual,Sedan,Green,6340000.0,2.1,219,248,Yes,13.7,279,1
Tata,TAT162,Petrol,Automatic,Pickup,Black,775000.0,1.6,79,142,No,15.5,583,1
Kia,KIA130,Diesel,Manual,SUV,Green,2983000.0,2.7,212,166,No,19.4,343,1
Honda,HON625,Diesel,Automatic,Pickup,Blue,2926000.0,1.8,131,194,Yes,16.8,409,1
Hyundai,HYU606,Electric,Manual,Hatchback,White,2207000.0,3.2,198,169,Yes,35.3,537,1
Mercedes,MER727,Petrol,Manual,Pickup,Red,6563000.0,2.1,271,190,No,17.1,49,0
BMW,BMW571,Diesel,Automatic,Sedan,Black,10872000.0,2.4,186,235,Yes,12.0,238,1
Honda,HON509,Petrol,Manual,SUV,Red,4449000.0,3.1,205,159,Yes,17.8,126,1
Mercedes,MER801,Petrol,Manual,Coupe,Green,8115000.0,2.6,327,281,Yes,12.4,245,1
Ford,FOR199,Petrol,Manual,SUV,Blue,3107000.0,3.1,206,186,No,14.6,504,1
Kia,KIA606,Petrol,Automatic,Hatchback,Grey,1944000.0,2.2,135,167,No,16.1,415,1
Tata,TAT238,Diesel,Automatic,Hatchback,Silver,845000.0,1.5,104,149,Yes,14.9,429,1
Ford,FOR997,Hybrid,Manual,Hatchback,White,3433000.0,3.2,248,190,Yes,27.9,364,1
Ford,FOR397,Diesel,Manual,SUV,Red,3643000.0,2.4,135,208,No,16.8,435,1
Tata,TAT488,Hybrid,Manual,Coupe,Black,1620000.0,1.7,111,163,Yes,22.1,558,1
Maruti Suzuki,MAR162,Diesel,Automatic,Sedan,Silver,1612000.0,1.9,108,159,Yes,14.8,595,1
Mercedes,MER919,Diesel,Manual,Pickup,Silver,9539000.0,3.9,296,235,Yes,18.1,369,1
Ford,FOR314,Petrol,Manual,Hatchback,Silver,2776000.0,1.9,156,211,Yes,14.9,193,1
Hyundai,HYU279,Petrol,Manual,Coupe,Grey,2124000.0,2.0,124,218,Yes,13.2,467,1
Mercedes,MER827,Hybrid,Manual,Coupe,Red,13001000.0,2.4,444,254,No,28.2,295,1
Mahindra,MAH129,Petrol,Automatic,Sedan,Blue,4222000.0,2.8,222,148,No,17.4,427,1
Honda,HON397,Hybrid,Automatic,Sedan,Red,4552000.0,3.3,108,169,Yes,23.6,345,1
Audi,AUD813,Petrol,Automatic,Sedan,Silver,6304000.0,2.3,283,249,No,16.6,168,1
Honda,HON833,Petrol,Automatic,Sedan,Black,3944000.0,3.4,184,145,Yes,15.9,793,1
Audi,AUD864,Petrol,Automatic,Pickup,Grey,17316000.0,3.2,340,187,No,13.1,192,0
Tata,TAT228,Petrol,Automatic,Pickup,Black,1114000.0,1.4,117,125,No,18.6,607,1
Kia,KIA115,Electric,Automatic,Hatchback,Red,2949000.0,3.2,248,167,No,26.9,413,1
Maruti Suzuki,MAR220,Diesel,Automatic,Coupe,Silver,785000.0,1.3,72,141,Yes,12.6,513,1
Honda,HON256,Petrol,Manual,Coupe,Green,4405000.0,3.2,156,222,No,17.1,470,1
Toyota,TOY419,Petrol,Manual,Pickup,White,3242000.0,2.7,202,167,No,14.6,648,1
Tata,TAT766,Diesel,Manual,SUV,Green,1019000.0,1.5,81,152,Yes,15.2,771,1
Hyundai,HYU927,Diesel,Manual,Hatchback,Silver,2725000.0,2.2,218,162,No,19.0,809,1
Kia,KIA585,Diesel,Automatic,Sedan,Red,4569000.0,2.7,213,189,Yes,16.2,278,1
Honda,HON367,Diesel,Automatic,SUV,Grey,3302000.0,1.6,235,172,No,18.8,333,1
Ford,FOR314,Petrol,Manual,Coupe,White,1931000.0,1.9,99,198,No,15.9,329,1
Kia,KIA139,Diesel,Manual,Hatchback,Grey,3084000.0,2.2,97,180,Yes,12.5,434,1
BMW,BMW473,Diesel,Automatic,SUV,Grey,16770000.0,4.3,282,224,No,12.9,382,1
Tata,TAT304,Petrol,Manual,Hatchback,Black,1839000.0,1.3,75,151,No,19.7,583,1
Hyundai,HYU250,Electric,Automatic,SUV,Black,4323000.0,2.0,214,213,Yes,28.9,470,1
Toyota,TOY409,Petrol,Automatic,Pickup,Black,2327000.0,1.7,171,207,Yes,16.2,513,1
Ford,FOR367,Petrol,Automatic,Hatchback,Green,1737000.0,1.8,180,186,Yes,16.6,368,1
Tata,TAT626,Petrol,Automatic,Pickup,Black,2109000.0,1.5,103,174,Yes,17.1,469,1
Toyota,TOY199,Diesel,Manual,Coupe,Green,3585000.0,2.9,131,220,No,18.7,489,1
Honda,HON957,Petrol,Manual,Coupe,Silver,3372000.0,2.2,189,208,Yes,18.7,403,1
Maruti Suzuki,MAR447,Hybrid,Manual,SUV,Grey,1452000.0,1.9,90,159,Yes,30.0,667,1
Tata,TAT820,Hybrid,Manual,Hatchback,Grey,857000.0,1.8,95,176,No,28.7,399,1
BMW,BMW548,Petrol,Automatic,Sedan,Silver,6220000.0,2.4,342,216,No,13.3,277,1
Ford,FOR524,Petrol,Manual,Coupe,Black,1835000.0,3.2,219,234,Yes,12.1,192,1
Tata,TAT553,Diesel,Manual,Coupe,Grey,696000.0,1.5,119,140,No,14.8,559,1
Kia,KIA395,Hybrid,Manual,Coupe,White,3054000.0,1.4,164,226,No,24.9,225,1
Honda,HON470,Petrol,Manual,Pickup,Grey,3928000.0,3.1,199,189,No,18.8,415,1
Ford,FOR282,Diesel,Automatic,Pickup,Red,2045000.0,3.1,124,214,Yes,12.2,474,1
Kia,KIA957,Petrol,Manual,Pickup,Grey,4605000.0,2.6,213,171,No,19.9,237,1
Audi,AUD569,Diesel,Manual,Hatchback,Black,7075000.0,4.8,303,227,Yes,17.5,120,1
Tata,TAT622,Petrol,Automatic,Hatchback,Green,2078000.0,1.7,93,162,No,18.0,470,1
Audi,AUD801,Petrol,Manual,Pickup,Blue,13154000.0,3.8,438,203,No,18.1,150,0
Hyundai,HYU193,Petrol,Automatic,Sedan,Grey,2923000.0,1.7,188,217,No,13.0,451,1
Ford,FOR954,Petrol,Manual,Pickup,Blue,2649000.0,2.6,224,198,No,15.7,351,1
Mahindra,MAH628,Hybrid,Manual,Hatchback,Green,4222000.0,1.9,210,177,Yes,29.0,306,1
Audi,AUD919,Petrol,Manual,Sedan,White,9135000.0,4.0,379,231,Yes,16.0,254,1
Audi,AUD595,Diesel,Automatic,SUV,Red,5353000.0,2.8,267,239,Yes,18.7,199,1
Tata,TAT343,Petrol,Automatic,Coupe,Blue,1011000.0,1.9,104,141,Yes,17.5,312,1
BMW,BMW806,Diesel,Automatic,Pickup,Green,7466000.0,3.1,281,196,Yes,19.0,74,0
BMW,BMW485,Hybrid,Manual,Hatchback,Blue,7295000.0,2.1,273,216,No,22.8,392,1
Honda,HON541,Petrol,Manual,Pickup,Black,3384000.0,2.1,140,215,No,14.1,204,1
Honda,HON253,Petrol,Automatic,SUV,White,1955000.0,1.7,138,209,No,18.1,238,1
Kia,KIA740,Hybrid,Automatic,SUV,Black,3528000.0,2.3,171,161,Yes,20.7,341,1
Audi,AUD507,Diesel,Manual,SUV,Green,5467000.0,2.3,251,205,No,15.1,30,0
Hyundai,HYU651,Petrol,Automatic,SUV,White,1603000.0,1.7,131,145,Yes,14.6,579,1
Mahindra,MAH509,Hybrid,Manual,Sedan,Black,2359000.0,2.0,110,158,Yes,22.3,237,1
Maruti Suzuki,MAR522,Diesel,Automatic,SUV,Red,2196000.0,1.8,60,157,No,14.0,646,1
Mahindra,MAH441,Electric,Automatic,SUV,Blue,1865000.0,2.2,191,184,Yes,39.7,209,1
Toyota,TOY344,Petrol,Manual,Pickup,Blue,4041000.0,3.0,146,140,Yes,17.9,270,1
Audi,AUD986,Petrol,Automatic,Hatchback,Red,11809000.0,4.4,271,243,Yes,16.4,170,1
Kia,KIA301,Hybrid,Automatic,Coupe,Blue,2883000.0,3.0,106,234,Yes,22.4,455,1
Maruti Suzuki,MAR679,Hybrid,Automatic,Hatchback,Red,2110000.0,1.6,98,166,Yes,22.6,366,1
Kia,KIA413,Diesel,Manual,Coupe,Silver,3698000.0,2.2,118,204,No,14.0,236,1
Maruti Suzuki,MAR793,Diesel,Manual,Sedan,Red,915000.0,1.7,94,158,Yes,14.7,458,1
BMW,BMW275,Diesel,Manual,Hatchback,Red,13637000.0,2.4,334,199,Yes,16.2,409,1
Mercedes,MER559,Petrol,Manual,Coupe,White,15958000.0,4.2,227,232,No,19.4,103,0
Mercedes,MER616,Hybrid,Manual,Pickup,Black,11856000.0,4.8,285,246,Yes,29.3,319,1
Kia,KIA463,Petrol,Automatic,Hatchback,Silver,3747000.0,1.6,153,206,Yes,16.6,321,1
Kia,KIA265,Petrol,Automatic,Coupe,Silver,4682000.0,3.1,235,188,Yes,13.2,239,1
Maruti Suzuki,MAR425,Diesel,Manual,Sedan,Red,1128000.0,1.4,108,164,Yes,17.5,593,1
Mercedes,MER853,Petrol,Manual,Pickup,Silver,6304000.0,4.7,238,224,Yes,12.5,497,1
Toyota,TOY114,Diesel,Automatic,Sedan,Green,1623000.0,1.9,226,148,Yes,13.7,551,1
Mercedes,MER872,Petrol,Automatic,Pickup,Blue,11074000.0,4.5,248,249,No,14.8,60,0
Maruti Suzuki,MAR607,Hybrid,Manual,Sedan,Silver,1647000.0,1.2,97,133,Yes,23.9,557,1
Mercedes,MER834,Petrol,Manual,Pickup,Red,15480000.0,4.2,221,222,No,17.0,188,0
Ford,FOR256,Diesel,Manual,Pickup,Green,2347000.0,2.3,214,152,Yes,13.0,217,1
Audi,AUD579,Diesel,Manual,Pickup,Black,10547000.0,4.9,381,181,Yes,15.2,363,1
Mercedes,MER585,Electric,Automatic,SUV,Green,11790000.0,4.9,239,221,Yes,35.5,30,0
Tata,TAT578,Diesel,Manual,Coupe,Red,1939000.0,1.4,101,138,Yes,15.5,376,1
Ford,FOR105,Diesel,Manual,Hatchback,Grey,3230000.0,1.3,106,192,Yes,14.3,565,1
Ford,FOR639,Diesel,Automatic,Sedan,Red,4245000.0,2.2,158,194,No,18.1,127,1
Mahindra,MAH476,Hybrid,Manual,Sedan,Silver,3417000.0,1.9,118,190,Yes,20.9,280,1
Hyundai,HYU356,Hybrid,Manual,Coupe,Grey,4986000.0,2.7,247,203,No,29.7,544,1
BMW,BMW726,Diesel,Manual,Coupe,Green,6518000.0,3.5,268,240,Yes,17.1,173,1
Honda,HON609,Petrol,Manual,Hatchback,Green,2118000.0,3.0,183,213,No,14.9,457,1
Honda,HON951,Petrol,Automatic,SUV,Blue,4104000.0,1.3,206,205,No,12.4,494,1
Maruti Suzuki,MAR426,Diesel,Automatic,Sedan,Black,1603000.0,1.8,93,123,Yes,17.5,723,1
Tata,TAT803,Petrol,Automatic,Sedan,Red,1999000.0,1.1,68,142,No,18.7,292,1
Toyota,TOY575,Petrol,Automatic,SUV,Blue,2771000.0,1.9,179,160,No,15.2,558,1
Tata,TAT238,Petrol,Manual,Coupe,Blue,2170000.0,1.8,86,150,Yes,13.0,412,1
Kia,KIA406,Petrol,Automatic,Sedan,Silver,4115000.0,2.6,234,156,Yes,18.1,180,1
Ford,FOR159,Petrol,Manual,SUV,Green,4124000.0,3.3,236,197,Yes,12.4,483,1
Kia,KIA307,Hybrid,Automatic,Coupe,Black,4150000.0,2.7,139,193,No,21.2,287,1
Maruti Suzuki,MAR737,Electric,Manual,Hatchback,Silver,787000.0,1.0,71,160,No,26.2,229,1
Mercedes,MER382,Diesel,Automatic,Coupe,Silver,10255000.0,2.4,232,247,No,12.8,127,0
Mahindra,MAH647,Petrol,Automatic,SUV,Grey,2424000.0,2.9,101,208,Yes,18.5,143,1
Maruti Suzuki,MAR556,Petrol,Automatic,SUV,Silver,1837000.0,1.3,109,130,Yes,13.0,679,1
Tata,TAT215,Petrol,Automatic,Hatchback,Blue,1125000.0,1.9,114,175,No,16.0,463,1
Honda,HON900,Petrol,Manual,Sedan,Silver,4458000.0,3.4,141,173,Yes,17.8,605,1
Hyundai,HYU485,Petrol,Automatic,Pickup,Black,1572000.0,2.4,109,163,Yes,14.1,427,1
Audi,AUD358,Diesel,Automatic,Sedan,Green,15505000.0,2.6,398,235,Yes,16.0,138,0
Toyota,TOY217,Hybrid,Manual,Hatchback,Green,2529000.0,1.2,175,216,No,21.5,291,1
Honda,HON676,Diesel,Manual,Coupe,Red,3787000.0,3.4,227,239,No,18.6,550,1
Toyota,TOY764,Petrol,Automatic,SUV,Blue,4205000.0,2.3,146,173,No,14.7,350,1
Ford,FOR533,Electric,Automatic,Hatchback,Black,2183000.0,2.6,180,177,Yes,26.4,270,1
BMW,BMW692,Hybrid,Automatic,Hatchback,Silver,7233000.0,3.9,287,184,No,23.6,322,1
Audi,AUD925,Diesel,Automatic,Hatchback,White,14714000.0,3.8,277,193,Yes,17.1,295,1
Hyundai,HYU571,Diesel,Manual,Pickup,Green,4119000.0,2.4,204,211,No,18.2,671,1
Audi,AUD223,Petrol,Manual,Pickup,Silver,17680000.0,3.3,424,223,Yes,19.0,265,1
Hyundai,HYU810,Diesel,Manual,Coupe,Red,3833000.0,1.6,195,237,Yes,14.3,503,1
Kia,KIA847,Diesel,Manual,Pickup,White,2749000.0,2.5,173,143,No,12.8,308,1
Maruti Suzuki,MAR359,Petrol,Manual,Pickup,Blue,1024000.0,1.7,94,165,Yes,12.6,530,1
Mercedes,MER948,Petrol,Automatic,Pickup,Blue,11911000.0,3.0,409,229,No,19.0,393,1
Mercedes,MER217,Petrol,Automatic,SUV,Green,10605000.0,3.6,193,226,Yes,14.2,223,1
Mahindra,MAH649,Hybrid,Manual,Sedan,Red,1472000.0,1.4,243,167,No,28.7,183,1
Mercedes,MER671,Petrol,Automatic,Coupe,Black,12031000.0,3.5,206,281,Yes,16.5,129,0
Tata,TAT305,Petrol,Manual,Pickup,Silver,2035000.0,1.6,94,146,Yes,15.7,798,1
Audi,AUD795,Petrol,Manual,Hatchback,Black,9675000.0,2.8,257,196,No,14.8,146,1
Kia,KIA321,Petrol,Manual,Hatchback,Green,3961000.0,2.4,128,170,Yes,12.8,321,1
Toyota,TOY900,Petrol,Manual,Pickup,Red,4553000.0,2.0,223,160,No,12.6,526,1
Tata,TAT382,Hybrid,Automatic,SUV,Grey,642000.0,1.6,78,146,Yes,28.2,377,1
Kia,KIA719,Diesel,Manual,Pickup,Grey,4259000.0,2.3,222,169,Yes,15.2,188,1
Mercedes,MER124,Hybrid,Manual,Pickup,Silver,9287000.0,4.7,422,248,No,24.0,150,1
BMW,BMW733,Petrol,Automatic,Hatchback,Blue,11232000.0,4.5,227,195,No,14.5,436,1
Mahindra,MAH725,Diesel,Automatic,Coupe,Grey,3668000.0,2.1,147,249,No,15.1,400,1
Kia,KIA934,Electric,Manual,Sedan,Black,3587000.0,1.4,189,142,No,32.9,145,1
Ford,FOR202,Hybrid,Manual,SUV,White,2113000.0,1.9,164,214,Yes,27.1,377,1
Maruti Suzuki,MAR268,Diesel,Manual,Hatchback,Green,607000.0,1.3,114,158,Yes,19.9,675,1
Honda,HON442,Petrol,Manual,Hatchback,Grey,1783000.0,1.9,147,166,No,14.0,753,1
Kia,KIA813,Diesel,Automatic,Sedan,Red,2241000.0,1.4,203,176,Yes,16.5,229,1
Mahindra,MAH844,Petrol,Manual,Sedan,White,3145000.0,3.2,179,213,Yes,16.1,158,1
Tata,TAT291,Petrol,Manual,Sedan,Blue,1463000.0,1.5,101,133,Yes,17.3,296,1
Maruti Suzuki,MAR814,Hybrid,Automatic,Coupe,White,1905000.0,1.7,88,179,No,24.0,703,1
BMW,BMW409,Diesel,Manual,Sedan,White,6335000.0,2.1,223,206,Yes,12.9,110,1
Ford,FOR345,Petrol,Manual,Pickup,Silver,2302000.0,3.0,213,205,Yes,18.7,506,1
Honda,HON122,Petrol,Automatic,Sedan,Green,3165000.0,2.3,204,157,No,18.3,416,1
Mahindra,MAH598,Diesel,Manual,Hatchback,Black,2323000.0,1.5,109,153,Yes,19.1,155,1
BMW,BMW602,Electric,Automatic,Hatchback,White,15740000.0,2.6,429,226,No,38.5,143,0
BMW,BMW861,Hybrid,Manual,Hatchback,Silver,13249000.0,4.1,347,238,No,28.4,515,1
Mahindra,MAH571,Petrol,Manual,Hatchback,Blue,4857000.0,3.3,196,140,No,12.8,479,1
Audi,AUD922,Petrol,Automatic,Sedan,Green,13131000.0,2.3,237,196,No,16.8,30,0
Toyota,TOY584,Diesel,Manual,Hatchback,Silver,2396000.0,3.0,239,144,No,13.1,491,1
Toyota,TOY168,Petrol,Manual,Pickup,Black,3882000.0,3.1,216,197,Yes,19.1,355,1
Toyota,TOY466,Diesel,Manual,Pickup,Green,3666000.0,3.1,183,217,No,18.4,368,1
Ford,FOR121,Hybrid,Manual,Hatchback,Blue,2935000.0,1.3,107,202,No,22.0,316,1
Ford,FOR882,Petrol,Manual,Sedan,Black,3253000.0,1.3,135,189,Yes,18.1,397,1
Audi,AUD377,Diesel,Automatic,Coupe,Green,5293000.0,3.0,237,319,No,17.4,140,1
Hyundai,HYU941,Petrol,Automatic,Sedan,Red,3599000.0,2.7,220,163,No,19.9,525,1
Kia,KIA399,Diesel,Manual,SUV,White,2584000.0,1.9,145,181,Yes,19.5,428,1
Toyota,TOY168,Hybrid,Automatic,Pickup,Green,1766000.0,1.5,170,198,Yes,27.5,639,1
Ford,FOR611,Petrol,Manual,SUV,White,1873000.0,1.4,151,213,No,16.4,176,1
Tata,TAT174,Diesel,Manual,Pickup,Black,826000.0,1.5,107,178,Yes,16.0,322,1
Tata,TAT460,Hybrid,Manual,Pickup,Blue,905000.0,1.7,105,124,No,28.5,483,1
Mercedes,MER781,Diesel,Automatic,Hatchback,Green,13489000.0,4.1,362,181,No,13.0,392,1
Kia,KIA175,Diesel,Manual,Sedan,Blue,2045000.0,2.9,160,183,No,18.2,533,1
Mahindra,MAH176,Petrol,Manual,SUV,Green,2648000.0,2.1,143,217,Yes,18.2,182,1
Ford,FOR144,Diesel,Manual,SUV,White,1759000.0,3.4,214,151,No,12.6,494,1
Honda,HON685,Petrol,Manual,SUV,Green,3109000.0,1.8,161,156,Yes,12.4,227,1
Maruti Suzuki,MAR466,Diesel,Automatic,SUV,Green,1399000.0,1.3,92,176,No,13.1,874,1
Tata,TAT603,Diesel,Manual,Sedan,Blue,1519000.0,1.5,81,138,No,15.0,450,1
Kia,KIA874,Diesel,Manual,Coupe,White,3212000.0,1.6,213,220,No,14.2,433,1
Ford,FOR777,Hybrid,Automatic,SUV,Silver,1387000.0,1.7,161,191,Yes,22.1,350,1
Honda,HON657,Petrol,Automatic,Coupe,Green,4767000.0,2.7,230,203,No,18.6,242,1
Hyundai,HYU923,Diesel,Automatic,Hatchback,Green,4136000.0,1.4,240,176,No,19.9,447,1
Hyundai,HYU692,Diesel,Automatic,Pickup,Silver,3026000.0,2.9,91,179,Yes,17.9,470,1
Mahindra,MAH817,Diesel,Manual,Hatchback,Black,2498000.0,2.2,106,175,Yes,18.5,366,1
Honda,HON127,Petrol,Manual,Pickup,Black,2524000.0,2.2,243,142,No,16.7,577,1
Mercedes,MER600,Diesel,Manual,Sedan,Green,13558000.0,4.2,195,217,No,18.3,318,1
Maruti Suzuki,MAR193,Hybrid,Automatic,Coupe,Silver,713000.0,1.0,108,162,Yes,24.1,845,1
Audi,AUD541,Hybrid,Manual,Coupe,White,15574000.0,4.4,392,218,No,22.3,231,1
Tata,TAT855,Petrol,Automatic,Sedan,White,1091000.0,1.8,108,149,No,16.6,420,1
Toyota,TOY185,Petrol,Automatic,SUV,Blue,1710000.0,2.3,236,203,No,14.9,538,1
Audi,AUD753,Hybrid,Manual,Pickup,Black,7314000.0,3.9,405,226,Yes,24.3,113,1
Hyundai,HYU200,Petrol,Automatic,Sedan,Black,4571000.0,3.5,195,189,No,14.6,439,1
Mercedes,MER674,Diesel,Manual,Sedan,White,5709000.0,2.6,337,190,No,19.1,214,1
Mercedes,MER721,Petrol,Manual,Hatchback,Black,11618000.0,3.8,268,241,No,15.6,30,0
Toyota,TOY473,Electric,Automatic,SUV,Silver,3495000.0,2.7,108,189,No,33.3,642,1
Audi,AUD107,Electric,Manual,Pickup,Red,7657000.0,2.7,296,186,Yes,26.1,429,1
Ford,FOR641,Petrol,Manual,Pickup,Silver,1716000.0,2.5,153,163,No,14.5,289,1
Toyota,TOY827,Petrol,Automatic,Pickup,Blue,2036000.0,2.8,109,215,No,12.7,198,1
BMW,BMW829,Petrol,Automatic,Coupe,Silver,18953000.0,4.5,363,309,Yes,13.1,167,0
Mahindra,MAH947,Petrol,Manual,Pickup,Red,2121000.0,1.9,182,142,Yes,15.1,192,1
Mahindra,MAH147,Petrol,Automatic,Pickup,White,2455000.0,2.6,247,181,No,15.4,485,1
Kia,KIA781,Petrol,Automatic,Coupe,Blue,1837000.0,3.4,156,201,Yes,19.8,264,1
Kia,KIA780,Petrol,Manual,Pickup,Black,4122000.0,2.7,92,199,Yes,14.7,185,1
Honda,HON298,Petrol,Manual,Coupe,White,3120000.0,2.9,133,245,No,13.6,396,1
Ford,FOR870,Petrol,Manual,SUV,White,1816000.0,2.7,225,216,No,18.1,628,1
Kia,KIA234,Petrol,Manual,Coupe,Grey,2946000.0,3.5,99,223,No,13.6,644,1
Mahindra,MAH284,Diesel,Manual,Pickup,Green,3152000.0,3.0,129,171,No,19.6,362,1
Honda,HON615,Petrol,Automatic,Hatchback,Grey,2197000.0,2.2,213,205,Yes,14.0,675,1
Maruti Suzuki,MAR648,Diesel,Automatic,SUV,Red,1514000.0,1.1,61,152,No,13.8,629,1
Honda,HON372,Electric,Manual,Pickup,Blue,3280000.0,3.0,196,198,No,29.6,396,1
Hyundai,HYU402,Petrol,Manual,Coupe,Black,2201000.0,2.6,122,237,No,16.2,639,1
BMW,BMW551,Petrol,Automatic,Hatchback,Green,13424000.0,2.2,209,239,No,12.9,55,0
Honda,HON374,Petrol,Manual,SUV,Black,1498000.0,2.0,164,185,Yes,16.1,469,1
Mercedes,MER797,Petrol,Manual,Hatchback,Silver,15461000.0,3.4,202,246,No,12.0,230,1
Kia,KIA773,Hybrid,Automatic,Coupe,Silver,3565000.0,1.3,211,245,Yes,23.9,234,1
Tata,TAT685,Petrol,Manual,SUV,Grey,1355000.0,1.2,100,142,Yes,14.6,390,1
Mercedes,MER530,Petrol,Automatic,Coupe,Black,10363000.0,3.6,218,284,Yes,19.1,76,0
Honda,HON562,Diesel,Manual,Coupe,Black,3164000.0,1.6,96,223,No,13.9,364,1
Ford,FOR744,Hybrid,Automatic,Pickup,White,2154000.0,3.5,136,212,Yes,21.8,351,1
BMW,BMW937,Petrol,Automatic,Coupe,Green,7753000.0,4.2,420,219,No,17.8,451,1
Honda,HON581,Petrol,Automatic,Sedan,Black,3094000.0,2.9,204,142,Yes,13.4,562,1
Kia,KIA847,Petrol,Manual,Sedan,Grey,2351000.0,2.6,91,196,No,16.8,342,1
BMW,BMW716,Electric,Manual,Sedan,White,14451000.0,4.7,219,198,Yes,39.9,322,1
Ford,FOR395,Petrol,Manual,Sedan,Silver,3683000.0,2.8,126,157,Yes,17.3,236,1
Honda,HON680,Petrol,Automatic,SUV,Silver,2095000.0,2.7,168,170,No,14.4,451,1
Ford,FOR686,Diesel,Manual,Coupe,Green,3628000.0,3.4,194,247,Yes,12.9,449,1
BMW,BMW407,Hybrid,Automatic,SUV,Green,16133000.0,3.0,398,239,Yes,22.7,485,1
Maruti Suzuki,MAR105,Petrol,Automatic,Hatchback,White,759000.0,1.8,66,174,Yes,14.2,504,1
Hyundai,HYU747,Petrol,Manual,Hatchback,Green,2785000.0,1.5,133,172,Yes,15.9,853,1
Toyota,TOY311,Petrol,Manual,Pickup,Blue,2158000.0,2.6,175,153,Yes,13.9,30,0
Hyundai,HYU331,Hybrid,Manual,Hatchback,White,1338000.0,1.4,92,157,No,26.8,383,1
Ford,FOR323,Petrol,Manual,Hatchback,Silver,1831000.0,2.5,144,194,Yes,17.9,155,1
Maruti Suzuki,MAR532,Petrol,Automatic,Hatchback,Red,1502000.0,1.3,90,135,No,19.2,593,1
Audi,AUD949,Petrol,Manual,Coupe,Silver,16530000.0,3.6,268,211,Yes,16.3,487,1
Toyota,TOY647,Diesel,Manual,Pickup,Grey,4553000.0,3.2,186,171,Yes,17.2,326,1
Maruti Suzuki,MAR117,Petrol,Automatic,Coupe,White,1445000.0,1.7,112,167,Yes,12.2,818,1
Mercedes,MER999,Diesel,Manual,Hatchback,Silver,8523000.0,4.6,405,207,Yes,16.7,101,0
Mahindra,MAH276,Hybrid,Manual,SUV,Silver,3564000.0,1.4,233,151,Yes,26.6,395,1
Mercedes,MER450,Petrol,Manual,Pickup,Black,13967000.0,4.3,328,184,No,17.6,30,0
Audi,AUD615,Petrol,Manual,SUV,Black,18661000.0,3.8,371,216,Yes,18.2,99,0
Honda,HON923,Hybrid,Manual,Hatchback,Grey,4236000.0,2.7,249,176,Yes,27.1,373,1
Maruti Suzuki,MAR589,Diesel,Manual,Sedan,Silver,1374000.0,2.0,61,140,Yes,15.9,783,1
Hyundai,HYU750,Hybrid,Manual,Hatchback,Silver,1549000.0,3.3,135,160,Yes,28.2,685,1
Maruti Suzuki,MAR643,Petrol,Manual,SUV,White,2049000.0,1.8,106,125,No,12.6,409,1
Tata,TAT572,Petrol,Automatic,Hatchback,Green,1018000.0,1.0,90,143,No,16.5,479,1
Tata,TAT781,Petrol,Manual,Sedan,Green,1103000.0,1.2,98,160,No,18.6,214,1
Kia,KIA771,Hybrid,Manual,Coupe,White,4478000.0,2.8,199,183,No,21.1,263,1
Tata,TAT492,Diesel,Manual,Pickup,Blue,1078000.0,1.1,71,166,Yes,14.1,600,1
Honda,HON648,Diesel,Manual,Hatchback,White,2651000.0,1.5,198,198,No,14.9,346,1
Maruti Suzuki,MAR834,Petrol,Manual,Sedan,Red,1830000.0,1.7,118,133,Yes,12.7,712,1
Tata,TAT792,Diesel,Manual,Pickup,Blue,938000.0,1.1,70,140,No,15.3,615,1
Mahindra,MAH517,Petrol,Automatic,SUV,Blue,3024000.0,2.4,239,170,No,12.3,401,1
Mercedes,MER883,Diesel,Automatic,Sedan,Silver,16037000.0,3.7,400,185,Yes,17.0,256,1
Ford,FOR348,Petrol,Manual,Sedan,Blue,1804000.0,3.1,104,142,Yes,13.9,314,1
BMW,BMW603,Diesel,Automatic,Sedan,Grey,9205000.0,3.9,215,210,Yes,13.6,446,1
Mercedes,MER131,Petrol,Manual,Coupe,White,19515000.0,4.6,421,207,No,18.7,30,0
Honda,HON406,Petrol,Manual,Sedan,Silver,4120000.0,3.3,139,212,Yes,15.2,289,1
Mercedes,MER265,Diesel,Automatic,Pickup,Black,10538000.0,3.6,276,235,Yes,17.1,483,1
Toyota,TOY842,Petrol,Automatic,Sedan,Red,3610000.0,1.7,245,192,Yes,13.6,294,1
BMW,BMW226,Diesel,Automatic,Sedan,White,6699000.0,3.6,329,193,No,14.8,330,1
Toyota,TOY220,Petrol,Automatic,SUV,Black,3872000.0,1.9,114,219,Yes,14.4,235,1
Tata,TAT246,Electric,Manual,Coupe,Red,1522000.0,1.4,117,145,No,33.8,610,1
Mahindra,MAH222,Petrol,Automatic,Sedan,Blue,4600000.0,3.5,106,206,No,15.1,42,0
Kia,KIA314,Hybrid,Manual,Sedan,Silver,2493000.0,1.6,181,183,No,21.9,545,1
Toyota,TOY744,Petrol,Manual,Sedan,Red,3593000.0,3.4,204,178,Yes,19.3,240,1
Kia,KIA803,Electric,Manual,Hatchback,Green,3018000.0,1.6,212,217,No,30.4,382,1
Hyundai,HYU209,Electric,Automatic,SUV,Blue,2632000.0,2.2,135,203,Yes,34.3,764,1
Maruti Suzuki,MAR116,Hybrid,Manual,Sedan,Grey,717000.0,1.3,108,148,No,29.0,373,1
Tata,TAT197,Hybrid,Automatic,Hatchback,Black,1669000.0,1.9,118,147,No,25.7,428,1
Maruti Suzuki,MAR246,Petrol,Manual,Hatchback,Red,2057000.0,1.6,103,124,No,18.1,685,1
Kia,KIA133,Petrol,Manual,Sedan,Green,2606000.0,3.1,171,161,No,19.6,561,1
Mercedes,MER611,Diesel,Manual,Hatchback,Green,12227000.0,4.1,190,200,No,19.3,30,0
Maruti Suzuki,MAR618,Diesel,Automatic,Coupe,Green,1337000.0,2.0,72,179,Yes,17.6,523,1
Audi,AUD526,Petrol,Automatic,Sedan,Grey,17208000.0,3.6,363,186,No,17.1,454,1
Audi,AUD563,Diesel,Automatic,Pickup,Blue,15570000.0,2.5,379,181,No,19.4,295,1
Maruti Suzuki,MAR446,Petrol,Manual,Pickup,Green,628000.0,1.5,76,148,No,12.1,486,1
Tata,TAT655,Petrol,Manual,SUV,Grey,637000.0,1.0,97,153,Yes,13.9,623,1
Ford,FOR379,Diesel,Manual,SUV,Silver,2558000.0,3.1,196,142,Yes,15.0,397,1
Toyota,TOY376,Petrol,Manual,Sedan,Silver,3077000.0,2.9,135,218,No,17.5,282,1
Honda,HON264,Diesel,Manual,Coupe,Blue,1993000.0,2.3,169,233,Yes,17.8,412,1
Ford,FOR989,Diesel,Manual,Coupe,Red,1949000.0,2.6,93,207,No,18.1,521,1
Honda,HON327,Diesel,Manual,Sedan,Grey,4294000.0,2.6,113,170,Yes,12.1,398,1
Honda,HON464,Hybrid,Manual,Hatchback,Silver,3649000.0,3.1,190,202,Yes,28.0,381,1
Hyundai,HYU715,Petrol,Automatic,Coupe,Grey,4133000.0,2.7,136,249,Yes,19.6,653,1
Honda,HON410,Diesel,Manual,Sedan,Blue,3343000.0,3.1,131,173,No,13.5,345,1
Ford,FOR923,Diesel,Manual,SUV,Silver,2040000.0,2.7,108,144,Yes,15.1,875,1
Toyota,TOY337,Petrol,Manual,Coupe,White,2458000.0,1.9,131,203,No,13.3,525,1
BMW,BMW364,Hybrid,Manual,Sedan,Grey,8172000.0,4.1,218,204,No,23.2,220,1
Mercedes,MER527,Diesel,Automatic,Coupe,Green,17187000.0,3.3,366,272,Yes,13.1,173,0
Mercedes,MER641,Petrol,Automatic,Pickup,White,5774000.0,2.9,270,186,No,17.0,275,1
Mercedes,MER792,Petrol,Automatic,SUV,Green,9069000.0,3.9,181,248,Yes,13.4,390,1
Hyundai,HYU122,Diesel,Manual,Sedan,White,1668000.0,1.5,114,159,Yes,13.3,690,1
Audi,AUD383,Petrol,Automatic,Coupe,Black,13560000.0,3.3,325,205,No,18.9,182,0
Mercedes,MER934,Petrol,Automatic,SUV,White,6285000.0,2.4,359,228,No,17.4,40,0
Maruti Suzuki,MAR493,Diesel,Automatic,Hatchback,Green,1592000.0,2.0,90,146,No,14.0,616,1
Tata,TAT684,Hybrid,Automatic,Sedan,Green,1078000.0,1.5,72,170,Yes,30.0,362,1
Maruti Suzuki,MAR979,Petrol,Automatic,Hatchback,Green,1195000.0,1.8,112,179,No,14.7,481,1
Maruti Suzuki,MAR166,Petrol,Automatic,SUV,Black,1683000.0,1.7,104,132,No,18.8,711,1
Maruti Suzuki,MAR486,Petrol,Automatic,Sedan,Red,1229000.0,1.2,92,171,No,19.7,563,1
Tata,TAT230,Electric,Automatic,SUV,White,1115000.0,1.1,112,156,No,36.9,376,1
Maruti Suzuki,MAR598,Petrol,Manual,Pickup,Silver,1163000.0,1.4,79,146,Yes,16.9,787,1
Ford,FOR253,Diesel,Automatic,Hatchback,Blue,3999000.0,2.3,128,215,Yes,17.9,346,1
Mercedes,MER889,Petrol,Automatic,SUV,Blue,12769000.0,4.2,200,184,Yes,13.2,162,0
Maruti Suzuki,MAR264,Hybrid,Manual,Coupe,Blue,899000.0,1.9,94,142,No,20.7,433,1
Mercedes,MER857,Diesel,Automatic,Sedan,Green,12110000.0,2.3,380,236,No,16.4,259,1
Hyundai,HYU494,Petrol,Automatic,SUV,Silver,2210000.0,1.7,165,213,No,14.4,476,1
Tata,TAT136,Petrol,Automatic,Coupe,Grey,1885000.0,1.1,65,161,Yes,13.5,378,1
Mahindra,MAH626,Electric,Automatic,Pickup,Silver,2421000.0,1.8,207,196,Yes,39.3,238,1
Honda,HON829,Diesel,Manual,SUV,Red,3986000.0,2.8,201,210,Yes,14.4,607,1
Tata,TAT809,Hybrid,Manual,Hatchback,White,1019000.0,1.9,92,138,Yes,27.8,369,1
BMW,BMW589,Electric,Manual,Pickup,Red,11657000.0,4.9,445,226,No,26.7,266,1
Mercedes,MER964,Petrol,Manual,Hatchback,White,13082000.0,2.6,208,185,Yes,16.1,30,0
Honda,HON506,Petrol,Automatic,SUV,White,3470000.0,1.3,123,195,Yes,18.6,535,1
BMW,BMW471,Petrol,Manual,Coupe,Silver,7967000.0,3.2,445,318,Yes,16.8,342,1
BMW,BMW102,Diesel,Manual,Sedan,Grey,15612000.0,4.9,301,189,Yes,17.4,199,0
Kia,KIA713,Petrol,Automatic,SUV,Blue,1749000.0,1.6,247,179,No,12.1,548,1
Honda,HON612,Petrol,Manual,Sedan,Green,4620000.0,2.3,223,183,Yes,12.8,366,1
Mahindra,MAH168,Petrol,Manual,Coupe,Grey,2867000.0,3.3,170,211,Yes,18.5,91,1
Tata,TAT439,Petrol,Automatic,Coupe,Silver,609000.0,1.1,61,161,No,16.2,499,1
Hyundai,HYU261,Diesel,Manual,Coupe,White,2229000.0,3.1,137,245,Yes,14.0,710,1
BMW,BMW102,Electric,Automatic,Coupe,Blue,6964000.0,3.5,193,204,Yes,32.4,218,1
Toyota,TOY927,Hybrid,Manual,Coupe,White,2447000.0,1.5,182,229,No,26.8,118,1
Maruti Suzuki,MAR407,Petrol,Automatic,Hatchback,Grey,1165000.0,1.1,89,173,Yes,15.7,429,1
Toyota,TOY787,Diesel,Automatic,Hatchback,Green,3878000.0,1.6,175,197,Yes,15.2,244,1
Hyundai,HYU966,Petrol,Manual,Sedan,Black,1569000.0,1.7,234,181,Yes,18.5,649,1
Kia,KIA215,Petrol,Manual,SUV,Red,4081000.0,2.3,140,188,Yes,17.4,362,1
Mercedes,MER534,Petrol,Manual,Sedan,White,11771000.0,4.5,229,203,Yes,17.5,144,0
Ford,FOR278,Petrol,Manual,Sedan,Green,4882000.0,2.6,241,197,No,17.8,114,1
Mercedes,MER225,Diesel,Automatic,SUV,Green,11574000.0,2.4,320,197,No,20.0,67,0
Honda,HON800,Diesel,Manual,Sedan,Grey,3100000.0,2.4,93,150,No,18.5,335,1
Maruti Suzuki,MAR736,Diesel,Automatic,Pickup,Silver,1299000.0,1.1,87,135,No,13.8,581,1
Tata,TAT179,Petrol,Automatic,Coupe,Grey,728000.0,2.0,107,135,Yes,15.3,560,1
Audi,AUD166,Diesel,Manual,Pickup,Blue,15571000.0,3.1,333,217,No,15.2,186,0
Honda,HON104,Diesel,Manual,Coupe,Green,1535000.0,3.1,108,212,No,16.6,780,1
BMW,BMW342,Diesel,Automatic,Hatchback,Silver,14442000.0,3.2,378,189,No,17.2,30,0
Mahindra,MAH121,Hybrid,Automatic,Pickup,White,1888000.0,2.0,176,155,Yes,29.5,411,1
Ford,FOR330,Hybrid,Manual,Hatchback,Green,3762000.0,1.3,179,203,Yes,22.5,30,0
Toyota,TOY650,Petrol,Manual,Pickup,Red,2286000.0,2.6,248,169,Yes,16.4,494,1
Kia,KIA167,Petrol,Automatic,Pickup,Silver,2845000.0,3.2,228,154,No,19.2,173,1
Mahindra,MAH222,Petrol,Manual,Coupe,Black,2955000.0,2.7,98,200,Yes,15.7,536,1
Toyota,TOY326,Diesel,Manual,Pickup,Black,1837000.0,1.3,103,204,No,19.3,331,1
Mercedes,MER437,Petrol,Manual,Coupe,Blue,14403000.0,4.9,260,302,No,16.0,104,0
Toyota,TOY837,Diesel,Manual,SUV,White,4343000.0,1.5,245,175,No,19.6,666,1
Audi,AUD189,Petrol,Manual,Pickup,Black,16531000.0,4.2,347,209,No,18.3,30,0
Kia,KIA650,Petrol,Manual,Pickup,White,3878000.0,1.2,184,209,No,17.2,369,1
BMW,BMW647,Hybrid,Manual,Sedan,Black,17013000.0,4.2,440,240,No,28.2,265,1
Hyundai,HYU908,Petrol,Manual,SUV,Blue,1608000.0,1.7,179,196,Yes,14.4,508,1
Toyota,TOY791,Petrol,Automatic,Sedan,Red,4458000.0,3.2,236,170,No,15.0,310,1
BMW,BMW567,Diesel,Manual,Sedan,Silver,10599000.0,3.1,359,205,Yes,12.2,30,0
Kia,KIA347,Hybrid,Automatic,SUV,White,1447000.0,2.3,122,176,No,22.8,301,1
Mercedes,MER375,Petrol,Manual,Sedan,Black,14646000.0,5.0,327,225,Yes,19.4,36,0
Mercedes,MER192,Diesel,Manual,Coupe,Black,9190000.0,3.2,354,200,No,18.8,138,1
Ford,FOR858,Diesel,Manual,Pickup,Blue,1991000.0,3.3,241,219,Yes,18.5,415,1
Mercedes,MER536,Diesel,Manual,Sedan,Blue,8686000.0,4.7,265,202,Yes,19.3,86,0
Toyota,TOY489,Diesel,Automatic,Pickup,Blue,1344000.0,1.6,157,196,No,17.2,517,1
Audi,AUD891,Diesel,Manual,Coupe,Blue,7670000.0,3.6,375,276,Yes,15.6,302,1
BMW,BMW346,Diesel,Manual,Coupe,White,4820000.0,2.2,212,241,Yes,12.9,61,0
Toyota,TOY573,Hybrid,Automatic,Coupe,Blue,4130000.0,3.2,152,215,No,29.5,356,1
BMW,BMW625,Petrol,Manual,Pickup,Black,12612000.0,5.0,218,240,No,16.0,235,1
Mahindra,MAH251,Diesel,Automatic,Pickup,Silver,4108000.0,1.5,198,155,No,14.0,359,1
Toyota,TOY663,Diesel,Manual,Coupe,Red,3404000.0,2.1,91,208,Yes,13.8,250,1
Tata,TAT633,Petrol,Manual,Pickup,Green,1892000.0,1.3,83,137,No,17.2,589,1
Maruti Suzuki,MAR605,Petrol,Automatic,Coupe,Red,746000.0,1.5,80,173,Yes,12.6,545,1
Mahindra,MAH211,Petrol,Automatic,Hatchback,Red,1475000.0,1.7,106,181,No,19.9,354,1
Mahindra,MAH893,Diesel,Manual,Pickup,Silver,1512000.0,2.3,151,167,No,14.7,189,1
Toyota,TOY536,Diesel,Automatic,Pickup,White,2491000.0,2.2,138,147,No,12.9,522,1
Maruti Suzuki,MAR607,Electric,Automatic,Hatchback,Red,1089000.0,1.8,68,164,No,29.3,572,1
Mahindra,MAH838,Electric,Manual,SUV,Black,2114000.0,3.5,118,185,No,33.5,446,1
Hyundai,HYU905,Diesel,Manual,Pickup,White,3054000.0,3.4,225,206,No,19.8,413,1
Maruti Suzuki,MAR850,Petrol,Manual,SUV,Blue,1766000.0,1.4,71,148,Yes,19.4,585,1
Kia,KIA949,Petrol,Automatic,Pickup,Blue,2130000.0,3.2,156,150,No,18.8,219,1
Toyota,TOY219,Petrol,Automatic,Sedan,Blue,3254000.0,1.2,125,196,Yes,15.2,165,1
Tata,TAT160,Hybrid,Manual,Sedan,Silver,1229000.0,1.9,115,176,Yes,22.7,533,1
Audi,AUD798,Diesel,Manual,Sedan,White,6980000.0,3.8,187,229,No,17.9,308,1
Kia,KIA331,Petrol,Automatic,Hatchback,Green,3641000.0,1.6,190,154,No,19.6,252,1
Mahindra,MAH986,Petrol,Manual,Pickup,Silver,2093000.0,2.7,166,198,No,14.2,342,1
Maruti Suzuki,MAR128,Diesel,Manual,Coupe,Green,1600000.0,1.2,92,177,No,17.0,673,1
Audi,AUD261,Diesel,Automatic,Hatchback,Silver,10501000.0,2.9,227,192,Yes,18.9,134,0
Mercedes,MER676,Petrol,Automatic,Hatchback,Blue,14374000.0,3.4,207,241,Yes,15.9,30,0
Mahindra,MAH139,Hybrid,Manual,Coupe,Black,2631000.0,2.4,186,212,No,29.0,97,1
Maruti Suzuki,MAR445,Petrol,Manual,Hatchback,Grey,1105000.0,1.6,77,165,No,12.8,679,1
Kia,KIA881,Petrol,Automatic,Pickup,White,2234000.0,2.6,245,181,No,13.5,268,1
Honda,HON626,Petrol,Manual,Sedan,Red,2572000.0,3.1,146,197,Yes,18.2,676,1
Ford,FOR132,Diesel,Manual,Coupe,Silver,2514000.0,2.4,199,191,No,14.2,350,1
Tata,TAT915,Petrol,Manual,SUV,Black,1696000.0,1.7,89,167,No,15.9,552,1
Ford,FOR410,Petrol,Manual,Sedan,Green,2419000.0,2.1,196,211,Yes,13.4,434,1
Mercedes,MER139,Electric,Automatic,Hatchback,Black,10096000.0,2.4,255,228,No,26.2,305,1
Tata,TAT340,Hybrid,Automatic,Pickup,Black,2123000.0,1.2,104,175,Yes,20.9,542,1
Honda,HON336,Diesel,Manual,Pickup,Red,2863000.0,3.3,122,214,Yes,16.2,432,1
Toyota,TOY426,Petrol,Automatic,SUV,Silver,2319000.0,1.8,176,178,No,15.9,261,1
BMW,BMW422,Petrol,Manual,Hatchback,Blue,7346000.0,4.4,309,237,No,18.6,276,1
Toyota,TOY716,Diesel,Manual,SUV,Black,1715000.0,2.8,93,142,No,16.2,441,1
Kia,KIA808,Diesel,Manual,Coupe,Grey,2067000.0,3.4,233,225,Yes,12.5,188,1
Hyundai,HYU780,Hybrid,Automatic,Pickup,Green,2724000.0,1.6,182,174,Yes,29.5,328,1
Ford,FOR185,Hybrid,Automatic,Hatchback,Black,4510000.0,2.5,193,151,Yes,22.2,394,1
Audi,AUD420,Petrol,Manual,Sedan,Grey,8976000.0,3.7,432,204,Yes,13.5,339,1
Hyundai,HYU371,Hybrid,Automatic,Pickup,Black,4255000.0,2.3,156,161,No,28.9,503,1
Toyota,TOY360,Hybrid,Automatic,Sedan,Grey,1428000.0,2.2,118,151,No,23.9,566,1
Ford,FOR259,Hybrid,Manual,Coupe,White,1815000.0,3.4,97,208,No,21.6,272,1
Audi,AUD921,Electric,Manual,Sedan,Grey,14299000.0,4.3,436,228,Yes,26.5,284,1
Toyota,TOY311,Diesel,Manual,SUV,Silver,1737000.0,2.9,124,175,No,19.8,453,1
Maruti Suzuki,MAR619,Hybrid,Automatic,Sedan,White,2058000.0,1.6,104,141,Yes,30.0,649,1
BMW,BMW183,Hybrid,Manual,Pickup,White,8857000.0,3.8,256,187,Yes,25.7,404,1
Kia,KIA517,Petrol,Automatic,Pickup,Blue,2971000.0,2.4,109,175,No,18.5,77,1
Tata,TAT238,Electric,Manual,Coupe,Silver,1089000.0,1.4,89,171,No,34.8,577,1
Ford,FOR526,Diesel,Manual,Pickup,White,3044000.0,2.9,166,198,No,19.0,450,1
Mahindra,MAH933,Petrol,Manual,Coupe,Grey,4383000.0,2.2,227,187,Yes,12.8,605,1
Hyundai,HYU191,Hybrid,Manual,Coupe,Silver,1770000.0,2.3,105,222,No,28.6,647,1
Mercedes,MER446,Hybrid,Manual,Pickup,Black,15569000.0,3.1,448,226,Yes,28.2,212,0
Toyota,TOY674,Petrol,Manual,Coupe,Red,2745000.0,2.8,184,224,No,14.7,598,1
Audi,AUD205,Petrol,Automatic,SUV,Silver,11851000.0,3.7,406,233,Yes,12.9,427,1
Mercedes,MER388,Petrol,Automatic,Sedan,Blue,17078000.0,4.9,426,184,Yes,14.0,30,0
Honda,HON896,Hybrid,Manual,Hatchback,Black,1702000.0,2.6,203,164,No,28.5,550,1
Honda,HON269,Hybrid,Manual,SUV,Green,4665000.0,2.2,245,190,No,24.2,377,1
Maruti Suzuki,MAR625,Petrol,Manual,Hatchback,Blue,1809000.0,1.3,75,159,No,15.1,698,1
Hyundai,HYU140,Petrol,Automatic,Coupe,Blue,2955000.0,3.3,155,229,Yes,19.3,710,1
BMW,BMW489,Hybrid,Manual,Hatchback,Black,16263000.0,3.5,363,208,Yes,26.5,185,0
Ford,FOR442,Diesel,Manual,Pickup,Grey,1882000.0,1.3,184,209,Yes,12.2,109,1
Mercedes,MER810,Diesel,Manual,Coupe,Red,8345000.0,3.4,359,220,Yes,12.5,400,1
Mahindra,MAH794,Electric,Manual,SUV,Black,1541000.0,2.0,196,150,Yes,28.5,311,1
Maruti Suzuki,MAR774,Petrol,Manual,Coupe,Black,1537000.0,2.0,77,149,Yes,15.2,774,1
Maruti Suzuki,MAR315,Petrol,Manual,Coupe,Blue,2236000.0,1.7,82,144,Yes,14.8,633,1
Mercedes,MER365,Petrol,Manual,Sedan,Green,14579000.0,4.2,401,209,Yes,17.7,340,1
Maruti Suzuki,MAR820,Diesel,Manual,Pickup,Silver,1353000.0,1.2,67,149,No,13.3,809,1
Ford,FOR925,Petrol,Manual,Sedan,White,3362000.0,2.7,174,142,Yes,12.5,319,1
Audi,AUD406,Petrol,Manual,Hatchback,Green,12795000.0,4.0,227,244,No,18.4,235,1
Mahindra,MAH651,Electric,Manual,SUV,Grey,2128000.0,2.3,163,167,No,37.3,269,1
Kia,KIA177,Petrol,Automatic,SUV,Blue,2924000.0,2.3,227,157,No,12.8,211,1
Hyundai,HYU527,Petrol,Automatic,Hatchback,Black,2816000.0,1.6,101,174,No,13.8,350,1
Toyota,TOY221,Petrol,Manual,Coupe,Green,1616000.0,2.5,94,247,No,14.7,284,1
Ford,FOR143,Petrol,Manual,Pickup,Grey,3742000.0,3.1,134,199,Yes,18.7,254,1
Hyundai,HYU532,Hybrid,Manual,SUV,Silver,4224000.0,3.2,243,177,No,29.7,637,1
BMW,BMW864,Petrol,Manual,Hatchback,Blue,9918000.0,2.7,318,225,Yes,15.7,30,0
Kia,KIA208,Petrol,Manual,Coupe,White,3415000.0,3.4,169,197,Yes,18.1,582,1
Mahindra,MAH732,Hybrid,Automatic,Coupe,Silver,2498000.0,3.1,99,203,Yes,20.9,336,1
Mercedes,MER774,Petrol,Automatic,Hatchback,Silver,11323000.0,4.6,319,200,No,17.8,103,0
Kia,KIA900,Petrol,Manual,SUV,Blue,3692000.0,3.0,192,153,No,17.4,232,1
Maruti Suzuki,MAR822,Diesel,Manual,Sedan,Red,2081000.0,1.4,96,141,No,12.8,255,1
BMW,BMW692,Diesel,Manual,SUV,Green,11156000.0,3.8,290,207,Yes,18.6,389,1
Toyota,TOY815,Diesel,Manual,SUV,Red,2037000.0,1.7,225,212,No,13.8,368,1
Ford,FOR173,Diesel,Automatic,Hatchback,Blue,1389000.0,1.4,131,200,Yes,16.1,691,1
Toyota,TOY448,Petrol,Manual,SUV,Grey,3891000.0,1.4,201,214,Yes,13.7,219,1
Audi,AUD381,Diesel,Manual,Sedan,Black,14622000.0,4.1,183,196,Yes,16.8,757,1
Toyota,TOY466,Petrol,Manual,Sedan,Silver,2178000.0,2.8,132,171,Yes,15.0,443,1
Tata,TAT110,Hybrid,Automatic,Hatchback,Green,1554000.0,1.1,72,132,Yes,21.1,570,1
Mahindra,MAH534,Petrol,Manual,Pickup,Grey,3828000.0,2.7,166,144,No,19.7,106,1
BMW,BMW603,Petrol,Manual,Sedan,Green,8859000.0,4.0,426,228,Yes,13.7,476,1
Honda,HON263,Hybrid,Automatic,Coupe,Green,3416000.0,1.2,220,231,Yes,21.4,676,1
Maruti Suzuki,MAR675,Hybrid,Manual,Sedan,Black,1172000.0,1.6,89,126,No,20.9,520,1
Audi,AUD126,Petrol,Automatic,Sedan,Black,8704000.0,4.5,345,222,No,15.8,315,1
Mercedes,MER445,Petrol,Manual,Coupe,Green,14121000.0,3.8,441,226,Yes,13.7,225,1
Mercedes,MER980,Petrol,Automatic,Hatchback,Silver,10574000.0,2.3,278,192,Yes,14.7,129,0
Tata,TAT576,Hybrid,Manual,Hatchback,White,2112000.0,1.7,60,135,Yes,20.1,461,1
Ford,FOR144,Electric,Manual,Sedan,Red,4790000.0,2.9,172,204,No,35.6,621,1
Honda,HON672,Diesel,Automatic,Sedan,Blue,2230000.0,2.4,178,176,Yes,13.4,340,1
Mahindra,MAH539,Diesel,Manual,Coupe,Blue,1682000.0,3.3,199,228,Yes,16.6,161,1
BMW,BMW477,Petrol,Automatic,Hatchback,Grey,15140000.0,4.9,283,229,Yes,14.9,138,0
Mercedes,MER169,Hybrid,Automatic,Pickup,Grey,10484000.0,3.5,249,230,No,22.7,138,0
BMW,BMW808,Petrol,Automatic,Hatchback,Green,13932000.0,2.5,279,223,Yes,16.8,399,1
Audi,AUD401,Electric,Manual,Sedan,Blue,17574000.0,3.6,425,239,Yes,39.4,289,1
Mercedes,MER447,Petrol,Manual,Sedan,Red,16962000.0,4.5,306,194,Yes,19.3,55,0
Audi,AUD489,Diesel,Manual,SUV,Silver,10252000.0,4.1,309,185,Yes,13.1,397,1
Hyundai,HYU875,Diesel,Manual,Sedan,Blue,3602000.0,2.0,171,201,No,18.0,778,1
Mercedes,MER904,Petrol,Manual,SUV,Green,7944000.0,3.1,414,246,Yes,15.6,286,1
Tata,TAT619,Petrol,Automatic,Sedan,Red,685000.0,1.3,73,134,No,16.0,351,1
Tata,TAT786,Diesel,Manual,Coupe,White,2081000.0,1.6,95,179,Yes,17.0,532,1
Maruti Suzuki,MAR119,Petrol,Automatic,Pickup,Red,2002000.0,1.3,74,150,No,16.1,710,1
Tata,TAT439,Diesel,Manual,Sedan,Silver,655000.0,1.7,87,161,Yes,15.8,348,1
Ford,FOR314,Petrol,Manual,Pickup,Black,4662000.0,2.0,247,145,No,17.5,544,1
Hyundai,HYU538,Diesel,Automatic,Pickup,Green,3878000.0,3.0,105,205,No,13.7,522,1
Mercedes,MER678,Petrol,Manual,Coupe,Silver,5672000.0,2.7,309,289,Yes,13.7,246,1
Toyota,TOY722,Diesel,Manual,Pickup,White,4747000.0,2.6,200,184,No,18.3,277,1
Ford,FOR763,Diesel,Manual,SUV,Black,4455000.0,2.5,156,208,Yes,19.8,382,1
Mercedes,MER800,Diesel,Manual,SUV,White,14863000.0,3.6,290,225,No,14.2,45,0
Toyota,TOY280,Petrol,Manual,Coupe,Black,2901000.0,3.5,191,241,No,18.5,548,1
Honda,HON720,Petrol,Manual,SUV,Black,2458000.0,2.7,184,189,No,13.3,516,1
Hyundai,HYU779,Petrol,Manual,Sedan,Blue,2227000.0,1.9,186,217,Yes,19.6,439,1
Mercedes,MER376,Petrol,Automatic,Sedan,Black,6567000.0,3.2,405,244,Yes,13.9,45,0
BMW,BMW297,Petrol,Manual,Sedan,Blue,7995000.0,2.7,274,236,Yes,17.2,310,1
Audi,AUD984,Petrol,Manual,Pickup,Red,7214000.0,2.7,182,234,Yes,18.8,457,1
Mercedes,MER350,Diesel,Manual,Hatchback,Blue,14015000.0,2.2,385,183,No,12.8,40,0
Mahindra,MAH277,Hybrid,Automatic,Pickup,Black,3911000.0,2.8,114,158,No,22.9,30,0
Mahindra,MAH822,Petrol,Manual,SUV,White,1810000.0,1.9,206,159,No,18.7,30,1
Mahindra,MAH131,Petrol,Automatic,Hatchback,Grey,2858000.0,2.8,172,140,No,19.4,248,1
Toyota,TOY850,Petrol,Automatic,Coupe,White,1704000.0,3.4,94,233,Yes,16.3,281,1
Kia,KIA340,Diesel,Manual,Pickup,Blue,2489000.0,3.0,232,182,Yes,14.8,351,1
Hyundai,HYU115,Petrol,Automatic,Sedan,Black,1649000.0,2.8,134,144,No,17.3,503,1
Audi,AUD971,Hybrid,Automatic,SUV,Grey,6763000.0,4.1,197,240,Yes,23.1,248,1
Maruti Suzuki,MAR554,Diesel,Manual,Pickup,Green,767000.0,1.8,91,138,No,15.2,809,1
Hyundai,HYU542,Petrol,Manual,Coupe,Silver,3683000.0,2.7,216,224,Yes,15.3,418,1
Toyota,TOY383,Petrol,Manual,Hatchback,Black,2528000.0,1.5,214,200,Yes,14.0,438,1
Audi,AUD482,Diesel,Manual,Pickup,Blue,9718000.0,2.1,283,224,No,12.7,407,1
Honda,HON622,Petrol,Manual,Hatchback,Blue,3333000.0,3.5,204,183,Yes,16.3,481,1
Ford,FOR949,Hybrid,Manual,SUV,White,1528000.0,1.7,119,181,No,22.1,423,1
Mercedes,MER204,Petrol,Automatic,Hatchback,Green,12484000.0,3.6,184,232,Yes,13.5,128,0
Ford,FOR341,Electric,Manual,Pickup,Blue,2388000.0,1.2,248,188,Yes,31.3,509,1
Hyundai,HYU865,Diesel,Manual,Hatchback,Red,1765000.0,2.8,135,219,Yes,19.6,503,1
Audi,AUD302,Hybrid,Manual,Coupe,White,8753000.0,2.2,442,207,No,28.6,166,1
Honda,HON636,Petrol,Manual,Pickup,Grey,3382000.0,2.1,93,140,No,13.6,30,0
Ford,FOR792,Diesel,Manual,Hatchback,Silver,3410000.0,3.0,150,152,Yes,18.4,282,1
Kia,KIA129,Petrol,Manual,Hatchback,Blue,2463000.0,1.9,212,214,Yes,19.3,351,1
Maruti Suzuki,MAR784,Petrol,Manual,Sedan,Grey,775000.0,2.0,72,131,Yes,19.1,429,1
Hyundai,HYU632,Petrol,Automatic,Hatchback,Black,4348000.0,2.8,109,178,No,18.5,391,1
Mahindra,MAH837,Hybrid,Automatic,Sedan,Red,2171000.0,3.2,174,196,Yes,23.7,331,1
Hyundai,HYU889,Hybrid,Automatic,SUV,White,3349000.0,3.4,142,193,No,21.7,592,1
Maruti Suzuki,MAR172,Petrol,Manual,Hatchback,Green,1964000.0,1.7,69,134,No,19.3,543,1
Honda,HON291,Petrol,Manual,Sedan,Silver,2440000.0,3.1,135,215,Yes,19.3,377,1
Honda,HON344,Petrol,Manual,Sedan,White,2822000.0,2.5,142,186,Yes,13.4,366,1
BMW,BMW566,Electric,Manual,Hatchback,Blue,6211000.0,3.7,319,228,Yes,34.7,235,1
Kia,KIA676,Diesel,Automatic,Coupe,Grey,1576000.0,2.7,198,216,No,17.5,491,1
Maruti Suzuki,MAR407,Diesel,Automatic,Hatchback,Red,1072000.0,1.1,99,134,No,15.7,110,1
Mercedes,MER396,Hybrid,Manual,SUV,Silver,12709000.0,2.1,447,230,No,24.3,30,0
Hyundai,HYU256,Petrol,Automatic,Sedan,Black,1884000.0,1.4,197,165,Yes,13.8,750,1
Hyundai,HYU718,Electric,Manual,Coupe,Grey,3876000.0,2.7,228,195,Yes,34.6,290,1
Hyundai,HYU292,Diesel,Manual,Sedan,White,1814000.0,2.5,183,157,No,15.1,505,1
Ford,FOR863,Diesel,Manual,Hatchback,Silver,3077000.0,3.3,170,198,Yes,18.6,390,1
Hyundai,HYU388,Petrol,Manual,Hatchback,Green,2020000.0,1.7,211,200,No,12.5,409,1
Toyota,TOY495,Hybrid,Manual,Sedan,White,4233000.0,2.2,238,219,No,27.8,153,1
Toyota,TOY922,Diesel,Manual,Pickup,Black,3131000.0,2.1,100,185,Yes,14.9,601,1
Tata,TAT354,Petrol,Manual,Coupe,Silver,1389000.0,1.8,83,129,No,15.7,340,1
Hyundai,HYU616,Petrol,Manual,Hatchback,Black,4456000.0,3.0,122,171,Yes,19.4,496,1
Hyundai,HYU518,Petrol,Automatic,Hatchback,Silver,2255000.0,2.5,155,146,No,17.0,468,1
Hyundai,HYU250,Petrol,Automatic,Hatchback,Red,1803000.0,2.6,171,179,Yes,12.5,406,1
Mercedes,MER673,Petrol,Automatic,Pickup,White,11143000.0,3.8,343,181,Yes,13.0,490,1
BMW,BMW545,Electric,Manual,SUV,Green,9096000.0,4.0,335,233,No,36.1,196,1
Maruti Suzuki,MAR984,Petrol,Automatic,Pickup,Green,1176000.0,1.8,74,147,Yes,13.6,752,1
Honda,HON445,Diesel,Manual,Hatchback,White,3921000.0,2.1,123,195,Yes,14.0,426,1
Audi,AUD665,Petrol,Manual,Pickup,Green,13941000.0,3.0,397,242,Yes,18.3,329,1
Toyota,TOY841,Petrol,Automatic,Pickup,Black,3933000.0,1.4,237,189,No,19.0,247,1
Audi,AUD295,Electric,Automatic,Sedan,White,12172000.0,2.3,367,208,No,27.3,344,1
Mahindra,MAH996,Petrol,Automatic,Pickup,Grey,5235000.0,3.3,232,203,No,17.5,186,1
Mahindra,MAH511,Petrol,Automatic,Pickup,Black,4797000.0,3.2,209,214,Yes,16.4,344,1
Kia,KIA861,Hybrid,Manual,SUV,Grey,3134000.0,3.4,164,191,Yes,23.7,556,1
Audi,AUD711,Hybrid,Automatic,Hatchback,Black,12495000.0,3.5,261,225,No,29.1,378,1
Maruti Suzuki,MAR681,Petrol,Automatic,Pickup,Blue,552000.0,1.1,67,175,Yes,17.3,615,1
Kia,KIA641,Diesel,Automatic,Hatchback,Grey,2900000.0,3.0,115,170,No,15.7,435,1
Maruti Suzuki,MAR759,Petrol,Manual,Sedan,Blue,1025000.0,1.4,64,131,Yes,14.7,517,1
Tata,TAT964,Diesel,Automatic,Hatchback,White,1099000.0,1.1,93,156,Yes,18.9,576,1
Kia,KIA841,Diesel,Automatic,SUV,Grey,3512000.0,1.9,111,152,No,19.8,308,1
BMW,BMW618,Petrol,Manual,Hatchback,Grey,6915000.0,3.5,236,236,No,16.6,265,1
Mahindra,MAH582,Hybrid,Manual,Sedan,Black,3167000.0,2.3,130,187,Yes,27.2,313,1
Hyundai,HYU194,Petrol,Manual,Hatchback,Silver,3684000.0,1.5,177,167,Yes,17.6,201,1
Toyota,TOY108,Petrol,Automatic,Hatchback,Red,1458000.0,2.7,106,145,Yes,17.8,518,1
Hyundai,HYU678,Petrol,Manual,SUV,Red,3175000.0,2.4,203,165,Yes,12.3,592,1
Mahindra,MAH968,Diesel,Automatic,Coupe,Silver,1937000.0,1.7,143,246,No,18.4,78,1
Toyota,TOY703,Diesel,Automatic,Pickup,Blue,3448000.0,3.2,164,180,Yes,13.1,346,1
Mercedes,MER629,Hybrid,Manual,Coupe,Black,10070000.0,3.2,274,306,Yes,20.6,210,1
BMW,BMW414,Petrol,Automatic,Sedan,Green,13419000.0,2.6,356,241,No,13.1,348,1
Kia,KIA249,Petrol,Manual,Sedan,Silver,1636000.0,1.9,115,148,No,17.4,446,1
Mercedes,MER556,Petrol,Automatic,Pickup,White,15145000.0,4.0,212,220,Yes,15.1,33,0
Kia,KIA523,Petrol,Manual,Sedan,Red,2568000.0,1.9,238,199,Yes,13.1,52,1
Mercedes,MER782,Petrol,Automatic,Pickup,Grey,18563000.0,4.9,266,204,Yes,16.8,160,0
Mahindra,MAH310,Petrol,Automatic,SUV,Grey,2794000.0,1.7,195,166,No,17.2,527,1
Maruti Suzuki,MAR444,Petrol,Manual,SUV,White,1706000.0,1.5,102,147,No,12.9,467,1
Kia,KIA922,Electric,Manual,Sedan,Green,1731000.0,1.8,100,196,No,30.5,275,1
Maruti Suzuki,MAR370,Petrol,Manual,Pickup,White,950000.0,1.2,87,173,Yes,13.5,885,1
Hyundai,HYU555,Diesel,Manual,Pickup,Silver,3643000.0,3.4,191,175,No,17.7,600,1
Ford,FOR388,Diesel,Automatic,SUV,White,4391000.0,2.4,222,216,No,16.0,531,1
Maruti Suzuki,MAR962,Hybrid,Automatic,Pickup,White,1632000.0,1.6,106,169,Yes,20.3,728,1
Tata,TAT368,Electric,Manual,SUV,Blue,1714000.0,1.7,62,146,Yes,37.3,605,1
Mercedes,MER633,Diesel,Manual,Coupe,Grey,15860000.0,2.7,336,296,No,18.0,173,0
Mercedes,MER420,Petrol,Automatic,SUV,Silver,15972000.0,4.3,375,233,No,15.4,206,0
Mercedes,MER964,Petrol,Automatic,Sedan,White,18911000.0,4.3,336,245,Yes,19.3,239,0
Maruti Suzuki,MAR791,Diesel,Manual,SUV,Silver,1382000.0,1.3,75,150,Yes,16.6,795,1
Maruti Suzuki,MAR822,Petrol,Manual,Coupe,Black,1048000.0,1.9,93,151,No,15.5,761,1
Maruti Suzuki,MAR313,Hybrid,Manual,Pickup,Grey,1604000.0,1.6,91,130,Yes,22.8,392,1
Audi,AUD616,Diesel,Manual,SUV,Silver,12659000.0,4.4,296,194,No,12.7,121,0
Hyundai,HYU441,Petrol,Manual,SUV,Blue,1830000.0,2.8,123,180,No,14.4,824,1
BMW,BMW317,Diesel,Manual,Sedan,Silver,15219000.0,2.7,293,247,Yes,14.5,44,0
BMW,BMW111,Hybrid,Manual,Pickup,Black,8043000.0,3.9,427,211,Yes,26.3,412,1
Mercedes,MER666,Diesel,Automatic,Coupe,Blue,12930000.0,3.2,346,231,No,15.0,363,1
Hyundai,HYU729,Petrol,Manual,Pickup,Red,2489000.0,2.7,124,160,No,17.2,524,1
Kia,KIA680,Petrol,Automatic,Coupe,Grey,3659000.0,2.3,143,243,No,13.1,493,1
Mercedes,MER568,Petrol,Automatic,Pickup,Grey,16140000.0,4.8,376,201,Yes,14.8,367,1
Hyundai,HYU467,Petrol,Manual,Pickup,Grey,2537000.0,1.3,236,145,Yes,17.6,658,1
Ford,FOR626,Diesel,Manual,Hatchback,Silver,3231000.0,2.9,138,199,No,14.7,422,1
Mercedes,MER311,Petrol,Manual,Pickup,White,14239000.0,2.5,265,214,Yes,18.2,81,0
Ford,FOR273,Petrol,Automatic,Sedan,Silver,1791000.0,1.9,167,183,Yes,15.4,451,1
Honda,HON632,Diesel,Manual,Pickup,Silver,3704000.0,2.2,241,160,No,17.0,224,1
BMW,BMW219,Petrol,Automatic,Sedan,Silver,9445000.0,3.1,226,213,Yes,15.1,365,1
Kia,KIA545,Petrol,Automatic,SUV,Green,1935000.0,2.2,157,150,Yes,13.0,551,1
Tata,TAT590,Petrol,Automatic,SUV,Silver,1943000.0,1.1,67,123,No,16.3,643,1
Mahindra,MAH905,Petrol,Manual,Hatchback,Blue,3446000.0,2.1,217,194,No,19.9,271,1
Kia,KIA748,Diesel,Manual,Hatchback,White,2849000.0,1.9,129,152,Yes,14.6,411,1
Audi,AUD900,Hybrid,Manual,Coupe,Silver,14724000.0,4.9,330,263,No,20.4,262,1
Hyundai,HYU628,Petrol,Manual,Sedan,Red,2105000.0,2.2,249,164,Yes,14.2,684,1
Kia,KIA176,Petrol,Automatic,Pickup,Black,1729000.0,2.6,104,201,No,19.4,215,1
Hyundai,HYU439,Petrol,Manual,Pickup,Red,3495000.0,3.1,176,209,Yes,18.4,569,1
Mercedes,MER256,Petrol,Manual,Hatchback,Red,8325000.0,3.9,182,207,No,13.9,178,1
Mahindra,MAH278,Hybrid,Automatic,Sedan,Green,3835000.0,2.9,213,198,Yes,22.9,397,1
Audi,AUD217,Diesel,Automatic,Coupe,Silver,14245000.0,3.6,341,200,Yes,14.1,222,1
Maruti Suzuki,MAR450,Petrol,Manual,Sedan,Black,1213000.0,1.2,68,132,No,16.4,655,1
Mahindra,MAH323,Diesel,Manual,Sedan,White,3973000.0,2.0,141,185,No,14.9,266,1
Tata,TAT902,Petrol,Automatic,Sedan,Silver,1421000.0,1.5,106,153,No,13.9,613,1
Hyundai,HYU943,Diesel,Manual,Sedan,Black,2139000.0,3.4,218,141,Yes,18.6,629,1
Audi,AUD929,Petrol,Manual,Sedan,White,5957000.0,4.3,233,230,No,12.1,631,1
Audi,AUD813,Diesel,Manual,SUV,Black,12354000.0,2.1,243,198,Yes,13.3,30,0
Kia,KIA975,Petrol,Manual,Pickup,Silver,4629000.0,2.5,180,157,Yes,15.3,326,1
Hyundai,HYU688,Petrol,Automatic,Pickup,Red,1904000.0,3.0,142,200,Yes,15.0,570,1
Toyota,TOY551,Diesel,Automatic,SUV,Green,1844000.0,2.4,235,140,Yes,13.3,462,1
Audi,AUD479,Petrol,Manual,Sedan,White,17615000.0,4.7,370,249,Yes,12.7,536,1
Hyundai,HYU800,Petrol,Manual,Pickup,Silver,4133000.0,3.0,236,168,Yes,12.3,620,1
Hyundai,HYU360,Diesel,Manual,Coupe,Black,2532000.0,2.7,124,236,Yes,13.8,550,1
Mercedes,MER525,Petrol,Manual,Pickup,Black,14497000.0,3.0,382,210,Yes,13.4,157,0
Toyota,TOY108,Hybrid,Manual,Sedan,White,1776000.0,2.8,151,213,No,25.4,204,1
Ford,FOR634,Diesel,Automatic,Sedan,Green,1930000.0,2.6,183,203,Yes,13.6,154,1
Maruti Suzuki,MAR310,Diesel,Automatic,Coupe,Grey,989000.0,1.1,77,145,Yes,19.7,775,1
Audi,AUD214,Hybrid,Manual,Hatchback,White,8164000.0,2.4,249,197,No,25.8,344,1
BMW,BMW284,Diesel,Manual,SUV,Red,11831000.0,4.6,446,204,Yes,17.6,86,0
BMW,BMW605,Diesel,Manual,SUV,Red,16137000.0,2.6,378,204,No,14.9,334,1
Ford,FOR153,Petrol,Automatic,Pickup,Blue,2934000.0,3.2,112,144,Yes,15.2,372,1
BMW,BMW876,Hybrid,Automatic,Coupe,Blue,16888000.0,4.6,380,309,Yes,27.5,197,0
Honda,HON870,Electric,Manual,Pickup,White,3965000.0,1.6,169,219,No,35.2,508,1
Tata,TAT343,Petrol,Manual,SUV,Black,794000.0,1.0,75,174,No,17.3,609,1
BMW,BMW588,Hybrid,Manual,Coupe,Silver,17914000.0,3.3,432,255,No,22.0,107,0
Tata,TAT353,Petrol,Automatic,Pickup,Silver,608000.0,1.3,113,152,No,17.1,430,1
Tata,TAT223,Hybrid,Automatic,SUV,Black,2150000.0,1.5,110,139,Yes,29.8,530,1
Hyundai,HYU290,Hybrid,Automatic,Sedan,Grey,3123000.0,1.6,152,165,No,20.9,493,1
Kia,KIA611,Petrol,Automatic,Coupe,Blue,3692000.0,3.5,179,218,No,12.3,356,1
Audi,AUD759,Diesel,Manual,Coupe,White,18283000.0,4.6,271,265,No,16.4,78,0
Audi,AUD692,Petrol,Manual,Pickup,Grey,15445000.0,4.1,393,181,Yes,19.5,243,1
Audi,AUD972,Electric,Manual,Sedan,Green,14863000.0,3.5,197,196,No,33.7,134,0
Hyundai,HYU622,Petrol,Automatic,Coupe,Black,1637000.0,2.2,142,237,No,12.9,421,1
Kia,KIA342,Petrol,Manual,Coupe,Grey,3084000.0,1.7,187,227,No,12.6,602,1
Audi,AUD137,Electric,Manual,SUV,Red,15323000.0,4.6,197,222,Yes,33.9,258,1
Mahindra,MAH264,Petrol,Manual,SUV,White,4172000.0,2.8,94,146,Yes,17.8,371,1
Maruti Suzuki,MAR767,Petrol,Manual,Hatchback,Black,1426000.0,1.1,96,168,Yes,18.0,476,1
Ford,FOR896,Hybrid,Automatic,Hatchback,Green,4695000.0,3.2,140,205,Yes,21.6,220,1
Mahindra,MAH946,Diesel,Automatic,Sedan,Green,1734000.0,1.6,104,208,No,16.6,400,1
Ford,FOR901,Electric,Manual,SUV,Silver,3606000.0,1.4,193,197,No,35.7,280,1
Hyundai,HYU254,Petrol,Manual,Sedan,White,3247000.0,1.6,140,207,No,19.2,499,1
Tata,TAT860,Petrol,Manual,Pickup,Silver,1089000.0,1.3,84,142,No,16.5,648,1
Honda,HON509,Hybrid,Manual,Pickup,Blue,2016000.0,3.4,239,214,No,28.8,277,1
Audi,AUD681,Petrol,Automatic,Hatchback,White,5478000.0,2.3,267,215,Yes,19.9,349,1
Mahindra,MAH633,Hybrid,Manual,SUV,Grey,2899000.0,2.4,201,154,Yes,29.3,34,0
Maruti Suzuki,MAR814,Petrol,Manual,SUV,Silver,2140000.0,1.6,89,154,No,18.0,634,1
Toyota,TOY613,Hybrid,Manual,Pickup,White,2259000.0,3.2,243,185,No,26.8,348,1
Mahindra,MAH229,Petrol,Manual,Pickup,Black,4662000.0,2.8,157,194,Yes,16.2,447,1
Honda,HON221,Petrol,Automatic,Sedan,Silver,1940000.0,3.0,180,203,Yes,13.2,683,1
Tata,TAT460,Petrol,Manual,SUV,Grey,2382000.0,1.9,111,134,Yes,18.7,533,1
Ford,FOR297,Diesel,Manual,SUV,Black,1690000.0,1.7,107,208,No,12.9,289,1
BMW,BMW646,Petrol,Automatic,Coupe,Grey,13430000.0,4.6,292,265,No,13.3,163,0
Toyota,TOY660,Petrol,Manual,Sedan,Silver,2016000.0,1.5,155,187,No,14.3,311,1
Toyota,TOY665,Diesel,Manual,Hatchback,Silver,2649000.0,2.1,236,192,Yes,12.3,483,1
Mercedes,MER863,Petrol,Manual,Coupe,Silver,5277000.0,2.6,265,258,No,18.7,50,0
Audi,AUD359,Electric,Manual,SUV,Blue,9430000.0,2.0,437,189,Yes,29.3,30,0
Audi,AUD706,Electric,Automatic,Coupe,White,8061000.0,3.5,431,212,Yes,31.6,457,1
Maruti Suzuki,MAR343,Petrol,Manual,Coupe,Silver,1423000.0,1.9,84,150,No,17.6,746,1
Hyundai,HYU447,Petrol,Automatic,Pickup,Grey,2696000.0,1.6,140,147,Yes,15.5,411,1
Ford,FOR936,Petrol,Manual,Sedan,Silver,3647000.0,3.3,144,157,Yes,19.1,389,1
Toyota,TOY919,Hybrid,Automatic,Pickup,Black,3142000.0,1.4,155,193,Yes,25.7,568,1
Ford,FOR479,Petrol,Manual,SUV,White,3852000.0,1.9,203,219,No,15.1,647,1
Hyundai,HYU482,Petrol,Manual,Pickup,Grey,3496000.0,1.8,135,214,No,12.2,536,1
Audi,AUD890,Diesel,Manual,Sedan,Blue,10119000.0,3.9,232,184,No,15.0,30,0
Honda,HON762,Petrol,Manual,Hatchback,Silver,3166000.0,2.5,186,183,Yes,14.0,413,1
Mahindra,MAH167,Diesel,Manual,Pickup,Black,2102000.0,2.9,134,179,Yes,14.6,323,1
Mahindra,MAH998,Hybrid,Manual,Hatchback,Red,3154000.0,2.0,249,168,No,26.3,344,1
Honda,HON510,Diesel,Manual,Coupe,Black,3238000.0,2.5,169,236,No,12.4,574,1
Mercedes,MER510,Diesel,Automatic,Pickup,Grey,17854000.0,3.8,409,180,No,19.0,254,0
Kia,KIA790,Petrol,Manual,Hatchback,Red,2926000.0,2.8,190,153,No,16.1,256,1
Honda,HON530,Diesel,Manual,Coupe,White,2436000.0,2.5,208,185,Yes,16.1,224,1
Tata,TAT650,Petrol,Manual,Pickup,White,2086000.0,1.5,70,126,No,16.3,629,1
Mahindra,MAH693,Electric,Manual,Sedan,Red,2168000.0,1.6,94,185,No,34.0,344,1
Audi,AUD280,Petrol,Manual,SUV,White,20458000.0,4.9,419,236,No,13.7,93,0
Mahindra,MAH279,Petrol,Automatic,Sedan,Red,1938000.0,2.2,189,208,No,13.9,627,1
Hyundai,HYU586,Electric,Manual,Sedan,White,2635000.0,2.2,126,218,Yes,32.1,504,1
Hyundai,HYU885,Hybrid,Manual,Pickup,Green,2872000.0,1.7,172,160,No,22.0,256,1
Hyundai,HYU164,Electric,Manual,Pickup,White,3380000.0,1.3,96,210,Yes,26.9,732,1
Mahindra,MAH106,Petrol,Automatic,Coupe,White,1416000.0,1.6,221,236,Yes,14.7,313,1
Maruti Suzuki,MAR733,Petrol,Automatic,SUV,Grey,2004000.0,1.1,108,130,Yes,15.1,912,1
Honda,HON745,Petrol,Manual,SUV,Blue,2203000.0,2.8,198,183,No,17.6,635,1
Mahindra,MAH482,Diesel,Manual,Hatchback,Green,2013000.0,2.2,114,174,No,17.6,393,1
Honda,HON214,Hybrid,Automatic,SUV,Silver,3631000.0,2.8,139,192,No,23.7,425,1
Mahindra,MAH857,Hybrid,Manual,Pickup,Silver,3742000.0,2.9,235,175,No,23.6,368,1
BMW,BMW369,Petrol,Manual,Coupe,Red,10751000.0,3.0,356,311,No,13.0,388,1
Maruti Suzuki,MAR966,Petrol,Automatic,SUV,Silver,776000.0,1.5,111,174,Yes,16.1,621,1
Honda,HON333,Petrol,Manual,Hatchback,Blue,1387000.0,1.4,183,149,Yes,13.2,561,1
Toyota,TOY668,Petrol,Automatic,SUV,Silver,3398000.0,1.4,121,206,Yes,17.8,521,1
BMW,BMW272,Diesel,Manual,SUV,Green,18453000.0,5.0,413,216,Yes,14.5,539,1
Honda,HON274,Petrol,Manual,SUV,Blue,2477000.0,3.0,104,202,No,12.3,595,1
Ford,FOR380,Diesel,Manual,Pickup,Red,3040000.0,3.2,103,181,No,13.3,232,1
Kia,KIA183,Diesel,Manual,Sedan,Red,2402000.0,2.3,184,202,No,13.8,437,1
Honda,HON995,Diesel,Manual,Sedan,Red,1721000.0,2.3,115,195,Yes,16.6,436,1
Tata,TAT199,Diesel,Manual,Hatchback,Green,1984000.0,1.0,79,160,Yes,12.4,507,1
Audi,AUD992,Petrol,Manual,SUV,Blue,6166000.0,2.2,337,242,Yes,16.4,30,0
Mercedes,MER625,Petrol,Manual,Coupe,Blue,5857000.0,2.1,419,212,Yes,20.0,366,1
Kia,KIA239,Electric,Manual,Pickup,Silver,2204000.0,2.8,241,168,No,36.0,149,1
Maruti Suzuki,MAR399,Diesel,Automatic,Sedan,Grey,939000.0,1.8,75,136,Yes,20.0,446,1
Ford,FOR291,Petrol,Manual,Hatchback,White,2626000.0,2.2,248,169,Yes,14.9,270,1
Honda,HON452,Diesel,Automatic,Hatchback,Green,2208000.0,2.2,202,143,Yes,15.0,587,1
Audi,AUD543,Diesel,Automatic,SUV,Blue,9529000.0,2.7,356,200,No,16.9,30,0
Tata,TAT323,Petrol,Automatic,SUV,Grey,947000.0,1.2,63,157,Yes,17.4,503,1
Toyota,TOY547,Petrol,Automatic,Hatchback,Grey,2180000.0,2.6,247,145,Yes,15.9,248,1
Mercedes,MER504,Petrol,Manual,Pickup,Red,10329000.0,2.2,320,181,Yes,17.8,148,1
Honda,HON181,Petrol,Manual,Sedan,Green,2773000.0,2.3,121,168,Yes,13.5,327,1
Maruti Suzuki,MAR248,Petrol,Automatic,SUV,Blue,1572000.0,1.3,99,152,No,15.4,695,1
Maruti Suzuki,MAR635,Petrol,Manual,Sedan,Grey,1708000.0,1.4,109,163,Yes,16.3,486,1
Ford,FOR755,Petrol,Manual,Coupe,Grey,3087000.0,2.0,176,225,Yes,17.2,358,1
Maruti Suzuki,MAR707,Petrol,Manual,Sedan,Grey,1679000.0,1.7,66,131,Yes,17.0,816,1
Ford,FOR473,Petrol,Manual,SUV,Silver,1699000.0,1.6,179,180,Yes,14.1,274,1
Honda,HON893,Petrol,Manual,Sedan,Grey,2167000.0,1.3,95,147,Yes,16.6,388,1
Honda,HON151,Petrol,Manual,Hatchback,Grey,1726000.0,2.8,226,151,No,15.1,542,1
Hyundai,HYU604,Petrol,Manual,Pickup,Grey,1782000.0,1.4,193,217,Yes,17.4,544,1
Mahindra,MAH916,Petrol,Manual,Pickup,Blue,3620000.0,1.7,108,196,Yes,15.0,343,1
Mahindra,MAH535,Diesel,Manual,Coupe,Blue,2447000.0,2.7,143,220,No,14.4,197,1
Mercedes,MER790,Diesel,Automatic,Pickup,Red,11416000.0,2.1,393,223,No,13.5,355,1
Honda,HON961,Diesel,Automatic,SUV,White,2010000.0,1.8,182,183,No,14.2,550,1
Mahindra,MAH770,Diesel,Manual,Coupe,Grey,1580000.0,2.2,184,221,Yes,12.2,350,1
Mercedes,MER814,Petrol,Manual,Hatchback,Grey,7482000.0,2.2,333,225,No,13.3,30,0
BMW,BMW586,Hybrid,Automatic,Coupe,Blue,14359000.0,2.6,328,293,Yes,28.3,69,0
BMW,BMW424,Petrol,Automatic,Sedan,Green,13905000.0,2.9,402,231,No,17.6,296,1
Audi,AUD566,Petrol,Automatic,Sedan,Silver,16265000.0,4.5,327,201,No,17.4,270,1
BMW,BMW845,Diesel,Automatic,Hatchback,Black,16180000.0,4.0,435,205,Yes,12.3,359,1
Toyota,TOY797,Diesel,Manual,Coupe,Black,2530000.0,3.1,143,235,Yes,12.6,457,1
Honda,HON238,Petrol,Automatic,Coupe,Blue,3629000.0,2.8,168,228,Yes,19.4,661,1
Maruti Suzuki,MAR960,Petrol,Manual,Sedan,Silver,1053000.0,2.0,63,141,No,14.4,215,1
Honda,HON661,Petrol,Automatic,SUV,Red,2850000.0,3.3,148,213,No,15.4,460,1
Toyota,TOY986,Diesel,Manual,SUV,White,2332000.0,2.2,157,160,No,14.3,574,1
Tata,TAT414,Petrol,Manual,Hatchback,Green,880000.0,1.3,97,143,No,17.7,313,1
Maruti Suzuki,MAR776,Petrol,Automatic,Hatchback,Blue,1236000.0,1.7,73,130,Yes,15.0,579,1
Tata,TAT287,Petrol,Automatic,Coupe,Blue,2021000.0,1.6,117,174,No,13.2,483,1
Mahindra,MAH120,Hybrid,Manual,Pickup,Silver,2872000.0,2.4,111,149,Yes,20.5,225,1
Tata,TAT453,Diesel,Automatic,Pickup,Grey,2020000.0,1.9,66,132,Yes,12.7,367,1
Tata,TAT685,Diesel,Manual,Hatchback,Red,1198000.0,1.5,100,150,No,19.6,339,1
Kia,KIA253,Hybrid,Manual,Sedan,Grey,1829000.0,3.0,143,170,Yes,27.1,376,1
Kia,KIA184,Diesel,Manual,Hatchback,Red,3946000.0,2.9,141,200,No,18.3,403,1
Kia,KIA413,Diesel,Manual,Sedan,Green,3246000.0,2.4,211,205,No,14.7,430,1
Tata,TAT874,Diesel,Automatic,Sedan,Black,974000.0,1.7,71,125,No,16.6,577,1
Tata,TAT797,Petrol,Manual,Sedan,Red,1985000.0,1.0,109,150,Yes,18.9,587,1
Ford,FOR453,Diesel,Manual,Coupe,White,1798000.0,1.9,128,231,Yes,13.2,418,1
Ford,FOR298,Petrol,Manual,Pickup,Black,2268000.0,3.2,202,210,Yes,13.1,116,1
Toyota,TOY544,Hybrid,Manual,Pickup,Grey,1372000.0,1.9,150,147,No,25.7,291,1
Mahindra,MAH840,Diesel,Manual,Hatchback,Red,2415000.0,1.3,202,198,No,18.7,376,1
Mercedes,MER513,Hybrid,Manual,Pickup,White,16545000.0,3.7,300,180,Yes,27.1,197,0
Toyota,TOY286,Petrol,Manual,Sedan,Silver,3609000.0,3.4,185,219,Yes,18.8,381,1
Audi,AUD159,Diesel,Automatic,SUV,Red,8649000.0,4.4,392,194,No,18.1,298,1
Mercedes,MER274,Petrol,Manual,Pickup,Green,11307000.0,2.3,315,245,Yes,16.1,30,0
Audi,AUD689,Petrol,Automatic,SUV,Green,13725000.0,4.7,227,208,No,13.3,249,1
Ford,FOR593,Electric,Manual,Coupe,Black,3226000.0,2.4,241,208,No,33.5,299,1
Audi,AUD550,Diesel,Automatic,SUV,Green,14078000.0,4.3,269,191,Yes,16.0,360,1
Hyundai,HYU238,Diesel,Manual,Sedan,White,2602000.0,1.8,245,180,Yes,18.9,636,1
Toyota,TOY987,Petrol,Manual,Hatchback,Silver,2674000.0,2.3,184,203,No,18.8,482,1
Mercedes,MER575,Hybrid,Manual,Sedan,Black,8110000.0,4.7,433,221,No,21.9,230,1
Mercedes,MER150,Electric,Automatic,Coupe,White,15056000.0,4.4,203,272,No,32.2,396,1
Mercedes,MER331,Petrol,Automatic,Sedan,Silver,14823000.0,2.9,235,242,No,13.2,30,0
Kia,KIA383,Diesel,Manual,Sedan,Red,3234000.0,2.6,156,217,No,13.1,508,1
Audi,AUD954,Diesel,Manual,Hatchback,White,10519000.0,3.3,350,208,No,12.8,233,1
Maruti Suzuki,MAR582,Electric,Manual,Hatchback,Grey,1106000.0,1.4,72,126,No,27.2,690,1
Maruti Suzuki,MAR156,Petrol,Automatic,SUV,Grey,822000.0,1.2,85,157,No,17.0,809,1
Mahindra,MAH170,Electric,Manual,Sedan,Blue,2008000.0,3.1,115,166,No,32.4,122,1
Tata,TAT598,Petrol,Manual,Sedan,White,1530000.0,1.6,66,145,Yes,19.4,536,1
Mercedes,MER890,Petrol,Manual,Pickup,Green,10337000.0,2.3,234,197,No,15.9,350,1
Ford,FOR867,Diesel,Automatic,Sedan,Blue,3433000.0,2.3,110,175,No,13.3,248,1
Hyundai,HYU165,Hybrid,Manual,Sedan,White,2936000.0,2.8,126,146,Yes,25.6,626,1
Kia,KIA908,Petrol,Automatic,Sedan,Red,1731000.0,2.6,210,166,Yes,15.9,342,1
Honda,HON546,Diesel,Manual,SUV,Green,4305000.0,1.6,203,192,No,19.0,566,1
BMW,BMW133,Petrol,Manual,Coupe,White,5895000.0,2.8,215,311,Yes,15.4,210,1
Audi,AUD301,Diesel,Automatic,Hatchback,Red,7084000.0,2.9,341,239,No,15.1,328,1
Mahindra,MAH338,Diesel,Automatic,Coupe,Black,4145000.0,1.8,200,231,Yes,14.2,289,1
Honda,HON650,Petrol,Manual,Sedan,Blue,1880000.0,3.3,242,198,Yes,17.8,413,1
Tata,TAT759,Hybrid,Automatic,Pickup,Blue,955000.0,1.1,108,153,No,26.8,432,1
Tata,TAT604,Petrol,Automatic,Sedan,Grey,858000.0,1.8,87,169,No,15.5,708,1
BMW,BMW188,Petrol,Automatic,Coupe,Grey,8102000.0,2.5,380,268,No,15.2,699,1
Kia,KIA838,Petrol,Manual,Pickup,Black,2042000.0,2.1,136,171,No,16.0,278,1
Toyota,TOY553,Petrol,Manual,Coupe,Black,1885000.0,2.1,151,200,Yes,20.0,431,1
BMW,BMW642,Petrol,Manual,Coupe,Black,9280000.0,4.5,426,248,No,18.6,157,1
Hyundai,HYU348,Petrol,Automatic,Sedan,Blue,1935000.0,1.5,140,167,Yes,15.2,363,1
Honda,HON978,Petrol,Manual,Hatchback,Silver,3099000.0,1.8,92,179,No,15.6,183,1
Audi,AUD714,Diesel,Manual,Pickup,Grey,5920000.0,2.4,317,196,No,19.0,294,1
Audi,AUD321,Petrol,Manual,Sedan,Blue,11271000.0,3.1,184,213,No,13.7,245,1
Kia,KIA461,Hybrid,Manual,Hatchback,White,3354000.0,2.5,132,145,No,27.6,521,1
Maruti Suzuki,MAR250,Electric,Manual,Pickup,Black,1011000.0,1.7,67,137,No,34.8,642,1
Hyundai,HYU153,Petrol,Manual,Hatchback,Green,3997000.0,1.9,217,194,No,14.8,553,1
BMW,BMW295,Petrol,Automatic,Coupe,Silver,13228000.0,3.5,302,301,Yes,14.4,409,1
Toyota,TOY482,Petrol,Manual,Coupe,Grey,1797000.0,3.2,222,205,Yes,13.5,316,1
Audi,AUD731,Petrol,Manual,Hatchback,Red,9893000.0,2.3,341,181,No,17.0,284,1
Tata,TAT609,Petrol,Manual,Coupe,Red,1642000.0,1.5,70,126,Yes,14.5,822,1
Ford,FOR586,Hybrid,Automatic,Pickup,Green,1579000.0,2.8,204,175,Yes,23.4,270,1
BMW,BMW456,Petrol,Automatic,SUV,Black,18591000.0,4.4,445,206,Yes,19.3,224,0
Honda,HON397,Diesel,Manual,Sedan,Black,2896000.0,2.2,190,153,Yes,18.9,329,1
Mercedes,MER300,Hybrid,Manual,Hatchback,Black,12095000.0,4.7,180,224,No,24.1,454,1
Mahindra,MAH434,Hybrid,Manual,Coupe,Black,2069000.0,1.7,202,216,No,22.3,305,1
BMW,BMW218,Diesel,Manual,SUV,Black,11867000.0,3.4,366,180,Yes,16.7,468,1
Audi,AUD855,Petrol,Automatic,SUV,Blue,15309000.0,3.3,272,187,No,14.7,343,1
Tata,TAT356,Diesel,Manual,SUV,Blue,749000.0,1.8,108,145,Yes,14.1,445,1
Mahindra,MAH664,Petrol,Manual,Coupe,Black,2993000.0,1.8,126,181,Yes,16.6,387,1
Mahindra,MAH987,Hybrid,Manual,Pickup,Green,1532000.0,1.2,106,165,Yes,26.7,336,1
Mercedes,MER345,Petrol,Manual,Sedan,White,8185000.0,3.0,238,197,No,12.6,172,1
BMW,BMW162,Petrol,Manual,SUV,Silver,10531000.0,4.6,365,241,No,12.8,30,0
Toyota,TOY559,Diesel,Automatic,Pickup,Black,4295000.0,3.4,220,142,Yes,14.5,362,1
Kia,KIA358,Diesel,Automatic,Sedan,Black,1242000.0,1.3,102,162,No,14.4,114,1
Honda,HON637,Hybrid,Manual,Hatchback,Silver,3230000.0,1.5,115,190,Yes,25.7,203,1
Toyota,TOY987,Petrol,Automatic,Sedan,Red,2043000.0,3.2,142,169,Yes,15.4,491,1
Mahindra,MAH335,Diesel,Automatic,Sedan,Black,2670000.0,1.8,234,164,Yes,17.6,30,0
Mercedes,MER278,Petrol,Automatic,Hatchback,Black,9091000.0,3.3,243,232,Yes,17.9,30,0
Maruti Suzuki,MAR842,Hybrid,Automatic,Coupe,Black,1834000.0,1.1,99,148,Yes,27.4,1006,1
Toyota,TOY367,Hybrid,Manual,Sedan,White,1599000.0,2.6,179,207,Yes,26.8,243,1
Audi,AUD961,Petrol,Manual,Hatchback,Green,13111000.0,4.6,200,219,Yes,12.9,210,1
Mahindra,MAH944,Diesel,Manual,SUV,Green,1656000.0,2.8,199,188,No,18.9,301,1
BMW,BMW553,Diesel,Automatic,Coupe,Green,10367000.0,4.2,421,282,No,18.3,418,1
Mahindra,MAH540,Diesel,Manual,Coupe,Red,2351000.0,1.9,228,223,Yes,13.9,594,1
Honda,HON617,Petrol,Automatic,SUV,Green,2029000.0,2.7,96,164,No,17.4,488,1
Maruti Suzuki,MAR383,Diesel,Manual,Coupe,Black,826000.0,1.2,112,160,No,16.0,506,1
Mahindra,MAH625,Electric,Automatic,Sedan,Blue,2938000.0,1.6,167,172,Yes,32.2,130,1
Toyota,TOY713,Petrol,Manual,SUV,Silver,1732000.0,1.4,244,218,No,15.4,492,1
Tata,TAT861,Diesel,Manual,SUV,Silver,749000.0,1.3,78,155,No,16.6,671,1
Kia,KIA355,Hybrid,Automatic,Pickup,Blue,4868000.0,3.0,227,211,No,28.0,183,1
Maruti Suzuki,MAR987,Petrol,Manual,Hatchback,Green,1550000.0,1.7,83,170,No,19.7,502,1
Toyota,TOY125,Petrol,Manual,Coupe,Red,3373000.0,2.3,224,181,No,13.0,471,1
Audi,AUD534,Petrol,Manual,Hatchback,Blue,11397000.0,4.7,274,224,Yes,17.1,356,1
Kia,KIA747,Electric,Manual,Hatchback,Grey,2062000.0,1.9,236,154,Yes,27.6,215,1
BMW,BMW787,Diesel,Automatic,Sedan,Black,15006000.0,2.3,346,203,No,18.4,243,1
Tata,TAT477,Diesel,Automatic,Pickup,Red,1592000.0,1.4,119,123,Yes,16.6,313,1
Mahindra,MAH945,Diesel,Automatic,SUV,Black,1780000.0,2.0,149,199,Yes,18.9,152,1
Tata,TAT487,Hybrid,Automatic,Coupe,Green,1869000.0,1.6,105,164,No,24.8,313,1
Toyota,TOY367,Petrol,Manual,Hatchback,Black,3996000.0,3.4,182,213,Yes,12.1,258,1
Mahindra,MAH561,Hybrid,Manual,Coupe,Grey,4344000.0,3.2,190,245,Yes,25.9,186,1
Mahindra,MAH826,Diesel,Manual,Coupe,Blue,3249000.0,3.3,101,222,No,18.2,196,1
Ford,FOR971,Petrol,Manual,Coupe,White,1590000.0,1.5,148,199,No,13.6,299,1
Tata,TAT670,Petrol,Manual,Coupe,Blue,1655000.0,1.7,102,151,No,19.6,458,1
Toyota,TOY746,Hybrid,Automatic,Pickup,Red,4557000.0,3.4,152,210,No,27.6,287,1
Maruti Suzuki,MAR643,Diesel,Automatic,Hatchback,White,1581000.0,1.1,77,150,No,17.4,554,1
Toyota,TOY163,Hybrid,Manual,Sedan,Grey,4545000.0,2.6,197,164,No,26.9,567,1
Toyota,TOY318,Diesel,Automatic,Pickup,Blue,2609000.0,2.3,159,204,No,19.6,370,1
Mercedes,MER462,Petrol,Manual,Pickup,Green,10010000.0,3.4,370,242,No,15.9,158,1
Toyota,TOY936,Petrol,Manual,SUV,Blue,2912000.0,2.2,119,142,Yes,17.5,275,1
Toyota,TOY845,Petrol,Manual,SUV,Green,5120000.0,3.3,199,207,No,14.0,312,1
Honda,HON617,Petrol,Manual,Sedan,White,4273000.0,3.4,227,182,No,18.3,474,1
Tata,TAT876,Petrol,Automatic,Pickup,Blue,2091000.0,1.2,107,136,No,19.0,378,1
Tata,TAT635,Petrol,Manual,Coupe,Green,884000.0,1.6,110,136,Yes,18.7,582,1
BMW,BMW285,Petrol,Automatic,Hatchback,Green,16009000.0,3.7,354,182,Yes,14.9,147,0
BMW,BMW484,Petrol,Manual,Pickup,Black,10551000.0,3.1,376,221,Yes,19.3,181,1
Mahindra,MAH883,Petrol,Manual,Hatchback,Green,1686000.0,1.3,175,140,No,18.3,30,1
Mercedes,MER505,Petrol,Manual,SUV,Silver,9539000.0,3.1,296,181,Yes,12.7,455,1
Tata,TAT682,Petrol,Automatic,Hatchback,White,1387000.0,1.2,106,136,Yes,12.8,398,1
Honda,HON333,Petrol,Manual,Coupe,Silver,1361000.0,1.5,141,201,No,18.4,261,1
BMW,BMW287,Petrol,Manual,SUV,Red,13070000.0,2.6,213,224,Yes,18.4,484,1
Honda,HON992,Diesel,Automatic,Coupe,Green,3657000.0,1.3,198,200,No,12.6,363,1
Kia,KIA419,Diesel,Automatic,Pickup,Silver,2829000.0,1.6,207,199,No,18.7,316,1
Ford,FOR426,Petrol,Manual,Hatchback,Blue,3504000.0,2.1,175,181,Yes,13.3,97,1
Hyundai,HYU606,Petrol,Manual,Hatchback,Green,3492000.0,2.2,219,195,No,12.9,834,1
Honda,HON746,Diesel,Manual,Pickup,Blue,1754000.0,3.0,125,180,No,19.5,434,1
Toyota,TOY277,Hybrid,Automatic,Coupe,Silver,2873000.0,2.2,91,189,Yes,25.8,58,1
Audi,AUD786,Diesel,Manual,Coupe,Grey,16011000.0,3.0,325,268,No,16.2,234,1
Mahindra,MAH477,Diesel,Manual,Hatchback,Green,3014000.0,2.0,235,176,No,16.2,218,1
Ford,FOR566,Petrol,Automatic,Sedan,Grey,3980000.0,2.4,195,201,Yes,19.0,379,1
Mahindra,MAH659,Petrol,Manual,SUV,Silver,2760000.0,3.1,131,192,Yes,12.8,81,1
Toyota,TOY488,Diesel,Manual,Hatchback,Silver,3094000.0,1.3,124,172,No,15.1,555,1
Kia,KIA786,Diesel,Automatic,Hatchback,Black,2015000.0,3.5,135,197,No,13.8,308,1
Tata,TAT153,Diesel,Manual,Hatchback,Black,1920000.0,1.3,60,151,Yes,16.2,640,1
Mahindra,MAH321,Diesel,Manual,Sedan,Green,1777000.0,1.7,215,142,Yes,15.9,590,1
Maruti Suzuki,MAR539,Hybrid,Manual,Sedan,Grey,635000.0,1.6,60,135,Yes,25.0,646,1
Maruti Suzuki,MAR957,Hybrid,Automatic,Pickup,Black,1907000.0,1.1,70,160,No,23.7,737,1
Ford,FOR440,Petrol,Automatic,Hatchback,Green,1665000.0,2.2,150,163,Yes,20.0,351,1
Hyundai,HYU275,Petrol,Manual,Hatchback,Blue,3816000.0,2.1,222,179,No,19.0,419,1
Mahindra,MAH635,Petrol,Manual,Sedan,Blue,2138000.0,2.4,136,151,No,20.0,189,1
Kia,KIA398,Electric,Manual,Hatchback,White,4671000.0,2.7,232,214,No,35.1,505,1
Tata,TAT733,Petrol,Manual,Hatchback,Green,1418000.0,1.1,82,146,Yes,19.5,507,1
Mercedes,MER851,Petrol,Automatic,SUV,White,15579000.0,4.6,384,201,Yes,17.7,141,0
Tata,TAT730,Diesel,Automatic,Hatchback,Green,1979000.0,1.6,109,135,Yes,18.0,306,1
Mahindra,MAH980,Diesel,Automatic,SUV,Silver,2080000.0,2.5,159,184,No,13.1,510,1
Mahindra,MAH266,Petrol,Automatic,Hatchback,White,3223000.0,2.5,171,215,Yes,19.5,124,1
Mahindra,MAH699,Petrol,Manual,Hatchback,Red,2480000.0,2.0,178,147,Yes,14.4,190,1
Mahindra,MAH691,Diesel,Manual,Hatchback,Black,3119000.0,2.1,117,211,No,19.0,193,1
Mercedes,MER755,Diesel,Automatic,Sedan,Black,13829000.0,3.2,195,187,Yes,14.2,262,1
Ford,FOR507,Diesel,Automatic,Hatchback,Silver,5033000.0,3.1,206,187,No,18.2,303,1
Mahindra,MAH373,Diesel,Automatic,Pickup,Silver,4213000.0,2.6,114,153,Yes,16.7,396,1
Tata,TAT580,Petrol,Automatic,Sedan,Blue,1566000.0,1.7,60,149,No,15.4,460,1
BMW,BMW546,Petrol,Manual,SUV,Red,15110000.0,3.1,443,226,Yes,17.3,331,1
BMW,BMW469,Hybrid,Manual,Sedan,Blue,6934000.0,3.4,207,223,Yes,24.7,170,1
Tata,TAT339,Petrol,Manual,Hatchback,Red,1674000.0,1.7,97,137,Yes,18.7,413,1
Tata,TAT106,Petrol,Automatic,Sedan,White,2142000.0,1.3,91,160,Yes,13.0,941,1
Tata,TAT637,Diesel,Manual,Hatchback,Silver,1191000.0,1.8,74,149,Yes,17.0,679,1
Hyundai,HYU263,Petrol,Manual,Sedan,Silver,4149000.0,2.1,203,198,No,14.4,684,1
Mahindra,MAH393,Petrol,Automatic,Coupe,Silver,4677000.0,3.2,136,227,No,17.7,461,1
Mahindra,MAH725,Hybrid,Manual,Hatchback,Black,3532000.0,2.7,125,172,Yes,24.3,269,1
Tata,TAT174,Petrol,Manual,SUV,Grey,1750000.0,1.6,65,138,Yes,15.8,633,1
Tata,TAT890,Petrol,Manual,Sedan,Red,1291000.0,1.1,77,135,Yes,18.2,630,1
Toyota,TOY442,Petrol,Manual,Hatchback,White,2050000.0,2.3,197,217,No,20.0,525,1
Maruti Suzuki,MAR483,Petrol,Manual,Coupe,Black,2120000.0,2.0,86,144,Yes,15.7,719,1
BMW,BMW618,Petrol,Automatic,Sedan,Black,15600000.0,4.3,415,211,Yes,14.9,358,1
Honda,HON636,Petrol,Manual,Coupe,White,1870000.0,2.1,136,191,Yes,16.6,309,1
Tata,TAT324,Electric,Manual,Pickup,White,1169000.0,1.5,71,166,No,29.7,315,1
Audi,AUD416,Hybrid,Manual,Pickup,Blue,10867000.0,3.4,323,247,No,29.0,132,0
Mercedes,MER646,Diesel,Manual,Sedan,Blue,11704000.0,2.1,345,186,No,17.7,366,1
Mercedes,MER114,Diesel,Automatic,Coupe,Green,16358000.0,3.3,304,270,Yes,13.6,145,0
Ford,FOR302,Petrol,Manual,SUV,Silver,3973000.0,2.2,116,201,No,13.8,379,1
Tata,TAT552,Petrol,Manual,Coupe,Blue,1728000.0,1.6,99,126,No,15.8,332,1
Tata,TAT210,Hybrid,Automatic,Hatchback,Red,1208000.0,2.0,62,137,No,29.4,516,1
Mahindra,MAH118,Petrol,Manual,Pickup,White,2688000.0,3.1,98,155,No,15.9,183,1
Hyundai,HYU210,Petrol,Automatic,Hatchback,Silver,2138000.0,2.8,221,196,No,15.5,538,1
Maruti Suzuki,MAR363,Diesel,Manual,Coupe,Black,648000.0,1.1,83,176,No,19.3,343,1
Honda,HON661,Petrol,Manual,Coupe,Silver,2446000.0,1.5,118,206,No,13.7,486,1
Ford,FOR839,Hybrid,Manual,Hatchback,Red,3234000.0,1.9,214,202,Yes,24.9,261,1
Mahindra,MAH628,Petrol,Manual,SUV,White,1978000.0,3.3,196,159,No,16.9,558,1
Mercedes,MER247,Diesel,Manual,Sedan,Grey,11959000.0,3.5,378,222,Yes,12.6,30,0
Hyundai,HYU816,Hybrid,Manual,SUV,Grey,1545000.0,1.9,158,162,No,26.5,642,1
Kia,KIA816,Diesel,Manual,Hatchback,Silver,3569000.0,1.5,194,216,Yes,13.5,211,1
Toyota,TOY922,Petrol,Automatic,Coupe,Grey,4429000.0,2.6,184,183,No,18.0,668,1
Mahindra,MAH110,Diesel,Manual,Hatchback,Grey,3794000.0,2.4,132,151,No,13.3,273,1
BMW,BMW663,Hybrid,Manual,Pickup,Grey,13984000.0,2.4,283,203,Yes,28.7,273,1
Ford,FOR655,Petrol,Manual,Coupe,Grey,3798000.0,3.2,105,197,Yes,13.1,348,1
Honda,HON351,Petrol,Manual,Coupe,Red,2881000.0,2.9,117,189,Yes,16.9,432,1
Mercedes,MER596,Diesel,Automatic,Pickup,Grey,6757000.0,4.0,326,225,Yes,14.2,30,0
Tata,TAT914,Hybrid,Manual,Sedan,Blue,1106000.0,1.8,103,154,No,26.3,571,1
Kia,KIA808,Petrol,Automatic,Sedan,Red,4057000.0,1.6,199,217,No,14.5,563,1
Tata,TAT165,Petrol,Manual,Coupe,Silver,609000.0,1.7,60,172,Yes,12.5,318,1
Honda,HON977,Petrol,Manual,Pickup,Black,2381000.0,3.3,209,167,No,14.3,676,1
Maruti Suzuki,MAR663,Electric,Automatic,Pickup,Grey,1892000.0,1.8,102,158,No,28.4,666,1
BMW,BMW806,Petrol,Manual,Pickup,White,12034000.0,3.5,333,237,Yes,17.9,343,1
Toyota,TOY725,Petrol,Manual,Hatchback,Red,4191000.0,2.4,189,208,Yes,13.9,713,1
Mahindra,MAH826,Petrol,Automatic,Sedan,Green,3505000.0,1.2,124,158,No,14.6,154,1
Kia,KIA277,Petrol,Automatic,Coupe,Silver,2535000.0,2.6,231,224,No,13.9,401,1
Honda,HON772,Petrol,Automatic,Coupe,Black,2148000.0,2.0,216,231,No,16.6,592,1
Mahindra,MAH403,Hybrid,Manual,Pickup,Red,1965000.0,3.0,139,201,No,26.5,173,1
Hyundai,HYU780,Diesel,Manual,Pickup,White,1626000.0,1.8,115,189,Yes,16.8,446,1
Honda,HON686,Hybrid,Manual,Sedan,Blue,3557000.0,2.7,220,213,Yes,22.3,336,1
BMW,BMW245,Diesel,Manual,Pickup,White,7510000.0,4.0,311,233,No,15.4,273,1
Kia,KIA644,Petrol,Automatic,Coupe,Blue,1877000.0,3.2,103,193,Yes,14.2,585,1
Audi,AUD436,Petrol,Manual,Pickup,Black,14330000.0,4.5,311,248,No,18.4,251,1
Tata,TAT286,Petrol,Manual,Pickup,Grey,1271000.0,1.4,115,161,No,17.0,554,1
Tata,TAT627,Hybrid,Automatic,Sedan,Grey,832000.0,1.3,93,121,No,24.4,732,1
Mercedes,MER727,Hybrid,Manual,SUV,Red,11892000.0,2.5,197,238,Yes,26.2,270,1
Toyota,TOY557,Petrol,Automatic,Hatchback,Grey,3262000.0,2.0,150,152,No,18.7,325,1
Mahindra,MAH362,Hybrid,Automatic,Coupe,Green,3267000.0,2.5,231,181,Yes,20.7,481,1
Toyota,TOY188,Diesel,Manual,Pickup,Black,1768000.0,1.5,113,216,Yes,17.5,614,1
Ford,FOR147,Petrol,Automatic,SUV,Blue,3048000.0,1.9,159,147,No,20.0,447,1
BMW,BMW407,Hybrid,Manual,Pickup,Blue,11955000.0,3.5,249,195,Yes,25.5,454,1
Mahindra,MAH618,Petrol,Manual,Hatchback,Silver,1506000.0,1.4,179,213,No,19.3,468,1
Mercedes,MER717,Diesel,Manual,SUV,Black,19228000.0,4.6,362,194,Yes,12.6,240,0
Mahindra,MAH936,Petrol,Manual,Pickup,White,1506000.0,2.6,95,199,Yes,17.7,437,1
Toyota,TOY454,Diesel,Manual,Sedan,White,3826000.0,1.7,150,150,No,18.2,407,1
Ford,FOR460,Petrol,Manual,SUV,White,3158000.0,3.3,123,195,No,19.9,271,1
Mahindra,MAH791,Diesel,Automatic,Hatchback,White,2715000.0,1.6,94,166,Yes,14.1,330,1
Hyundai,HYU678,Hybrid,Manual,Hatchback,Green,3926000.0,2.1,207,141,No,20.1,754,1
BMW,BMW771,Diesel,Manual,Coupe,Blue,14933000.0,3.1,195,223,No,19.2,30,0
Honda,HON112,Petrol,Manual,Sedan,Grey,3616000.0,3.0,109,150,No,12.9,395,1
Toyota,TOY318,Diesel,Automatic,Pickup,White,3472000.0,2.4,177,155,No,17.1,467,1
Mercedes,MER355,Diesel,Automatic,Hatchback,Red,6447000.0,5.0,187,183,No,14.6,121,1
Kia,KIA703,Petrol,Automatic,Hatchback,Green,2314000.0,1.2,102,188,Yes,13.6,457,1
Mercedes,MER937,Petrol,Manual,Hatchback,Blue,16110000.0,4.4,409,189,No,15.6,201,0
Honda,HON524,Diesel,Automatic,Hatchback,Green,4466000.0,2.2,223,179,Yes,12.9,295,1
Audi,AUD607,Diesel,Manual,Coupe,Black,6103000.0,2.1,232,307,No,17.2,357,1
Honda,HON251,Petrol,Automatic,Pickup,Blue,2646000.0,1.7,238,181,No,15.8,661,1
BMW,BMW613,Hybrid,Automatic,SUV,Green,18402000.0,3.2,410,240,No,22.3,609,1
Ford,FOR453,Electric,Manual,Pickup,Grey,4561000.0,3.4,236,215,Yes,25.5,347,1
Kia,KIA775,Petrol,Manual,Coupe,White,3176000.0,1.7,120,236,No,15.3,295,1
Mahindra,MAH477,Petrol,Manual,SUV,Red,1943000.0,2.3,153,178,Yes,19.5,345,1
Hyundai,HYU583,Diesel,Manual,Coupe,White,3095000.0,1.9,117,209,No,15.6,324,1
Ford,FOR630,Diesel,Manual,SUV,Green,3448000.0,1.4,179,189,Yes,13.7,447,1
Ford,FOR916,Diesel,Manual,Hatchback,Blue,4201000.0,2.6,193,179,Yes,19.3,211,1
Audi,AUD749,Diesel,Manual,SUV,Green,6972000.0,2.2,224,249,No,15.3,477,1
Ford,FOR122,Hybrid,Automatic,Hatchback,Blue,3808000.0,1.6,158,216,Yes,20.9,464,1
Maruti Suzuki,MAR148,Electric,Manual,Coupe,White,2285000.0,1.8,111,159,No,28.3,625,1
Audi,AUD927,Hybrid,Manual,SUV,Black,16147000.0,4.9,322,198,Yes,25.7,99,0
Tata,TAT102,Hybrid,Manual,Sedan,Green,1801000.0,1.6,96,138,Yes,21.6,598,1
Maruti Suzuki,MAR969,Petrol,Manual,Sedan,Green,1607000.0,1.6,80,137,No,14.8,668,1
Mahindra,MAH402,Diesel,Automatic,Coupe,Grey,4154000.0,3.2,170,216,No,13.6,298,1
Mercedes,MER600,Petrol,Manual,Hatchback,Green,14775000.0,3.3,380,208,No,12.9,266,1
Kia,KIA529,Diesel,Manual,Hatchback,Silver,2276000.0,1.8,238,192,Yes,12.9,280,1
BMW,BMW798,Petrol,Manual,Pickup,Blue,7208000.0,2.8,340,232,No,14.2,186,1
Honda,HON162,Electric,Manual,Coupe,Grey,3176000.0,2.4,239,209,Yes,31.7,480,1
Mercedes,MER606,Petrol,Manual,Coupe,White,6897000.0,3.9,236,209,Yes,20.0,99,1
Kia,KIA132,Diesel,Manual,Sedan,Silver,3620000.0,3.1,100,148,Yes,12.7,285,1
Honda,HON646,Petrol,Manual,SUV,Black,1679000.0,2.7,184,193,No,16.0,479,1
Mahindra,MAH205,Petrol,Manual,Pickup,Blue,4469000.0,2.3,216,172,Yes,15.5,497,1
Honda,HON597,Hybrid,Manual,Hatchback,Green,3679000.0,1.4,180,198,No,27.5,265,1
Audi,AUD531,Petrol,Automatic,SUV,Black,9502000.0,4.7,279,235,Yes,12.3,575,1
Honda,HON332,Petrol,Manual,Coupe,Green,2143000.0,2.0,197,202,No,12.3,368,1
Ford,FOR516,Petrol,Manual,Pickup,White,1941000.0,1.7,213,172,No,15.2,239,1
Toyota,TOY597,Petrol,Automatic,SUV,Green,4681000.0,2.2,238,163,No,15.2,548,1
Tata,TAT655,Diesel,Automatic,Hatchback,Grey,1516000.0,1.2,107,149,No,12.1,166,1
Mahindra,MAH259,Diesel,Automatic,Hatchback,Green,3358000.0,3.0,130,143,No,18.5,273,1
Mahindra,MAH254,Petrol,Manual,Coupe,Grey,4810000.0,2.7,232,235,No,12.2,382,1
Honda,HON887,Diesel,Manual,SUV,Green,1549000.0,2.4,110,176,Yes,19.6,434,1
Maruti Suzuki,MAR415,Petrol,Automatic,Pickup,Blue,1203000.0,1.6,71,135,No,18.9,317,1
Mercedes,MER152,Petrol,Automatic,SUV,Black,17415000.0,4.4,388,212,No,17.8,75,0
Tata,TAT535,Diesel,Manual,Pickup,Black,1171000.0,1.2,83,137,No,16.8,464,1
Maruti Suzuki,MAR441,Diesel,Automatic,SUV,Red,1212000.0,1.7,90,175,No,12.7,766,1
Hyundai,HYU451,Petrol,Automatic,Coupe,Blue,4098000.0,2.1,138,192,No,14.1,731,1
Hyundai,HYU749,Petrol,Automatic,Sedan,White,3125000.0,3.1,135,152,No,14.2,492,1
Mahindra,MAH721,Diesel,Automatic,SUV,Blue,2245000.0,3.3,90,188,Yes,19.3,412,1
Toyota,TOY432,Diesel,Automatic,SUV,Blue,2480000.0,1.2,125,213,No,12.1,596,1
Hyundai,HYU133,Petrol,Manual,Sedan,White,3813000.0,2.3,127,187,Yes,14.1,478,1
Hyundai,HYU125,Petrol,Manual,Coupe,Green,2280000.0,3.1,114,180,No,14.7,832,1
Audi,AUD496,Hybrid,Automatic,Coupe,White,16001000.0,4.0,349,279,Yes,22.7,237,1
Tata,TAT933,Diesel,Manual,Hatchback,White,1187000.0,1.6,63,137,No,15.3,317,1
Audi,AUD949,Petrol,Manual,Hatchback,White,15397000.0,3.4,424,206,No,16.2,700,1
Toyota,TOY289,Diesel,Manual,Hatchback,Black,1479000.0,1.9,228,166,No,14.0,278,1
Mercedes,MER768,Petrol,Automatic,SUV,Green,11069000.0,2.9,283,235,No,17.3,212,1
Hyundai,HYU603,Petrol,Manual,SUV,Green,2998000.0,2.5,212,199,Yes,13.5,398,1
Ford,FOR567,Petrol,Manual,Pickup,Silver,1649000.0,1.2,117,204,No,16.4,151,1
Mercedes,MER535,Petrol,Manual,Coupe,Green,10596000.0,3.8,379,242,No,15.7,221,1
Audi,AUD916,Petrol,Manual,Pickup,Red,9626000.0,3.3,294,224,No,16.6,151,1
Ford,FOR946,Diesel,Manual,Hatchback,Black,2455000.0,1.2,189,210,No,18.2,381,1
BMW,BMW517,Diesel,Manual,Sedan,Blue,7344000.0,2.1,288,200,Yes,14.1,30,0
Honda,HON613,Diesel,Manual,Sedan,Blue,3776000.0,1.7,110,150,No,18.5,347,1
Tata,TAT865,Hybrid,Manual,Coupe,Red,957000.0,1.7,76,178,No,25.4,559,1
Audi,AUD356,Diesel,Manual,Pickup,Grey,8484000.0,4.6,266,200,Yes,14.6,154,1
Tata,TAT749,Petrol,Manual,SUV,Red,1163000.0,1.0,109,140,No,14.0,577,1
Mahindra,MAH988,Petrol,Manual,Sedan,Silver,3572000.0,2.8,220,167,Yes,18.5,159,1
Mahindra,MAH947,Diesel,Manual,SUV,Red,4191000.0,2.5,186,214,No,16.5,287,1
Honda,HON909,Petrol,Automatic,Pickup,White,1546000.0,3.2,135,180,No,13.6,606,1
Mahindra,MAH371,Diesel,Automatic,SUV,Black,3002000.0,2.6,221,167,Yes,16.5,129,1
Ford,FOR928,Diesel,Manual,Coupe,Red,4057000.0,2.8,176,206,Yes,15.3,61,1
Toyota,TOY232,Petrol,Manual,Pickup,Silver,3555000.0,1.5,244,202,Yes,14.4,272,1
Tata,TAT656,Petrol,Automatic,Coupe,Silver,692000.0,1.7,104,177,Yes,14.0,631,1
Audi,AUD822,Petrol,Automatic,Sedan,Green,6414000.0,4.3,214,228,Yes,16.3,106,1
BMW,BMW381,Petrol,Manual,Coupe,Silver,14089000.0,2.1,258,208,No,19.0,382,1
Audi,AUD680,Diesel,Manual,Hatchback,Silver,7180000.0,3.5,287,202,Yes,18.2,606,1
BMW,BMW471,Petrol,Manual,Hatchback,Grey,7252000.0,3.9,402,243,No,18.0,357,1
Toyota,TOY492,Diesel,Manual,SUV,Blue,1752000.0,1.5,192,208,Yes,12.5,166,1
BMW,BMW576,Hybrid,Automatic,SUV,Blue,6715000.0,3.7,238,222,No,22.1,267,1
BMW,BMW826,Hybrid,Manual,Pickup,Grey,17858000.0,4.1,401,198,Yes,28.9,98,0
Maruti Suzuki,MAR114,Petrol,Automatic,Pickup,Green,1268000.0,1.9,88,136,Yes,14.1,481,1
Toyota,TOY271,Diesel,Automatic,Pickup,Black,3919000.0,1.8,143,158,Yes,12.0,418,1
BMW,BMW932,Electric,Automatic,SUV,Silver,15241000.0,3.8,398,182,Yes,38.9,343,1
Toyota,TOY982,Hybrid,Manual,SUV,Silver,1909000.0,2.9,182,168,Yes,20.8,361,1
Mercedes,MER529,Diesel,Manual,Sedan,Blue,11324000.0,2.1,315,222,No,17.9,30,0
BMW,BMW605,Petrol,Manual,Sedan,Grey,17525000.0,4.8,443,246,No,19.0,57,0
Mercedes,MER510,Hybrid,Automatic,Pickup,Silver,18578000.0,3.1,436,233,No,21.7,289,1
Audi,AUD820,Hybrid,Manual,Sedan,Black,8243000.0,4.2,218,237,Yes,27.9,438,1
Mercedes,MER998,Petrol,Automatic,Sedan,Green,17288000.0,2.5,424,203,No,15.3,537,1
BMW,BMW912,Diesel,Manual,Hatchback,Grey,19581000.0,3.8,430,197,Yes,15.2,166,0
Honda,HON943,Diesel,Automatic,Coupe,Grey,3103000.0,1.9,246,230,Yes,15.8,418,1
Kia,KIA574,Petrol,Automatic,Sedan,Grey,1542000.0,2.4,190,218,No,12.3,595,1
Maruti Suzuki,MAR743,Hybrid,Automatic,Hatchback,Red,1306000.0,1.1,68,156,No,22.3,614,1
Kia,KIA398,Petrol,Manual,Coupe,White,1920000.0,2.3,90,240,No,12.1,599,1
Hyundai,HYU740,Petrol,Automatic,Coupe,Blue,1632000.0,2.6,245,239,No,14.0,624,1
Hyundai,HYU779,Hybrid,Automatic,SUV,White,3777000.0,2.0,159,149,Yes,21.5,370,1
Hyundai,HYU329,Petrol,Automatic,SUV,Black,2692000.0,1.4,122,158,No,15.6,549,1
Hyundai,HYU960,Petrol,Automatic,Sedan,Black,3901000.0,1.3,190,206,Yes,14.5,457,1
BMW,BMW690,Hybrid,Manual,Pickup,Silver,6713000.0,2.1,353,218,No,22.3,328,1
Ford,FOR569,Petrol,Manual,Hatchback,Silver,2334000.0,2.9,129,194,No,12.9,461,1
Honda,HON679,Diesel,Manual,Hatchback,Red,3365000.0,1.7,181,153,Yes,17.8,522,1
Hyundai,HYU603,Petrol,Manual,SUV,Grey,1343000.0,1.5,179,218,Yes,17.3,605,1
Tata,TAT814,Petrol,Manual,Pickup,Green,1102000.0,1.1,69,141,Yes,17.7,492,1
Honda,HON154,Electric,Automatic,Sedan,Green,3740000.0,1.6,161,143,No,25.6,475,1
Kia,KIA647,Diesel,Automatic,SUV,Green,4730000.0,3.1,174,182,Yes,18.0,529,1
Toyota,TOY585,Diesel,Automatic,SUV,Blue,3295000.0,2.7,244,177,Yes,15.3,291,1
Tata,TAT884,Petrol,Automatic,Coupe,Silver,2259000.0,1.9,119,153,No,14.8,363,1
BMW,BMW728,Hybrid,Automatic,SUV,White,15559000.0,4.7,436,180,Yes,23.2,366,1
Honda,HON843,Electric,Automatic,SUV,Silver,4265000.0,2.4,219,208,No,31.6,350,1
Audi,AUD466,Petrol,Automatic,SUV,Silver,13822000.0,3.1,389,243,No,14.3,30,0
Maruti Suzuki,MAR509,Petrol,Manual,Coupe,Grey,2257000.0,1.6,112,126,Yes,14.0,423,1
Maruti Suzuki,MAR394,Diesel,Automatic,Hatchback,Blue,913000.0,1.9,85,177,Yes,16.7,439,1
Tata,TAT832,Petrol,Manual,Sedan,Grey,849000.0,1.5,119,153,Yes,12.0,523,1
Mahindra,MAH981,Hybrid,Manual,Pickup,Grey,2512000.0,1.9,238,212,Yes,25.1,594,1
Ford,FOR225,Petrol,Automatic,Sedan,Silver,1872000.0,1.4,115,181,Yes,14.5,341,1
Audi,AUD121,Petrol,Manual,SUV,Blue,16300000.0,4.7,338,230,No,14.9,163,0
Kia,KIA535,Petrol,Manual,Pickup,Silver,3274000.0,2.9,206,173,No,16.3,380,1
Tata,TAT178,Petrol,Automatic,SUV,Green,1651000.0,1.8,66,151,Yes,19.7,598,1
Mercedes,MER795,Diesel,Automatic,Sedan,Red,9754000.0,2.9,342,195,Yes,16.4,239,1
Ford,FOR971,Petrol,Manual,Sedan,Black,3177000.0,2.2,151,159,No,14.6,177,1
Hyundai,HYU751,Petrol,Manual,Pickup,Silver,2948000.0,1.8,215,196,No,14.2,349,1
BMW,BMW137,Petrol,Manual,Hatchback,Silver,6402000.0,3.1,439,228,No,18.9,317,1
Mahindra,MAH661,Petrol,Manual,Sedan,Grey,1529000.0,1.4,91,216,No,14.4,30,1
Audi,AUD479,Petrol,Manual,SUV,Silver,13707000.0,2.9,324,249,No,15.6,118,0
Tata,TAT937,Petrol,Manual,Hatchback,Black,1526000.0,1.5,108,136,Yes,13.4,425,1
Toyota,TOY879,Petrol,Automatic,Sedan,Green,4471000.0,2.7,180,145,No,17.8,625,1
Maruti Suzuki,MAR683,Diesel,Automatic,Coupe,Silver,1700000.0,1.6,76,176,No,14.6,520,1
BMW,BMW895,Electric,Manual,Hatchback,Red,13397000.0,2.3,203,227,Yes,27.7,478,1
Kia,KIA345,Electric,Manual,Hatchback,Red,4478000.0,3.1,139,211,No,25.6,458,1
Ford,FOR556,Hybrid,Automatic,Sedan,Black,3692000.0,2.0,119,156,Yes,25.1,362,1
Ford,FOR867,Petrol,Automatic,Pickup,Green,2852000.0,1.3,156,206,No,15.6,474,1
Honda,HON371,Petrol,Manual,Hatchback,Grey,2006000.0,2.2,168,180,Yes,16.1,352,1
Mercedes,MER468,Electric,Automatic,Sedan,White,8409000.0,3.5,310,194,Yes,39.8,67,0
Mercedes,MER341,Hybrid,Automatic,Sedan,White,12176000.0,4.5,190,214,No,24.0,272,1
Hyundai,HYU199,Hybrid,Automatic,Pickup,White,2221000.0,2.1,247,197,Yes,23.0,335,1
Tata,TAT327,Electric,Automatic,SUV,Green,1679000.0,1.9,93,164,No,31.8,589,1
Tata,TAT243,Petrol,Automatic,Hatchback,White,1519000.0,1.7,108,159,No,19.8,580,1
Kia,KIA942,Petrol,Manual,Hatchback,Red,3753000.0,1.8,159,185,Yes,15.7,442,1
Toyota,TOY199,Petrol,Manual,Coupe,Black,3374000.0,1.3,123,241,No,12.5,301,1
Honda,HON325,Diesel,Manual,Sedan,Blue,4119000.0,2.5,242,158,Yes,19.0,268,1
Mahindra,MAH623,Petrol,Manual,SUV,Blue,2175000.0,1.8,169,145,No,15.1,147,1
Mercedes,MER715,Petrol,Automatic,Coupe,Green,17214000.0,3.2,445,307,Yes,13.6,135,0
Tata,TAT187,Hybrid,Automatic,Coupe,Blue,1470000.0,1.6,109,173,Yes,26.2,496,1
Tata,TAT976,Diesel,Automatic,Coupe,White,2148000.0,1.7,112,160,Yes,12.4,419,1
Audi,AUD173,Diesel,Automatic,SUV,Blue,17528000.0,4.8,214,187,No,16.3,155,0
Hyundai,HYU822,Petrol,Manual,Sedan,Red,1824000.0,2.4,144,168,Yes,17.2,755,1
Tata,TAT832,Diesel,Automatic,Hatchback,Black,2091000.0,1.6,101,159,No,16.4,354,1
Mercedes,MER888,Petrol,Manual,Coupe,Grey,11281000.0,4.8,403,269,No,19.3,30,0
Maruti Suzuki,MAR109,Diesel,Manual,Hatchback,Blue,2098000.0,1.9,73,163,Yes,16.9,463,1
Audi,AUD817,Electric,Manual,Sedan,Black,14636000.0,3.2,405,235,No,28.2,384,1
Mercedes,MER489,Hybrid,Manual,Sedan,Red,8535000.0,4.2,328,219,No,27.5,136,1
Honda,HON697,Hybrid,Manual,Hatchback,Blue,3625000.0,3.1,229,162,No,21.0,535,1
Honda,HON250,Petrol,Automatic,Coupe,Blue,2399000.0,3.4,163,209,Yes,12.1,471,1
Audi,AUD430,Petrol,Manual,Hatchback,Red,11759000.0,3.7,209,204,Yes,18.5,192,1
BMW,BMW802,Diesel,Manual,Hatchback,Blue,7910000.0,4.6,212,191,Yes,15.8,226,1
Ford,FOR319,Petrol,Manual,Sedan,Green,3351000.0,2.6,113,159,No,19.4,411,1
Honda,HON769,Petrol,Automatic,Pickup,Black,2282000.0,2.8,244,149,Yes,15.2,344,1
Audi,AUD101,Petrol,Manual,Coupe,Blue,7867000.0,3.9,381,281,Yes,19.4,145,1
Tata,TAT613,Diesel,Automatic,Hatchback,Grey,796000.0,1.3,80,133,Yes,13.1,689,1
Honda,HON995,Petrol,Manual,SUV,Silver,4220000.0,1.5,221,205,Yes,15.1,442,1
Audi,AUD617,Hybrid,Manual,Pickup,Grey,8278000.0,5.0,357,248,Yes,24.8,34,0
Audi,AUD168,Petrol,Manual,Hatchback,Black,14331000.0,2.8,186,215,No,15.0,160,0
Audi,AUD511,Petrol,Manual,Coupe,Red,8893000.0,3.9,278,248,No,12.2,103,0
Audi,AUD128,Diesel,Manual,Hatchback,Silver,8451000.0,4.2,264,191,No,16.6,284,1
Mercedes,MER453,Diesel,Manual,Hatchback,Grey,8057000.0,2.8,347,231,No,17.9,30,0
Ford,FOR753,Diesel,Manual,Hatchback,Black,3311000.0,1.6,114,193,No,15.3,184,1
Maruti Suzuki,MAR738,Hybrid,Manual,Hatchback,Red,1675000.0,1.3,79,173,Yes,24.2,464,1
Toyota,TOY288,Diesel,Automatic,Hatchback,Green,1738000.0,1.3,157,219,No,19.0,431,1
Toyota,TOY417,Diesel,Manual,Sedan,Blue,3771000.0,3.2,185,169,Yes,13.4,235,1
Mercedes,MER339,Petrol,Automatic,Coupe,Red,10679000.0,4.5,214,215,No,13.8,282,1
Honda,HON671,Petrol,Manual,Hatchback,Grey,2955000.0,1.8,170,164,Yes,16.0,704,1
Mercedes,MER939,Diesel,Manual,Pickup,Black,13134000.0,3.5,244,215,Yes,17.4,192,1
BMW,BMW125,Diesel,Automatic,Coupe,Blue,8678000.0,2.2,184,239,No,13.2,482,1
Audi,AUD523,Petrol,Automatic,SUV,Silver,14049000.0,3.4,228,198,Yes,15.4,134,0
BMW,BMW398,Petrol,Automatic,SUV,Green,8776000.0,3.0,215,243,Yes,12.2,303,1
Kia,KIA202,Diesel,Automatic,Coupe,White,3124000.0,2.0,113,247,Yes,12.1,343,1
Toyota,TOY600,Hybrid,Manual,Coupe,Grey,3580000.0,3.2,94,230,Yes,30.0,234,1
Mercedes,MER541,Petrol,Manual,Sedan,Silver,17207000.0,3.7,382,221,Yes,12.3,470,1
Honda,HON544,Petrol,Manual,Sedan,Green,1737000.0,1.4,107,141,No,15.4,495,1
Ford,FOR100,Diesel,Automatic,Sedan,Grey,3810000.0,2.5,168,160,No,15.8,308,1
Honda,HON224,Petrol,Automatic,Coupe,Green,3414000.0,3.0,103,229,No,17.9,234,1
Ford,FOR294,Diesel,Automatic,Hatchback,Green,3111000.0,2.4,166,176,Yes,12.9,394,1
Tata,TAT338,Hybrid,Automatic,Sedan,Green,822000.0,1.1,74,135,Yes,22.5,602,1
Kia,KIA112,Diesel,Manual,SUV,Red,3673000.0,2.0,138,207,No,17.0,223,1
Mercedes,MER687,Petrol,Manual,Pickup,Green,9386000.0,4.1,273,221,Yes,19.9,262,1
Tata,TAT119,Petrol,Manual,SUV,White,1110000.0,1.5,87,166,Yes,12.5,471,1
Tata,TAT410,Diesel,Manual,SUV,Blue,1674000.0,1.8,88,126,No,14.0,602,1
Toyota,TOY588,Hybrid,Manual,Sedan,Green,2657000.0,2.5,126,172,No,23.4,446,1
BMW,BMW760,Diesel,Manual,Hatchback,Silver,16166000.0,5.0,399,193,Yes,16.6,175,0
Ford,FOR928,Hybrid,Manual,Hatchback,Black,3787000.0,2.3,239,157,Yes,23.6,200,1
Honda,HON911,Petrol,Manual,Sedan,Black,2498000.0,1.7,248,170,No,19.5,259,1
Honda,HON796,Petrol,Manual,Sedan,Black,1835000.0,3.2,95,217,No,15.3,379,1
Audi,AUD279,Petrol,Manual,Sedan,Red,8258000.0,3.9,215,185,No,18.6,346,1
Tata,TAT843,Diesel,Manual,SUV,Grey,823000.0,1.1,82,150,No,18.1,101,1
Audi,AUD447,Petrol,Manual,Pickup,Grey,11422000.0,4.3,211,184,Yes,13.3,360,1
Honda,HON977,Diesel,Manual,SUV,Black,1725000.0,1.3,199,208,No,18.0,566,1
Tata,TAT101,Diesel,Automatic,Sedan,Red,953000.0,1.6,105,135,Yes,16.2,340,1
Mercedes,MER685,Diesel,Manual,Hatchback,Silver,18664000.0,4.7,300,189,Yes,17.8,92,0
Mercedes,MER627,Diesel,Manual,Pickup,White,7806000.0,2.5,283,217,Yes,12.8,157,1
Maruti Suzuki,MAR330,Hybrid,Manual,SUV,Green,2190000.0,1.9,103,147,No,22.5,606,1
Toyota,TOY572,Petrol,Manual,Hatchback,White,3903000.0,3.3,115,177,Yes,14.5,229,1
Tata,TAT302,Petrol,Manual,Coupe,White,2081000.0,1.3,89,177,Yes,15.8,240,1
Honda,HON666,Hybrid,Manual,Coupe,White,3956000.0,1.3,242,193,Yes,29.8,417,1
Honda,HON129,Diesel,Manual,Coupe,Black,2252000.0,2.2,130,247,Yes,14.4,258,1
BMW,BMW979,Hybrid,Manual,Coupe,Black,13170000.0,2.4,402,265,No,29.8,51,0
Mahindra,MAH947,Petrol,Automatic,Hatchback,White,2735000.0,2.9,195,202,No,12.6,250,1
BMW,BMW770,Petrol,Automatic,Sedan,White,12846000.0,4.8,209,186,Yes,17.7,415,1
Toyota,TOY369,Diesel,Manual,Pickup,Silver,3738000.0,3.5,232,194,Yes,14.1,206,1
Audi,AUD432,Petrol,Manual,Sedan,Black,9890000.0,4.6,338,235,No,15.6,205,1
Audi,AUD819,Petrol,Manual,Hatchback,Blue,8588000.0,4.3,369,186,No,17.0,143,1
Audi,AUD442,Petrol,Manual,Sedan,Grey,16874000.0,4.1,318,201,Yes,19.1,415,1
Mercedes,MER638,Diesel,Manual,Pickup,Black,17795000.0,4.4,447,232,Yes,12.3,164,0
BMW,BMW530,Diesel,Manual,Sedan,White,6638000.0,2.1,231,184,No,16.0,245,1
Tata,TAT377,Petrol,Manual,Sedan,Green,2183000.0,1.7,116,133,Yes,16.2,428,1
Toyota,TOY491,Diesel,Manual,Sedan,Silver,2439000.0,2.3,179,142,No,13.9,548,1
Tata,TAT375,Petrol,Automatic,Coupe,Black,1466000.0,1.3,84,125,No,19.6,611,1
Ford,FOR599,Diesel,Manual,Hatchback,Grey,3442000.0,1.4,116,186,No,13.9,298,1
Honda,HON112,Diesel,Automatic,Sedan,Green,3035000.0,1.9,112,194,Yes,15.6,651,1
Mercedes,MER966,Petrol,Manual,Coupe,Blue,7910000.0,2.4,336,287,Yes,14.3,82,0
Audi,AUD729,Petrol,Manual,Coupe,Blue,10715000.0,4.2,358,232,Yes,13.0,336,1
Ford,FOR176,Petrol,Manual,Coupe,Blue,1591000.0,3.1,102,188,Yes,13.9,564,1
Toyota,TOY849,Petrol,Manual,Hatchback,Black,2085000.0,2.5,104,177,No,13.4,359,1
Mercedes,MER410,Petrol,Manual,SUV,Silver,8499000.0,3.1,385,232,No,15.3,146,1
Audi,AUD630,Diesel,Manual,Sedan,Red,14085000.0,4.6,441,224,No,14.8,156,0
Ford,FOR305,Petrol,Manual,Hatchback,Black,3522000.0,2.0,190,159,No,14.1,328,1
Mercedes,MER315,Diesel,Manual,SUV,Red,14961000.0,4.4,398,249,Yes,12.7,87,0
Mercedes,MER792,Petrol,Manual,Hatchback,Silver,12484000.0,3.6,397,198,Yes,12.6,166,0
Ford,FOR200,Petrol,Automatic,Hatchback,Green,3526000.0,1.3,140,198,Yes,13.8,476,1
Toyota,TOY388,Petrol,Automatic,SUV,Silver,2293000.0,3.2,188,219,Yes,13.1,194,1
Kia,KIA423,Hybrid,Manual,SUV,Red,3793000.0,1.8,146,151,No,27.8,193,1
BMW,BMW195,Electric,Automatic,Sedan,Silver,7502000.0,2.2,297,207,Yes,27.7,210,1
Kia,KIA792,Hybrid,Automatic,Hatchback,Blue,2552000.0,2.8,202,202,Yes,28.3,477,1
BMW,BMW869,Electric,Manual,Coupe,Silver,8652000.0,4.1,216,261,Yes,34.2,198,1
Kia,KIA826,Diesel,Automatic,Pickup,Silver,4383000.0,2.4,209,153,No,12.8,152,1
Mahindra,MAH479,Petrol,Manual,Sedan,Green,2094000.0,1.9,177,210,No,15.4,272,1
BMW,BMW860,Petrol,Manual,Pickup,White,5856000.0,2.3,368,214,Yes,13.5,251,1
Mahindra,MAH759,Petrol,Manual,Sedan,White,3087000.0,2.5,104,191,Yes,18.1,448,1
Honda,HON408,Petrol,Manual,Sedan,Blue,2336000.0,2.9,235,175,Yes,14.0,280,1
Ford,FOR557,Petrol,Automatic,Pickup,Grey,2277000.0,1.8,90,192,No,12.3,452,1
Toyota,TOY884,Diesel,Manual,Sedan,Silver,3226000.0,1.4,195,214,Yes,12.6,266,1
Honda,HON994,Hybrid,Manual,Pickup,Silver,2971000.0,2.9,196,158,No,21.6,552,1
Ford,FOR560,Diesel,Manual,Sedan,Red,3730000.0,3.3,115,205,Yes,13.6,375,1
Hyundai,HYU595,Petrol,Automatic,Coupe,Grey,1490000.0,2.4,140,183,No,19.8,653,1
Tata,TAT152,Electric,Manual,SUV,Red,2144000.0,1.4,75,131,Yes,32.7,542,1
Maruti Suzuki,MAR341,Hybrid,Manual,SUV,Grey,1564000.0,1.5,83,130,No,24.4,580,1
Kia,KIA674,Diesel,Automatic,Hatchback,Green,1824000.0,3.0,140,149,No,16.3,276,1
Hyundai,HYU703,Petrol,Manual,Pickup,Green,4522000.0,3.3,129,197,No,12.2,549,1
Mahindra,MAH126,Petrol,Manual,Pickup,Green,2468000.0,3.0,238,140,Yes,13.9,134,1
Mahindra,MAH220,Petrol,Manual,Hatchback,Red,3051000.0,2.5,236,211,No,17.1,423,1
Kia,KIA375,Hybrid,Manual,Pickup,White,2129000.0,3.4,90,185,No,20.9,244,1
Mercedes,MER225,Petrol,Manual,Pickup,Silver,11399000.0,3.9,366,234,No,16.7,271,1
Audi,AUD463,Petrol,Automatic,SUV,Grey,15117000.0,2.5,403,248,Yes,17.1,204,0
BMW,BMW761,Petrol,Manual,Sedan,Silver,9006000.0,3.8,272,227,Yes,16.4,277,1
Maruti Suzuki,MAR114,Diesel,Manual,Pickup,Silver,951000.0,1.7,78,136,No,15.1,698,1
Toyota,TOY406,Petrol,Automatic,Pickup,Grey,1665000.0,3.4,175,201,Yes,14.1,464,1
Hyundai,HYU962,Petrol,Manual,Pickup,Blue,3069000.0,3.4,169,192,Yes,12.1,787,1
Ford,FOR179,Diesel,Manual,Sedan,Red,2706000.0,3.2,211,182,No,19.2,765,1
Ford,FOR601,Petrol,Automatic,Coupe,Red,2612000.0,2.6,141,206,Yes,19.7,264,1
Ford,FOR927,Diesel,Automatic,Sedan,Silver,1456000.0,1.4,96,165,Yes,15.2,366,1
Honda,HON804,Petrol,Automatic,Coupe,Green,3712000.0,2.9,246,223,No,12.9,316,1
Kia,KIA726,Electric,Manual,Pickup,Green,1890000.0,3.0,194,152,No,28.8,412,1
Audi,AUD617,Hybrid,Manual,Hatchback,White,12033000.0,2.6,349,233,No,28.9,485,1
Audi,AUD994,Diesel,Manual,Pickup,Black,15224000.0,3.7,361,213,No,13.8,263,1
Ford,FOR118,Diesel,Automatic,Sedan,Silver,3972000.0,3.5,247,186,No,12.3,503,1
BMW,BMW346,Diesel,Manual,SUV,Red,11085000.0,4.8,257,249,No,12.7,343,1
Mercedes,MER731,Petrol,Automatic,Sedan,Black,10024000.0,4.8,347,196,Yes,15.1,610,1
Maruti Suzuki,MAR345,Diesel,Automatic,Pickup,Black,1771000.0,1.3,112,129,Yes,14.1,586,1
BMW,BMW885,Petrol,Automatic,Pickup,Blue,9807000.0,3.9,381,232,No,12.1,230,1
Mahindra,MAH470,Petrol,Automatic,Sedan,Silver,3595000.0,2.7,172,170,Yes,18.4,121,1
Tata,TAT185,Hybrid,Automatic,SUV,Black,1055000.0,1.4,72,156,No,28.8,396,1
Mahindra,MAH140,Hybrid,Manual,Pickup,Black,3396000.0,2.2,217,199,No,23.7,525,1
Kia,KIA932,Hybrid,Automatic,SUV,Blue,1962000.0,2.0,106,219,No,20.9,452,1
Tata,TAT382,Petrol,Automatic,Pickup,White,891000.0,1.5,111,141,No,18.1,666,1
Toyota,TOY499,Diesel,Manual,Coupe,Silver,3838000.0,1.2,238,238,Yes,19.5,611,1
Tata,TAT691,Petrol,Manual,Coupe,Black,1940000.0,1.9,72,139,No,14.5,547,1
Kia,KIA783,Hybrid,Automatic,SUV,Silver,1741000.0,1.3,214,212,Yes,27.6,268,1
Mercedes,MER599,Petrol,Automatic,Sedan,White,17216000.0,3.8,419,214,No,19.9,357,1
Kia,KIA377,Petrol,Manual,Sedan,Grey,4222000.0,3.1,228,154,Yes,13.6,626,1
BMW,BMW261,Diesel,Manual,SUV,Silver,5115000.0,2.4,251,230,No,15.8,237,1
Hyundai,HYU978,Petrol,Manual,Coupe,Green,3015000.0,1.5,214,233,No,14.5,793,1
Maruti Suzuki,MAR958,Petrol,Automatic,Hatchback,Green,1109000.0,1.2,108,164,Yes,16.9,501,1
BMW,BMW539,Petrol,Automatic,SUV,Silver,5173000.0,2.1,230,187,No,16.4,171,1
Mercedes,MER835,Hybrid,Manual,Coupe,Green,10040000.0,3.3,340,279,Yes,26.5,317,1
Mahindra,MAH103,Petrol,Manual,SUV,Silver,3691000.0,1.9,92,211,No,19.4,209,1
Maruti Suzuki,MAR955,Hybrid,Manual,Coupe,Silver,646000.0,1.0,108,138,Yes,29.1,669,1
Tata,TAT171,Hybrid,Automatic,Coupe,Silver,711000.0,1.3,118,133,Yes,21.3,445,1
Tata,TAT163,Hybrid,Manual,Coupe,Blue,1813000.0,1.1,65,139,No,26.4,597,1
Ford,FOR176,Diesel,Automatic,Pickup,Black,2947000.0,2.1,147,207,Yes,17.8,403,1
Mercedes,MER372,Petrol,Automatic,Hatchback,Silver,17582000.0,4.9,261,217,Yes,17.1,215,0
Mercedes,MER657,Hybrid,Manual,Coupe,Silver,13417000.0,3.7,383,217,No,26.1,364,1
Tata,TAT331,Petrol,Automatic,SUV,Red,1431000.0,1.9,91,176,No,14.8,229,1
BMW,BMW437,Petrol,Manual,Pickup,Grey,11089000.0,4.3,336,208,No,17.1,406,1
BMW,BMW572,Diesel,Manual,Sedan,White,11272000.0,2.1,204,186,No,13.9,450,1
Mercedes,MER343,Petrol,Manual,Coupe,Red,8681000.0,2.1,310,319,No,14.8,151,1
Hyundai,HYU195,Electric,Automatic,Hatchback,Red,3685000.0,1.4,117,197,No,32.5,628,1
Toyota,TOY633,Diesel,Manual,Coupe,Grey,2373000.0,2.8,187,240,No,15.4,457,1
Maruti Suzuki,MAR402,Electric,Automatic,Sedan,White,710000.0,1.6,117,120,No,28.6,762,1
Tata,TAT495,Petrol,Automatic,Pickup,Green,1085000.0,1.2,98,122,No,13.4,387,1
Audi,AUD701,Hybrid,Automatic,Sedan,Red,9834000.0,3.1,273,187,No,23.6,192,1
Hyundai,HYU351,Petrol,Automatic,Pickup,Green,2734000.0,1.6,101,210,No,14.7,749,1
Audi,AUD736,Petrol,Automatic,Coupe,Blue,11318000.0,4.6,371,290,Yes,17.5,223,1
Honda,HON559,Petrol,Automatic,Coupe,Grey,3939000.0,2.1,199,191,No,16.3,491,1
Hyundai,HYU320,Diesel,Manual,Hatchback,Red,1762000.0,2.4,128,176,Yes,17.3,513,1
Mahindra,MAH262,Petrol,Manual,Sedan,White,4321000.0,2.4,227,193,Yes,16.1,430,1
Toyota,TOY385,Diesel,Automatic,Pickup,Black,2817000.0,3.4,218,170,No,13.3,464,1
Toyota,TOY248,Petrol,Manual,SUV,Silver,2126000.0,3.4,209,167,No,14.4,365,1
Mahindra,MAH291,Petrol,Automatic,Hatchback,Silver,3776000.0,2.6,237,201,Yes,16.3,323,1
Mercedes,MER563,Petrol,Automatic,Sedan,Red,18599000.0,4.5,428,184,Yes,16.7,307,1
Audi,AUD988,Diesel,Manual,Sedan,Grey,11175000.0,3.5,304,238,Yes,14.5,38,0
BMW,BMW563,Electric,Manual,Coupe,Green,8352000.0,4.0,211,222,No,32.9,223,1
Toyota,TOY938,Diesel,Automatic,Sedan,Green,1535000.0,1.5,228,207,No,14.8,479,1
Tata,TAT388,Petrol,Manual,SUV,Red,647000.0,1.6,95,167,Yes,19.6,472,1
Tata,TAT737,Diesel,Automatic,Hatchback,Black,1171000.0,1.4,100,178,No,19.1,632,1
Honda,HON927,Diesel,Manual,Sedan,Green,1516000.0,2.1,92,154,No,17.0,512,1
Hyundai,HYU581,Hybrid,Automatic,SUV,Red,4454000.0,2.7,196,148,No,26.6,858,1
Hyundai,HYU329,Diesel,Automatic,SUV,Black,2457000.0,2.5,157,184,No,13.2,457,1
Ford,FOR671,Petrol,Automatic,Coupe,Black,2701000.0,2.1,207,229,No,19.3,133,1
BMW,BMW890,Petrol,Automatic,SUV,Black,13884000.0,3.5,232,232,Yes,13.1,404,1
Mahindra,MAH999,Petrol,Automatic,Sedan,White,2212000.0,2.9,213,203,Yes,14.3,360,1
Tata,TAT621,Diesel,Automatic,Pickup,Blue,2013000.0,1.7,94,126,Yes,17.7,600,1
Mercedes,MER790,Diesel,Manual,Hatchback,Red,13905000.0,2.9,378,218,No,16.5,70,0
Ford,FOR596,Diesel,Automatic,Sedan,Grey,2181000.0,3.0,133,140,No,20.0,305,1
Maruti Suzuki,MAR218,Hybrid,Manual,Coupe,Green,992000.0,1.7,115,155,Yes,28.0,295,1
Maruti Suzuki,MAR754,Petrol,Manual,Coupe,Black,1472000.0,1.8,111,170,No,16.8,729,1
Audi,AUD901,Diesel,Manual,SUV,Green,9476000.0,2.9,180,233,Yes,14.2,388,1
Mahindra,MAH978,Diesel,Manual,Hatchback,Red,1635000.0,3.3,90,215,No,15.6,231,1
Mahindra,MAH748,Petrol,Manual,Sedan,Black,1973000.0,2.8,233,175,No,17.5,215,1
Maruti Suzuki,MAR223,Petrol,Automatic,Sedan,Blue,1244000.0,1.3,86,120,No,14.4,732,1
Hyundai,HYU642,Petrol,Automatic,Hatchback,Silver,2993000.0,2.7,191,186,No,14.3,529,1
BMW,BMW261,Petrol,Manual,Coupe,Red,8976000.0,3.7,382,201,No,14.2,333,1
Mercedes,MER768,Petrol,Automatic,Coupe,Silver,15105000.0,3.5,290,311,Yes,12.7,30,0
Audi,AUD489,Petrol,Automatic,Pickup,Red,6330000.0,2.6,349,181,Yes,16.7,421,1
Tata,TAT462,Petrol,Automatic,Coupe,White,2208000.0,1.8,80,128,No,15.7,553,1
Honda,HON364,Diesel,Automatic,Coupe,White,4087000.0,2.1,113,243,No,18.3,437,1
Maruti Suzuki,MAR969,Petrol,Manual,Coupe,White,1397000.0,1.4,86,174,No,13.5,600,1
Mahindra,MAH326,Petrol,Automatic,Coupe,Blue,1894000.0,1.2,179,197,No,17.1,424,1
Mercedes,MER344,Petrol,Manual,Pickup,Green,8171000.0,2.3,316,219,Yes,15.6,545,1
Mercedes,MER419,Diesel,Manual,Hatchback,Red,9986000.0,2.4,233,189,No,17.5,38,0
Tata,TAT165,Diesel,Manual,Pickup,Red,1466000.0,1.4,107,139,No,16.5,520,1
Hyundai,HYU119,Hybrid,Manual,Pickup,White,4087000.0,3.0,231,200,No,28.4,514,1
BMW,BMW964,Electric,Manual,Hatchback,Blue,10435000.0,3.0,434,244,Yes,33.2,390,1
Ford,FOR287,Hybrid,Automatic,SUV,Black,2300000.0,1.6,192,143,Yes,23.8,298,1
Audi,AUD253,Petrol,Manual,SUV,Green,15967000.0,2.9,431,246,Yes,18.5,252,1
Honda,HON137,Petrol,Automatic,SUV,Red,3458000.0,3.1,168,172,No,16.9,495,1
Mercedes,MER928,Petrol,Automatic,Coupe,White,14934000.0,4.3,360,289,Yes,17.4,32,0
Maruti Suzuki,MAR910,Petrol,Manual,Sedan,Red,1818000.0,1.0,119,169,No,17.4,591,1
Tata,TAT755,Diesel,Manual,Coupe,Blue,2116000.0,1.6,63,153,Yes,14.2,398,1
Hyundai,HYU263,Hybrid,Manual,Sedan,Red,3831000.0,2.4,165,164,No,25.4,223,1
Mahindra,MAH627,Petrol,Manual,Sedan,White,2178000.0,1.8,211,167,No,12.4,485,1
Audi,AUD965,Petrol,Automatic,Sedan,Red,18015000.0,4.9,381,210,Yes,14.4,40,0
BMW,BMW891,Petrol,Automatic,Coupe,Black,7600000.0,3.9,317,281,No,13.9,71,0
Ford,FOR537,Electric,Manual,Pickup,Black,3652000.0,1.6,187,144,No,33.2,198,1
Hyundai,HYU516,Petrol,Automatic,Hatchback,Silver,1396000.0,1.6,108,167,No,14.7,472,1
Hyundai,HYU763,Diesel,Manual,Coupe,Grey,1816000.0,2.6,199,200,Yes,16.8,641,1
Kia,KIA361,Petrol,Automatic,Coupe,White,3705000.0,2.0,174,190,Yes,12.2,439,1
Audi,AUD487,Petrol,Manual,Hatchback,Silver,15543000.0,4.1,386,184,Yes,15.3,488,1
BMW,BMW607,Petrol,Manual,Coupe,Green,8039000.0,2.2,291,273,Yes,13.4,399,1
Toyota,TOY920,Petrol,Manual,Coupe,Silver,3698000.0,3.2,216,247,Yes,16.8,190,1
Toyota,TOY822,Diesel,Automatic,Pickup,Grey,4150000.0,3.2,224,197,Yes,16.0,491,1
Maruti Suzuki,MAR857,Diesel,Manual,Hatchback,Black,1876000.0,1.8,68,138,Yes,15.4,544,1
BMW,BMW955,Petrol,Automatic,SUV,Red,16408000.0,4.7,256,228,No,12.6,192,0
Toyota,TOY187,Petrol,Manual,Hatchback,Blue,4090000.0,3.3,143,182,Yes,17.2,30,0
Mercedes,MER261,Petrol,Manual,Sedan,Green,11734000.0,5.0,416,200,No,16.1,212,1
Kia,KIA380,Petrol,Manual,Sedan,Red,3409000.0,1.4,229,187,No,19.9,114,1
Kia,KIA354,Petrol,Manual,Coupe,Red,1731000.0,3.1,216,189,Yes,14.7,357,1
Ford,FOR372,Diesel,Automatic,Hatchback,Red,2769000.0,3.3,104,177,No,17.2,503,1
Toyota,TOY905,Petrol,Manual,Coupe,Grey,3155000.0,1.8,180,229,Yes,16.7,232,1
Honda,HON692,Petrol,Automatic,Sedan,Green,4285000.0,2.2,247,141,No,15.0,576,1
Mahindra,MAH942,Petrol,Manual,Hatchback,Silver,1944000.0,2.5,128,198,Yes,19.1,222,1
Tata,TAT464,Diesel,Automatic,SUV,Black,1979000.0,1.4,86,133,No,15.4,434,1
Maruti Suzuki,MAR782,Diesel,Automatic,SUV,Black,993000.0,1.7,89,167,Yes,14.5,343,1
Audi,AUD250,Electric,Manual,Sedan,Blue,15578000.0,3.6,226,199,Yes,26.2,255,1
Mercedes,MER200,Petrol,Manual,Hatchback,White,5970000.0,3.6,271,247,Yes,13.4,103,1
Maruti Suzuki,MAR990,Petrol,Manual,Pickup,Silver,1044000.0,2.0,108,157,Yes,17.6,753,1
Audi,AUD600,Petrol,Manual,Pickup,Grey,16211000.0,3.8,207,184,Yes,17.3,434,1
Mercedes,MER234,Petrol,Automatic,Sedan,Black,7963000.0,4.8,328,225,Yes,12.3,317,1
Ford,FOR950,Petrol,Automatic,Coupe,Red,4527000.0,2.5,180,246,No,19.4,276,1
BMW,BMW949,Petrol,Automatic,SUV,Red,12409000.0,4.1,236,238,No,18.8,30,0
Maruti Suzuki,MAR384,Diesel,Automatic,SUV,White,1753000.0,1.9,108,133,Yes,18.4,831,1
Mahindra,MAH130,Hybrid,Manual,Sedan,Silver,4133000.0,2.9,174,192,No,27.0,318,1
Audi,AUD926,Electric,Manual,Pickup,Green,12810000.0,3.8,408,201,Yes,32.8,236,1
Toyota,TOY321,Hybrid,Manual,Coupe,Black,1845000.0,1.3,167,209,Yes,24.3,189,1
Ford,FOR831,Petrol,Manual,Hatchback,Grey,2148000.0,3.4,90,211,Yes,17.9,333,1
Honda,HON627,Petrol,Manual,Pickup,Blue,4367000.0,2.7,110,176,No,15.7,256,1
Ford,FOR168,Diesel,Automatic,Coupe,Blue,4038000.0,3.3,103,201,No,14.4,351,1
Mahindra,MAH265,Diesel,Automatic,SUV,Black,4247000.0,2.2,205,162,Yes,19.3,308,1
Audi,AUD493,Petrol,Manual,Pickup,Red,11357000.0,4.4,249,228,No,15.2,238,1
Ford,FOR256,Petrol,Manual,Sedan,Grey,2668000.0,1.5,119,177,Yes,14.7,285,1
Tata,TAT863,Petrol,Automatic,Hatchback,White,1271000.0,1.5,68,130,No,18.8,570,1
Mahindra,MAH780,Petrol,Manual,Hatchback,Green,2842000.0,3.4,100,206,Yes,15.9,156,1
Hyundai,HYU481,Petrol,Manual,Sedan,Black,1351000.0,1.8,155,165,No,14.9,515,1
Audi,AUD142,Petrol,Manual,Coupe,Black,12165000.0,4.3,394,210,Yes,17.6,352,1
Maruti Suzuki,MAR886,Petrol,Manual,SUV,Green,1275000.0,1.1,75,122,No,14.9,498,1
Maruti Suzuki,MAR976,Petrol,Automatic,Pickup,Black,1591000.0,1.7,96,160,No,18.9,388,1
Audi,AUD962,Diesel,Manual,Hatchback,Black,16225000.0,4.6,221,197,Yes,16.0,113,0
Toyota,TOY238,Hybrid,Automatic,Hatchback,Blue,2540000.0,3.4,145,173,No,20.1,347,1
Ford,FOR935,Diesel,Automatic,Coupe,White,3342000.0,2.2,106,247,No,18.2,588,1
Mercedes,MER374,Diesel,Manual,SUV,Green,7719000.0,4.1,183,188,Yes,15.4,99,0
Audi,AUD785,Diesel,Automatic,Pickup,Red,5945000.0,3.4,321,223,No,12.8,312,1
Ford,FOR614,Petrol,Manual,Coupe,White,3093000.0,1.3,176,234,No,12.6,173,1
Mercedes,MER612,Petrol,Manual,Pickup,Silver,11195000.0,3.0,426,193,No,14.5,155,0
Honda,HON428,Petrol,Manual,Hatchback,White,2988000.0,1.3,247,205,No,17.1,554,1
Hyundai,HYU235,Petrol,Automatic,Pickup,Red,1476000.0,1.4,177,162,Yes,17.0,720,1
Ford,FOR341,Diesel,Automatic,Pickup,Green,2465000.0,2.5,214,179,No,18.6,399,1
Mahindra,MAH271,Diesel,Automatic,Pickup,Green,2108000.0,2.9,240,166,Yes,14.9,334,1
Mercedes,MER814,Hybrid,Automatic,Pickup,Silver,11503000.0,2.1,383,238,Yes,29.1,98,0
Maruti Suzuki,MAR532,Petrol,Automatic,SUV,Silver,1524000.0,1.5,112,143,No,17.2,370,1
Audi,AUD515,Hybrid,Manual,Pickup,Blue,5898000.0,2.1,295,213,Yes,28.2,457,1
Ford,FOR183,Petrol,Manual,Hatchback,Black,2537000.0,1.8,163,159,Yes,12.7,299,1
Ford,FOR746,Diesel,Automatic,Hatchback,Red,1456000.0,1.7,216,158,No,12.9,242,1
Ford,FOR235,Petrol,Automatic,Coupe,Silver,4146000.0,2.6,99,184,No,16.9,237,1
Kia,KIA358,Electric,Manual,SUV,Blue,2389000.0,3.3,181,175,Yes,28.8,360,1
Mahindra,MAH205,Diesel,Manual,Coupe,Blue,1946000.0,2.1,237,183,No,19.9,237,1
Maruti Suzuki,MAR633,Petrol,Automatic,Sedan,White,673000.0,1.6,89,160,No,16.3,399,1
Kia,KIA536,Hybrid,Automatic,Coupe,Silver,2611000.0,2.9,94,217,No,21.1,560,1
Ford,FOR968,Diesel,Manual,Coupe,Silver,2234000.0,3.4,232,209,No,12.0,303,1
Mahindra,MAH222,Diesel,Manual,Sedan,Silver,4015000.0,3.2,117,213,Yes,19.3,513,1
Hyundai,HYU657,Electric,Automatic,Coupe,Grey,2774000.0,2.5,141,191,No,36.2,529,1
BMW,BMW929,Petrol,Manual,Pickup,Green,6433000.0,3.7,413,195,Yes,14.7,30,0
BMW,BMW541,Petrol,Automatic,Coupe,Grey,15456000.0,3.1,337,227,Yes,12.3,327,1
Honda,HON247,Diesel,Automatic,Coupe,White,1739000.0,1.3,164,221,No,12.4,445,1
Maruti Suzuki,MAR349,Petrol,Manual,Sedan,Black,1857000.0,1.6,66,173,Yes,19.3,466,1
BMW,BMW585,Hybrid,Manual,Hatchback,Black,9833000.0,3.8,312,245,Yes,25.1,425,1
Kia,KIA881,Diesel,Manual,Pickup,Grey,4337000.0,2.9,227,196,No,17.1,253,1
Kia,KIA818,Petrol,Manual,Pickup,Green,2794000.0,2.3,154,189,Yes,15.3,330,1
Mahindra,MAH935,Diesel,Automatic,Pickup,White,2040000.0,2.1,108,150,Yes,18.4,158,1
Mahindra,MAH388,Diesel,Manual,Coupe,Green,3495000.0,1.4,196,222,Yes,17.7,38,0
Ford,FOR793,Petrol,Automatic,Pickup,Grey,3220000.0,2.1,125,172,No,18.1,320,1
Audi,AUD574,Electric,Automatic,Pickup,White,11651000.0,2.9,404,241,No,31.5,459,1
Maruti Suzuki,MAR837,Petrol,Manual,Pickup,Grey,720000.0,1.7,106,143,Yes,13.4,367,1
Audi,AUD621,Diesel,Manual,Hatchback,White,6039000.0,3.9,252,212,Yes,15.1,255,1
Tata,TAT595,Petrol,Manual,Hatchback,Silver,1331000.0,1.6,75,132,No,18.5,303,1
Kia,KIA431,Hybrid,Manual,Coupe,White,3625000.0,3.0,109,195,Yes,25.8,332,1
Honda,HON505,Diesel,Manual,Sedan,Blue,2883000.0,1.7,172,210,No,18.9,355,1
Honda,HON239,Petrol,Manual,Pickup,Blue,4244000.0,2.3,155,193,No,15.3,399,1
Honda,HON260,Diesel,Automatic,Hatchback,Grey,4020000.0,2.3,102,184,Yes,12.7,207,1
Toyota,TOY732,Hybrid,Manual,Coupe,Red,1839000.0,3.2,136,227,Yes,25.1,414,1
Ford,FOR143,Petrol,Manual,Coupe,Green,1602000.0,2.0,173,195,No,17.3,120,1
Toyota,TOY255,Diesel,Manual,Hatchback,White,1659000.0,2.3,204,174,Yes,19.0,462,1
Ford,FOR528,Petrol,Manual,Sedan,White,2635000.0,3.4,187,199,Yes,19.2,367,1
BMW,BMW491,Petrol,Manual,Pickup,Grey,13518000.0,4.6,326,221,No,15.6,275,1
Honda,HON811,Petrol,Automatic,Pickup,White,4968000.0,3.0,209,191,Yes,14.8,278,1
Maruti Suzuki,MAR906,Diesel,Manual,SUV,Black,798000.0,1.2,60,160,No,18.5,533,1
Kia,KIA271,Petrol,Manual,SUV,Green,2336000.0,1.9,162,161,Yes,14.7,312,1
Mercedes,MER419,Petrol,Manual,Sedan,Grey,16778000.0,3.0,392,223,Yes,14.7,255,1
Tata,TAT262,Electric,Manual,Pickup,Blue,586000.0,1.1,105,146,Yes,31.1,684,1
Kia,KIA430,Electric,Manual,SUV,Red,1838000.0,1.6,217,206,Yes,33.4,406,1
BMW,BMW127,Diesel,Manual,Hatchback,Blue,12588000.0,4.4,180,211,Yes,19.0,223,1
BMW,BMW985,Petrol,Manual,Coupe,Blue,10704000.0,4.2,357,218,No,18.2,299,1
BMW,BMW340,Diesel,Manual,Sedan,Silver,20665000.0,4.9,396,217,Yes,17.4,165,0
Maruti Suzuki,MAR403,Petrol,Automatic,Pickup,Red,1600000.0,1.0,66,155,Yes,12.1,596,1
Maruti Suzuki,MAR528,Diesel,Manual,Sedan,Green,1027000.0,1.4,111,175,Yes,12.9,734,1
Hyundai,HYU960,Diesel,Automatic,SUV,Red,3961000.0,2.5,183,202,No,13.8,253,1
Toyota,TOY390,Diesel,Manual,Hatchback,White,1443000.0,1.4,111,189,No,12.8,450,1
Audi,AUD652,Petrol,Manual,Hatchback,White,13954000.0,3.8,424,223,Yes,19.9,473,1
Kia,KIA581,Electric,Manual,Coupe,White,2294000.0,1.6,205,243,No,27.8,120,1
Honda,HON217,Petrol,Manual,SUV,Black,4054000.0,1.5,207,216,No,13.2,164,1
Mahindra,MAH393,Diesel,Manual,Coupe,Green,2877000.0,2.9,195,247,No,13.5,186,1
Kia,KIA969,Hybrid,Automatic,Hatchback,Red,3299000.0,2.2,237,140,Yes,29.9,696,1
Mahindra,MAH760,Petrol,Manual,Pickup,Silver,2821000.0,3.2,179,193,No,17.2,244,1
Honda,HON403,Petrol,Manual,Sedan,Silver,2437000.0,1.4,219,163,No,18.8,208,1
Ford,FOR960,Petrol,Manual,Coupe,White,3523000.0,2.7,203,237,No,13.3,529,1
Toyota,TOY338,Petrol,Manual,Sedan,Grey,4507000.0,2.1,227,157,Yes,12.2,127,1
Maruti Suzuki,MAR790,Petrol,Manual,SUV,Black,1993000.0,1.1,62,122,No,13.7,713,1
Tata,TAT155,Diesel,Manual,Pickup,Grey,1516000.0,1.5,81,125,Yes,13.9,586,1
Tata,TAT918,Petrol,Manual,SUV,Silver,2008000.0,1.8,118,173,Yes,16.0,388,1
Kia,KIA838,Petrol,Manual,Pickup,Red,3062000.0,3.3,187,163,Yes,16.5,364,1
Maruti Suzuki,MAR827,Electric,Manual,SUV,Black,1154000.0,1.7,114,149,No,31.2,561,1
Tata,TAT415,Electric,Manual,Pickup,Green,2157000.0,2.0,63,175,Yes,26.2,676,1
Audi,AUD208,Diesel,Manual,Pickup,Green,14175000.0,4.2,190,189,No,19.5,140,0
Tata,TAT343,Electric,Automatic,Hatchback,Red,705000.0,1.1,110,158,No,30.3,252,1
Ford,FOR536,Petrol,Manual,Hatchback,Grey,4005000.0,2.0,204,183,No,16.3,406,1
Ford,FOR151,Diesel,Manual,Pickup,Grey,4314000.0,2.3,225,169,No,13.4,332,1
Kia,KIA775,Petrol,Manual,Coupe,Blue,3194000.0,3.1,180,242,No,16.1,30,0
Hyundai,HYU309,Diesel,Manual,SUV,Silver,2076000.0,1.5,228,144,Yes,12.9,532,1
Tata,TAT170,Electric,Manual,Pickup,Grey,1361000.0,1.0,90,143,Yes,36.6,397,1
Hyundai,HYU284,Petrol,Manual,Coupe,White,4179000.0,2.8,165,195,No,18.8,364,1
Honda,HON701,Hybrid,Manual,Coupe,Blue,5059000.0,3.4,233,249,No,28.7,245,1
Honda,HON164,Petrol,Automatic,Hatchback,Green,3723000.0,1.9,242,210,Yes,13.9,333,1
Audi,AUD355,Petrol,Automatic,Hatchback,Grey,16219000.0,3.7,246,200,No,19.8,247,1
Hyundai,HYU446,Hybrid,Automatic,Coupe,Blue,3283000.0,2.2,169,186,No,20.8,599,1
Toyota,TOY320,Hybrid,Manual,Hatchback,Grey,2401000.0,2.5,101,215,Yes,22.9,785,1
BMW,BMW145,Diesel,Manual,Coupe,White,5460000.0,2.5,205,221,Yes,15.3,116,1
Toyota,TOY586,Diesel,Manual,SUV,Silver,2980000.0,3.3,137,203,Yes,13.3,540,1
Mercedes,MER548,Diesel,Manual,Hatchback,Silver,7346000.0,3.4,243,243,No,12.4,445,1
Hyundai,HYU421,Petrol,Automatic,Hatchback,Grey,1742000.0,2.9,165,197,Yes,18.6,779,1
Audi,AUD185,Diesel,Automatic,Coupe,Silver,9052000.0,3.5,250,224,Yes,12.0,240,1
Ford,FOR987,Diesel,Manual,Coupe,Blue,1243000.0,1.2,136,180,Yes,15.0,427,1
Tata,TAT794,Petrol,Automatic,Sedan,Red,657000.0,1.0,100,174,No,15.3,587,1
Toyota,TOY180,Petrol,Manual,Hatchback,Black,3060000.0,1.8,192,175,No,12.0,477,1
BMW,BMW220,Diesel,Automatic,Hatchback,White,10579000.0,4.0,183,223,No,17.2,214,1
Mahindra,MAH173,Petrol,Manual,Sedan,Red,4757000.0,3.2,155,167,Yes,13.0,123,1
Mercedes,MER286,Petrol,Automatic,Coupe,Black,6545000.0,2.9,433,315,Yes,18.5,59,0
Mahindra,MAH969,Petrol,Manual,Hatchback,White,3360000.0,2.7,157,195,Yes,18.0,241,1
Ford,FOR449,Hybrid,Manual,Hatchback,Red,4075000.0,2.4,216,142,Yes,26.8,232,1
Tata,TAT818,Hybrid,Manual,SUV,Silver,740000.0,1.2,119,144,Yes,29.3,364,1
Kia,KIA975,Petrol,Automatic,Hatchback,Black,1829000.0,1.7,179,167,No,17.2,543,1
Kia,KIA222,Diesel,Manual,Pickup,Black,2733000.0,2.5,141,196,No,17.2,301,1
Toyota,TOY886,Hybrid,Manual,SUV,Blue,2560000.0,1.8,188,215,Yes,21.3,430,1
Hyundai,HYU113,Petrol,Automatic,Sedan,White,3475000.0,3.4,186,206,Yes,16.1,760,1
Honda,HON362,Petrol,Automatic,Pickup,Blue,2491000.0,2.8,237,207,No,13.6,477,1
Audi,AUD478,Petrol,Manual,Sedan,Blue,10737000.0,2.6,242,233,Yes,17.8,30,0
Maruti Suzuki,MAR187,Electric,Automatic,Coupe,White,2032000.0,1.9,78,171,Yes,35.0,738,1
Maruti Suzuki,MAR561,Petrol,Manual,Pickup,Red,2226000.0,1.8,103,143,No,17.7,443,1
Tata,TAT580,Petrol,Manual,Hatchback,Red,1999000.0,1.8,100,122,No,17.3,584,1
Mercedes,MER716,Hybrid,Manual,Coupe,Green,14703000.0,3.8,448,211,No,22.8,196,0
Tata,TAT681,Petrol,Manual,Pickup,Black,1593000.0,1.3,80,173,Yes,16.6,453,1
Kia,KIA187,Diesel,Automatic,SUV,Black,1611000.0,2.5,117,208,No,16.6,253,1
Maruti Suzuki,MAR328,Diesel,Automatic,SUV,Silver,676000.0,1.3,96,140,Yes,16.1,561,1
Audi,AUD252,Petrol,Manual,SUV,Red,10164000.0,4.5,266,185,Yes,13.4,354,1
BMW,BMW982,Diesel,Manual,SUV,Black,17675000.0,4.8,240,218,No,13.1,99,0
Mahindra,MAH811,Petrol,Manual,Hatchback,Blue,1684000.0,3.1,142,148,Yes,18.7,383,1
BMW,BMW520,Petrol,Manual,Coupe,Green,16866000.0,4.1,426,258,No,13.0,223,0
Mahindra,MAH680,Hybrid,Manual,Coupe,White,1577000.0,2.4,92,211,Yes,21.8,236,1
Toyota,TOY214,Diesel,Automatic,Pickup,Red,2641000.0,2.8,146,167,Yes,19.9,417,1
Honda,HON326,Petrol,Manual,Hatchback,White,3045000.0,2.6,93,146,Yes,17.2,721,1
BMW,BMW641,Petrol,Automatic,SUV,White,8472000.0,2.2,260,189,Yes,19.3,186,1
Kia,KIA259,Petrol,Automatic,Pickup,Grey,3438000.0,2.4,182,174,No,15.7,297,1
Ford,FOR940,Petrol,Manual,Pickup,Black,3496000.0,1.7,153,216,No,13.5,213,1
Tata,TAT280,Petrol,Automatic,Pickup,Grey,585000.0,1.3,62,129,No,14.9,408,1
Kia,KIA416,Petrol,Manual,Sedan,Blue,1682000.0,2.9,217,172,No,19.9,521,1
Toyota,TOY143,Petrol,Manual,Sedan,Black,2369000.0,3.1,241,158,No,17.5,525,1
Mercedes,MER352,Diesel,Manual,Hatchback,Grey,13691000.0,2.9,308,186,No,13.4,214,1
Maruti Suzuki,MAR990,Hybrid,Automatic,SUV,Grey,1701000.0,1.9,92,135,Yes,20.6,496,1
Mahindra,MAH432,Petrol,Automatic,SUV,Green,4318000.0,2.3,207,141,Yes,15.9,310,1
BMW,BMW553,Hybrid,Automatic,SUV,Silver,10331000.0,4.4,300,180,No,29.4,481,1
Mercedes,MER899,Petrol,Automatic,Coupe,Grey,10202000.0,4.5,400,219,Yes,15.8,182,1
Mahindra,MAH515,Petrol,Manual,Hatchback,Green,3178000.0,1.7,108,180,Yes,16.3,245,1
BMW,BMW927,Petrol,Automatic,SUV,Silver,15251000.0,4.3,367,239,No,13.8,30,0
Ford,FOR295,Hybrid,Manual,Hatchback,Green,4691000.0,2.2,243,201,No,27.2,494,1
Toyota,TOY158,Hybrid,Manual,SUV,Black,2925000.0,2.2,174,163,Yes,29.0,488,1
Mahindra,MAH456,Diesel,Manual,SUV,Silver,2578000.0,1.4,199,169,Yes,19.0,386,1
Hyundai,HYU814,Petrol,Automatic,SUV,Green,3556000.0,1.5,186,195,No,16.5,316,1
Mercedes,MER852,Hybrid,Automatic,SUV,Grey,8205000.0,4.3,185,234,No,25.3,212,1
Ford,FOR654,Petrol,Manual,Pickup,White,5003000.0,3.5,196,172,Yes,15.8,335,1
Ford,FOR612,Petrol,Automatic,SUV,Red,3357000.0,3.1,131,173,No,16.4,339,1
Mercedes,MER676,Diesel,Manual,Hatchback,Blue,13840000.0,2.4,243,244,Yes,12.3,386,1
Mahindra,MAH989,Petrol,Manual,Sedan,Silver,2775000.0,2.3,226,153,No,13.9,508,1
BMW,BMW314,Diesel,Automatic,Hatchback,Black,11693000.0,3.2,335,244,Yes,19.3,137,0
Mahindra,MAH401,Electric,Manual,Hatchback,Blue,2114000.0,3.3,153,175,Yes,37.0,146,1
Ford,FOR265,Petrol,Manual,Coupe,Red,2709000.0,1.5,160,224,No,17.8,223,1
BMW,BMW535,Diesel,Manual,Hatchback,Grey,10754000.0,4.2,417,183,Yes,12.3,298,1
Toyota,TOY847,Petrol,Manual,Pickup,Red,3272000.0,2.5,114,183,No,19.8,277,1
Tata,TAT461,Petrol,Manual,Sedan,Silver,1845000.0,1.2,84,151,Yes,16.0,815,1
Kia,KIA241,Diesel,Automatic,Hatchback,Blue,3733000.0,1.9,99,213,No,13.7,437,1
Mahindra,MAH289,Diesel,Automatic,Sedan,Silver,4431000.0,2.4,161,186,No,19.8,30,0
Ford,FOR243,Petrol,Manual,Pickup,Green,3847000.0,1.6,218,207,Yes,17.5,239,1
Kia,KIA940,Petrol,Manual,Pickup,White,3400000.0,2.9,109,160,No,13.6,643,1
BMW,BMW505,Diesel,Manual,Pickup,Red,16108000.0,4.0,301,237,Yes,17.7,531,1
Maruti Suzuki,MAR541,Hybrid,Automatic,SUV,Black,898000.0,1.3,85,167,No,24.9,612,1
Tata,TAT782,Diesel,Manual,Pickup,Grey,1344000.0,1.4,73,175,No,14.5,329,1
Mercedes,MER436,Diesel,Manual,Coupe,Green,13248000.0,4.7,448,243,No,13.2,232,1
Ford,FOR550,Hybrid,Manual,Sedan,Silver,2384000.0,2.0,193,179,No,27.7,194,1
Tata,TAT743,Diesel,Automatic,SUV,Blue,1957000.0,1.8,95,175,Yes,18.3,626,1
Hyundai,HYU674,Petrol,Automatic,Sedan,Grey,3682000.0,3.3,186,181,No,14.9,928,1
Mahindra,MAH322,Petrol,Automatic,Hatchback,Black,3277000.0,2.7,170,160,No,18.9,31,0
BMW,BMW289,Petrol,Manual,Pickup,White,14052000.0,4.6,254,224,No,17.7,428,1
Mahindra,MAH918,Diesel,Manual,SUV,White,1525000.0,2.6,188,182,No,17.0,233,1
Kia,KIA695,Diesel,Manual,Hatchback,Green,2002000.0,2.8,143,176,No,14.7,696,1
Honda,HON230,Hybrid,Manual,Sedan,Silver,3876000.0,2.3,141,179,Yes,26.9,375,1
Mahindra,MAH818,Hybrid,Automatic,Hatchback,White,2501000.0,2.2,180,163,No,22.1,242,1
Tata,TAT364,Electric,Manual,Hatchback,Grey,662000.0,1.6,70,142,Yes,29.0,360,1
Kia,KIA972,Hybrid,Manual,Coupe,Green,3785000.0,3.2,191,217,Yes,26.7,383,1
Honda,HON905,Hybrid,Automatic,Pickup,Blue,2121000.0,3.4,226,217,Yes,20.4,196,1
Mercedes,MER484,Petrol,Manual,Hatchback,Green,18420000.0,4.4,423,216,Yes,18.3,246,0
Toyota,TOY549,Petrol,Automatic,Hatchback,Green,1398000.0,1.3,175,219,No,19.0,459,1
Ford,FOR760,Petrol,Automatic,Hatchback,Red,2288000.0,2.1,152,198,No,14.7,416,1
Honda,HON137,Diesel,Automatic,Pickup,Red,2703000.0,1.4,216,186,No,15.9,354,1
Honda,HON648,Electric,Manual,Pickup,Green,3629000.0,2.4,193,209,Yes,34.2,618,1
Maruti Suzuki,MAR877,Hybrid,Manual,Sedan,Black,1378000.0,1.2,80,161,Yes,24.3,836,1
Honda,HON386,Diesel,Manual,Hatchback,Black,2623000.0,2.9,90,194,No,15.9,223,1
Ford,FOR283,Hybrid,Automatic,Hatchback,Silver,1864000.0,2.0,152,174,Yes,26.7,175,1
Maruti Suzuki,MAR526,Petrol,Manual,Coupe,White,1399000.0,1.8,98,131,No,14.2,678,1
Audi,AUD548,Petrol,Manual,SUV,Grey,13656000.0,3.5,245,199,Yes,17.9,262,1
Kia,KIA409,Petrol,Manual,SUV,Red,3612000.0,2.4,109,214,Yes,18.8,80,1
Kia,KIA883,Diesel,Automatic,SUV,Blue,2261000.0,1.4,242,206,No,12.9,394,1
Ford,FOR323,Petrol,Automatic,SUV,Red,4223000.0,2.8,142,209,Yes,16.8,334,1
Toyota,TOY213,Hybrid,Manual,Sedan,Grey,2780000.0,1.9,152,185,Yes,29.5,578,1
Maruti Suzuki,MAR743,Diesel,Manual,Pickup,Black,1421000.0,1.1,60,171,No,14.9,750,1
Audi,AUD101,Petrol,Manual,Hatchback,Blue,16564000.0,4.2,226,207,Yes,18.1,157,0
Ford,FOR125,Hybrid,Manual,Pickup,Blue,4782000.0,3.5,171,205,Yes,20.5,221,1
Ford,FOR872,Petrol,Manual,Sedan,Green,3732000.0,1.2,139,214,No,14.5,135,1
BMW,BMW158,Diesel,Manual,SUV,Green,9433000.0,4.2,381,213,Yes,19.6,147,1
Toyota,TOY932,Diesel,Manual,Pickup,White,3301000.0,1.5,110,214,Yes,12.8,598,1
Honda,HON577,Diesel,Manual,Coupe,Silver,1317000.0,2.1,106,240,No,19.4,50,1
Hyundai,HYU344,Petrol,Manual,Coupe,Black,2770000.0,1.7,137,187,No,15.6,455,1
Toyota,TOY181,Petrol,Manual,Pickup,Red,3820000.0,3.3,208,197,Yes,14.5,646,1
Kia,KIA196,Diesel,Automatic,SUV,Green,2567000.0,3.5,136,157,Yes,15.9,529,1
Mahindra,MAH733,Electric,Manual,Pickup,Black,2672000.0,3.3,160,172,Yes,34.4,320,1
Hyundai,HYU723,Petrol,Manual,Coupe,Green,4095000.0,2.3,242,220,Yes,17.6,516,1
Toyota,TOY268,Diesel,Automatic,Sedan,Green,4406000.0,2.7,159,141,No,17.8,394,1
Mahindra,MAH520,Diesel,Automatic,Hatchback,Silver,2606000.0,2.4,206,140,No,19.1,379,1
Ford,FOR667,Petrol,Manual,Pickup,Silver,3917000.0,2.4,109,193,Yes,13.1,213,1
Audi,AUD174,Diesel,Manual,Hatchback,Grey,13112000.0,3.0,404,235,Yes,20.0,252,1
Tata,TAT893,Diesel,Manual,Pickup,Silver,951000.0,1.1,86,125,Yes,13.4,736,1
Mercedes,MER532,Petrol,Manual,SUV,White,6265000.0,3.3,323,198,Yes,19.0,449,1
Honda,HON752,Hybrid,Manual,Sedan,White,1707000.0,1.8,115,149,No,28.8,594,1
Audi,AUD132,Petrol,Manual,Hatchback,Red,12249000.0,3.9,430,239,No,12.6,105,0
BMW,BMW187,Hybrid,Manual,Hatchback,Silver,14986000.0,3.4,274,227,No,29.5,277,1
Mercedes,MER425,Hybrid,Manual,SUV,Green,8618000.0,3.1,415,218,No,20.7,158,1
Mahindra,MAH391,Petrol,Manual,Hatchback,Grey,3241000.0,3.0,174,153,Yes,15.6,332,1
BMW,BMW211,Petrol,Manual,Sedan,Red,14070000.0,4.4,204,220,Yes,15.0,338,1
Mercedes,MER740,Diesel,Manual,Hatchback,White,7350000.0,2.6,390,191,Yes,14.5,434,1
Mahindra,MAH737,Petrol,Manual,Coupe,Black,1432000.0,1.5,205,221,Yes,17.7,266,1
Honda,HON424,Petrol,Automatic,Hatchback,White,2301000.0,3.0,166,188,No,12.7,545,1
Toyota,TOY961,Diesel,Manual,SUV,Green,1948000.0,1.4,185,183,No,16.9,297,1
Tata,TAT531,Petrol,Manual,SUV,White,1596000.0,1.5,89,175,Yes,16.3,283,1
Audi,AUD126,Petrol,Manual,Hatchback,Green,14259000.0,2.1,330,206,Yes,16.8,358,1
Audi,AUD406,Hybrid,Manual,Hatchback,Black,9505000.0,4.2,185,208,Yes,28.3,315,1
Mercedes,MER901,Petrol,Manual,Pickup,Red,5980000.0,2.2,340,197,Yes,15.3,199,1
Ford,FOR229,Hybrid,Manual,Coupe,White,3871000.0,1.7,205,215,Yes,29.0,347,1
Kia,KIA848,Hybrid,Manual,Sedan,Black,3337000.0,2.9,140,158,No,29.6,420,1
BMW,BMW457,Petrol,Manual,Coupe,Blue,10315000.0,2.0,406,271,Yes,13.3,383,1
Tata,TAT189,Diesel,Manual,Hatchback,White,1329000.0,1.7,80,150,No,14.4,424,1
Maruti Suzuki,MAR638,Petrol,Automatic,Pickup,Green,642000.0,1.1,77,178,No,19.7,522,1
Ford,FOR136,Petrol,Manual,Hatchback,Grey,2701000.0,2.2,151,143,Yes,16.3,445,1
Tata,TAT357,Petrol,Manual,Hatchback,Silver,750000.0,1.8,101,141,No,17.2,384,1
Toyota,TOY240,Petrol,Automatic,Pickup,Silver,2463000.0,3.0,123,185,No,13.6,268,1
Audi,AUD977,Petrol,Manual,SUV,Silver,8824000.0,2.7,354,216,Yes,17.8,140,1
Ford,FOR460,Diesel,Manual,Hatchback,Blue,2191000.0,1.9,209,190,No,13.5,401,1
Tata,TAT575,Diesel,Automatic,Pickup,Blue,1593000.0,1.7,83,134,No,17.4,392,1
Mahindra,MAH478,Petrol,Automatic,Pickup,White,3635000.0,2.3,210,155,Yes,14.1,328,1
BMW,BMW995,Petrol,Manual,Sedan,Silver,11727000.0,3.4,284,232,No,16.5,132,0
Honda,HON615,Petrol,Manual,Hatchback,Red,3365000.0,2.3,95,158,Yes,12.2,521,1
Audi,AUD815,Hybrid,Automatic,Coupe,Grey,11923000.0,3.0,446,304,No,28.3,459,1
Tata,TAT682,Petrol,Manual,SUV,Green,1031000.0,1.6,83,130,Yes,12.6,500,1
Ford,FOR949,Diesel,Automatic,Pickup,White,2952000.0,1.4,204,213,Yes,13.3,604,1
Maruti Suzuki,MAR467,Petrol,Automatic,SUV,Blue,1149000.0,1.9,113,126,No,12.2,568,1
Toyota,TOY720,Hybrid,Manual,Hatchback,Red,4905000.0,3.4,157,144,Yes,26.2,450,1
BMW,BMW605,Petrol,Manual,Sedan,Blue,14837000.0,3.9,256,229,No,14.3,226,1
BMW,BMW640,Diesel,Automatic,Coupe,Grey,6242000.0,3.5,311,291,Yes,18.9,143,1
Mercedes,MER376,Electric,Manual,Pickup,Black,11451000.0,3.0,380,216,No,38.7,30,0
Mahindra,MAH599,Hybrid,Manual,Pickup,Silver,2995000.0,1.7,116,169,No,23.5,114,1
Honda,HON272,Diesel,Manual,Coupe,Green,4158000.0,1.5,194,180,Yes,15.3,395,1
Kia,KIA283,Petrol,Manual,Pickup,Green,2330000.0,2.1,169,188,Yes,16.7,504,1
Mercedes,MER169,Hybrid,Automatic,Sedan,Black,15545000.0,4.2,201,247,Yes,29.5,258,1
Mercedes,MER918,Petrol,Manual,Pickup,Grey,13414000.0,3.6,247,232,Yes,19.0,372,1
Kia,KIA737,Hybrid,Manual,Sedan,Red,2042000.0,2.0,205,141,No,26.4,570,1
Tata,TAT594,Diesel,Manual,Coupe,Red,1726000.0,1.3,64,169,Yes,13.1,715,1
Mercedes,MER251,Petrol,Automatic,Sedan,White,16897000.0,4.6,323,213,No,18.8,65,0
Audi,AUD440,Petrol,Automatic,Sedan,Grey,12406000.0,3.7,297,206,Yes,15.8,36,0
Maruti Suzuki,MAR865,Hybrid,Manual,SUV,Black,2105000.0,1.3,75,141,Yes,25.9,415,1
Tata,TAT449,Petrol,Manual,Coupe,Grey,2215000.0,1.8,110,171,Yes,19.4,463,1
BMW,BMW104,Petrol,Manual,Coupe,Blue,10321000.0,3.1,356,248,Yes,16.9,30,0
Hyundai,HYU685,Petrol,Automatic,Hatchback,Green,2424000.0,1.9,146,204,Yes,16.8,306,1
Maruti Suzuki,MAR834,Petrol,Manual,Pickup,Green,1728000.0,1.7,87,133,No,16.5,586,1
BMW,BMW279,Petrol,Manual,Hatchback,Blue,10018000.0,4.8,349,200,No,13.7,398,1
Ford,FOR418,Petrol,Automatic,Pickup,Red,3434000.0,2.6,186,168,Yes,19.5,504,1
BMW,BMW309,Petrol,Automatic,Coupe,Black,9636000.0,2.1,274,215,Yes,14.9,207,1
Maruti Suzuki,MAR562,Petrol,Automatic,Coupe,Green,2001000.0,1.6,77,138,Yes,15.7,609,1
Toyota,TOY164,Petrol,Manual,Hatchback,Black,1745000.0,1.2,94,168,No,13.0,403,1
Toyota,TOY801,Hybrid,Manual,Coupe,Grey,1854000.0,1.3,209,188,No,20.3,132,1
Honda,HON613,Diesel,Automatic,Hatchback,Black,2802000.0,1.2,159,163,No,14.6,853,1
Mahindra,MAH951,Petrol,Automatic,Coupe,Red,3815000.0,3.0,187,233,No,15.6,394,1
Mahindra,MAH332,Hybrid,Manual,Coupe,White,2971000.0,3.1,228,189,No,25.4,215,1
Mahindra,MAH559,Petrol,Manual,Sedan,White,4442000.0,2.4,193,154,Yes,14.1,337,1
Kia,KIA302,Petrol,Manual,Hatchback,Black,1706000.0,1.8,168,206,No,16.3,167,1
Mahindra,MAH935,Petrol,Automatic,Hatchback,Red,5041000.0,3.0,219,140,No,18.2,578,1
Mahindra,MAH784,Hybrid,Manual,Pickup,Black,2060000.0,2.5,161,185,Yes,21.3,219,1
BMW,BMW779,Petrol,Automatic,Sedan,Grey,7228000.0,4.0,436,234,No,15.8,242,1
Tata,TAT555,Petrol,Automatic,Hatchback,Green,617000.0,1.0,69,178,No,15.2,572,1
Tata,TAT956,Petrol,Manual,Pickup,Red,1627000.0,1.9,73,147,No,18.9,621,1
Tata,TAT711,Hybrid,Manual,Hatchback,Black,1394000.0,1.2,72,165,Yes,20.1,695,1
Hyundai,HYU925,Diesel,Automatic,Hatchback,Black,3410000.0,2.3,226,192,No,18.3,794,1
Maruti Suzuki,MAR336,Petrol,Manual,Pickup,Red,697000.0,1.0,61,128,No,17.3,848,1
BMW,BMW716,Petrol,Manual,Pickup,Green,8501000.0,3.1,419,245,No,19.4,244,1
Hyundai,HYU847,Diesel,Manual,Hatchback,Green,4452000.0,2.8,236,197,Yes,19.6,403,1
Toyota,TOY637,Petrol,Manual,Sedan,Grey,2307000.0,3.2,170,218,Yes,12.9,421,1
Mahindra,MAH152,Petrol,Automatic,Pickup,Green,2618000.0,2.0,172,190,Yes,17.3,146,1
Mercedes,MER722,Diesel,Manual,Hatchback,Green,10768000.0,4.5,183,188,Yes,17.5,30,0
Mercedes,MER347,Petrol,Manual,Hatchback,Blue,16688000.0,3.9,250,216,Yes,19.8,30,0
Toyota,TOY467,Petrol,Manual,Sedan,White,3034000.0,3.4,205,194,No,13.9,475,1
Hyundai,HYU933,Electric,Manual,Pickup,Red,2900000.0,2.0,128,211,Yes,30.7,599,1
Toyota,TOY605,Petrol,Manual,Hatchback,Green,2235000.0,2.9,194,213,Yes,18.7,375,1
Mercedes,MER374,Diesel,Automatic,Pickup,Black,13294000.0,2.9,313,246,No,12.2,101,0
Audi,AUD646,Diesel,Automatic,SUV,Silver,6617000.0,2.7,196,249,No,19.0,367,1
Ford,FOR878,Petrol,Manual,SUV,Red,3233000.0,2.8,179,204,No,18.8,314,1
Honda,HON285,Petrol,Manual,Coupe,Blue,3943000.0,3.5,199,242,Yes,18.8,217,1
Toyota,TOY823,Diesel,Automatic,SUV,White,3507000.0,3.3,150,170,No,18.2,338,1
BMW,BMW915,Diesel,Automatic,SUV,Silver,14001000.0,3.3,433,247,No,16.0,134,0
Toyota,TOY442,Petrol,Automatic,Pickup,Green,3271000.0,2.9,163,155,No,18.0,268,1
Mahindra,MAH836,Petrol,Manual,Coupe,Blue,3931000.0,2.6,127,225,Yes,13.9,422,1
BMW,BMW824,Diesel,Manual,Pickup,Black,10560000.0,4.5,430,197,Yes,19.4,181,1
BMW,BMW788,Diesel,Automatic,Sedan,Silver,5884000.0,2.7,284,244,No,13.9,203,1
Mahindra,MAH453,Hybrid,Manual,Coupe,Silver,2638000.0,2.9,138,227,Yes,24.3,394,1
Mahindra,MAH373,Petrol,Automatic,Sedan,Red,1414000.0,1.9,146,176,Yes,17.4,177,1
Audi,AUD171,Electric,Manual,SUV,White,11705000.0,3.8,340,206,Yes,39.0,264,1
Toyota,TOY304,Petrol,Manual,Sedan,White,1565000.0,2.3,119,178,Yes,13.5,481,1
Maruti Suzuki,MAR116,Petrol,Manual,Coupe,Blue,1707000.0,1.1,117,131,No,17.3,575,1
Honda,HON184,Electric,Automatic,Pickup,Green,4552000.0,2.1,243,217,Yes,27.8,491,1
Hyundai,HYU163,Petrol,Manual,Pickup,Green,3479000.0,1.6,126,146,No,13.3,429,1
Hyundai,HYU478,Diesel,Manual,Sedan,Silver,4049000.0,2.0,244,143,Yes,12.5,864,1
BMW,BMW737,Diesel,Automatic,Coupe,Green,16387000.0,4.7,394,258,Yes,14.2,250,1
Kia,KIA395,Petrol,Manual,Sedan,White,2838000.0,2.0,182,198,No,17.6,300,1
Audi,AUD435,Hybrid,Manual,SUV,Blue,8396000.0,3.8,220,188,No,27.9,406,1
Audi,AUD289,Petrol,Automatic,Pickup,White,7732000.0,4.7,215,240,No,14.8,363,1
Honda,HON774,Petrol,Manual,SUV,Grey,1584000.0,1.9,119,179,Yes,19.6,604,1
Toyota,TOY429,Petrol,Manual,Sedan,Grey,4201000.0,2.6,147,219,No,13.5,162,1
BMW,BMW574,Petrol,Automatic,SUV,Blue,11460000.0,4.4,180,229,Yes,14.1,170,1
Mercedes,MER109,Hybrid,Automatic,Hatchback,Red,17704000.0,4.7,237,188,Yes,23.6,83,0
Mercedes,MER713,Hybrid,Manual,SUV,White,15293000.0,4.6,440,232,No,26.0,341,1
Audi,AUD828,Diesel,Manual,Pickup,Black,13326000.0,3.0,190,209,No,19.8,598,1
Hyundai,HYU986,Petrol,Automatic,SUV,White,3698000.0,1.3,229,177,No,14.9,709,1
Tata,TAT803,Petrol,Automatic,Pickup,White,1503000.0,1.7,94,128,Yes,14.1,242,1
Audi,AUD188,Petrol,Manual,Coupe,Black,16106000.0,4.0,301,221,No,12.1,199,0
Ford,FOR832,Petrol,Manual,Coupe,Blue,3062000.0,3.1,135,239,No,17.6,328,1
Kia,KIA628,Petrol,Manual,Sedan,Grey,1791000.0,2.7,114,192,Yes,13.1,535,1
Tata,TAT853,Diesel,Manual,Pickup,Silver,637000.0,1.2,79,147,Yes,18.9,200,1
BMW,BMW796,Petrol,Manual,SUV,Red,7615000.0,3.0,308,200,No,17.0,375,1
Honda,HON311,Hybrid,Automatic,SUV,Red,2754000.0,1.4,190,185,Yes,23.4,337,1
Maruti Suzuki,MAR816,Petrol,Manual,Pickup,White,580000.0,1.2,84,131,No,16.6,711,1
Ford,FOR484,Diesel,Manual,Hatchback,Red,3674000.0,2.8,187,218,No,14.1,416,1
Mercedes,MER249,Diesel,Manual,Hatchback,Black,8053000.0,2.4,311,186,Yes,14.2,288,1
Hyundai,HYU230,Petrol,Manual,Sedan,Black,4594000.0,2.9,152,209,Yes,19.0,546,1
Maruti Suzuki,MAR301,Petrol,Automatic,Sedan,Grey,2051000.0,1.6,72,125,Yes,19.3,581,1
Kia,KIA514,Petrol,Manual,Hatchback,Silver,2816000.0,1.3,235,162,No,12.2,309,1
BMW,BMW659,Petrol,Automatic,SUV,Blue,18013000.0,2.9,416,211,Yes,17.3,252,0
Toyota,TOY954,Diesel,Manual,Coupe,Grey,2325000.0,3.4,99,199,No,19.1,156,1
Maruti Suzuki,MAR990,Petrol,Manual,Sedan,White,1409000.0,1.6,99,124,No,12.1,584,1
BMW,BMW850,Petrol,Manual,Pickup,White,10062000.0,4.0,243,231,Yes,15.7,279,1
Ford,FOR591,Petrol,Manual,Pickup,Green,3619000.0,1.8,122,206,Yes,14.6,550,1
Maruti Suzuki,MAR284,Petrol,Manual,Coupe,Green,1570000.0,1.4,74,165,No,13.4,539,1
Honda,HON600,Electric,Automatic,Sedan,Blue,4128000.0,1.5,218,173,Yes,27.8,244,1
Mercedes,MER807,Petrol,Manual,SUV,Silver,7530000.0,2.7,414,187,Yes,19.8,127,1
BMW,BMW369,Petrol,Automatic,Coupe,Black,6621000.0,4.0,411,312,No,13.2,154,1
Tata,TAT853,Petrol,Manual,Pickup,Grey,1182000.0,1.7,80,138,Yes,12.9,548,1
Mahindra,MAH620,Petrol,Manual,Pickup,Silver,1607000.0,1.5,230,140,Yes,17.5,356,1
Kia,KIA676,Hybrid,Automatic,Coupe,Grey,3807000.0,2.7,162,206,No,29.4,573,1
Toyota,TOY233,Petrol,Automatic,Coupe,Red,4370000.0,2.7,121,211,Yes,16.0,513,1
Honda,HON256,Petrol,Automatic,Pickup,Blue,2925000.0,2.8,93,202,No,13.7,625,1
Mercedes,MER372,Hybrid,Automatic,SUV,Blue,10870000.0,2.3,210,182,Yes,29.1,30,0
Tata,TAT569,Petrol,Manual,SUV,Grey,1918000.0,1.6,97,149,Yes,12.1,686,1
Kia,KIA334,Petrol,Automatic,Hatchback,Grey,2095000.0,1.5,195,159,Yes,15.6,208,1
Mahindra,MAH238,Petrol,Manual,Pickup,Grey,4533000.0,3.3,103,206,No,15.9,241,1
Toyota,TOY863,Diesel,Automatic,Pickup,Black,3220000.0,1.5,111,211,Yes,19.2,562,1
Maruti Suzuki,MAR812,Petrol,Automatic,Coupe,Green,1586000.0,1.2,79,128,No,18.2,585,1
Ford,FOR488,Diesel,Automatic,Pickup,Grey,4673000.0,2.5,194,199,Yes,13.8,209,1
Honda,HON823,Hybrid,Automatic,Pickup,Black,3441000.0,3.2,130,177,No,27.5,186,1
BMW,BMW945,Diesel,Manual,Sedan,Red,6273000.0,3.5,218,217,Yes,18.1,337,1
Honda,HON524,Petrol,Manual,Sedan,Silver,2256000.0,1.6,164,210,Yes,12.6,384,1
Mercedes,MER807,Diesel,Manual,Hatchback,White,9732000.0,4.0,276,184,No,14.7,211,1
Hyundai,HYU454,Diesel,Automatic,SUV,Green,1705000.0,2.8,91,141,Yes,18.2,470,1
Honda,HON340,Petrol,Automatic,Pickup,Green,1729000.0,1.9,243,218,Yes,13.3,728,1
Audi,AUD463,Diesel,Automatic,Sedan,Silver,12981000.0,4.8,383,233,No,14.2,536,1
Maruti Suzuki,MAR580,Petrol,Manual,SUV,Red,1276000.0,1.5,77,125,Yes,13.0,524,1
Maruti Suzuki,MAR199,Petrol,Manual,Pickup,Silver,956000.0,1.3,87,150,No,14.5,518,1
Kia,KIA130,Hybrid,Manual,SUV,White,4521000.0,2.5,215,213,Yes,21.6,90,1
Maruti Suzuki,MAR461,Petrol,Manual,Coupe,Silver,1119000.0,1.0,108,126,No,20.0,319,1
Honda,HON426,Petrol,Automatic,Sedan,White,3653000.0,2.5,114,181,Yes,14.1,555,1
Audi,AUD791,Petrol,Manual,Pickup,Silver,10982000.0,3.4,407,186,Yes,16.8,170,1
Mahindra,MAH935,Petrol,Automatic,Pickup,White,3359000.0,2.2,222,215,No,15.7,321,1
Mercedes,MER972,Petrol,Manual,SUV,Grey,13944000.0,4.0,240,184,No,19.6,30,0
Maruti Suzuki,MAR914,Hybrid,Automatic,Pickup,Blue,1057000.0,1.6,109,138,No,26.4,585,1
Kia,KIA960,Diesel,Manual,Hatchback,Silver,3113000.0,3.0,109,175,Yes,14.4,249,1
Audi,AUD553,Diesel,Automatic,SUV,Grey,9021000.0,4.3,181,232,Yes,18.5,287,1
Maruti Suzuki,MAR732,Diesel,Manual,Sedan,Black,1162000.0,1.4,118,172,Yes,15.7,718,1
BMW,BMW454,Hybrid,Manual,Pickup,Green,19813000.0,4.5,423,227,No,28.6,238,0
Mahindra,MAH663,Diesel,Manual,Pickup,Blue,3083000.0,3.0,196,211,No,15.2,330,1
Mahindra,MAH918,Petrol,Manual,SUV,Silver,2278000.0,1.3,164,197,Yes,14.4,75,1
Audi,AUD357,Petrol,Automatic,Hatchback,Red,13873000.0,2.2,370,206,No,12.3,220,1
Ford,FOR935,Electric,Automatic,Hatchback,Grey,4119000.0,2.3,185,198,Yes,34.8,484,1
Mahindra,MAH801,Petrol,Automatic,Sedan,Black,2983000.0,2.0,128,212,Yes,19.8,418,1
Mahindra,MAH508,Petrol,Manual,Coupe,Blue,2182000.0,1.5,125,226,No,13.4,275,1
Audi,AUD398,Hybrid,Manual,Pickup,Red,14569000.0,4.9,224,188,No,24.7,131,0
BMW,BMW368,Petrol,Automatic,Pickup,Green,18072000.0,4.9,241,202,Yes,19.3,219,0
Maruti Suzuki,MAR305,Diesel,Manual,Hatchback,Black,1752000.0,1.0,109,156,Yes,19.6,641,1
Kia,KIA908,Hybrid,Automatic,Hatchback,Blue,3624000.0,1.3,115,178,Yes,28.8,138,1
Audi,AUD943,Petrol,Manual,SUV,Red,5944000.0,2.7,362,244,No,14.6,352,1
Mahindra,MAH572,Diesel,Manual,Pickup,Green,3886000.0,2.1,139,180,Yes,15.5,290,1
Hyundai,HYU623,Petrol,Manual,Pickup,Blue,2693000.0,3.1,249,191,No,14.0,679,1
BMW,BMW302,Petrol,Manual,Hatchback,Black,6797000.0,2.2,200,244,Yes,12.8,537,1
Mercedes,MER757,Petrol,Automatic,Pickup,Green,14152000.0,2.5,298,197,Yes,14.0,177,0
BMW,BMW997,Hybrid,Automatic,Sedan,Black,8553000.0,3.8,184,208,No,21.9,261,1
Kia,KIA982,Diesel,Manual,Pickup,Green,4046000.0,1.7,219,173,Yes,13.4,417,1
Honda,HON734,Petrol,Manual,Pickup,Red,4393000.0,3.0,249,202,Yes,13.2,371,1
Kia,KIA482,Petrol,Manual,SUV,Black,1978000.0,3.0,174,215,Yes,16.7,60,1
Tata,TAT707,Hybrid,Manual,Sedan,Silver,1322000.0,1.1,68,170,No,29.9,692,1
Mercedes,MER767,Petrol,Automatic,Pickup,Grey,13914000.0,4.9,244,218,No,15.3,147,0
Ford,FOR419,Petrol,Manual,Sedan,Black,2922000.0,1.8,169,189,Yes,12.6,480,1
Audi,AUD522,Petrol,Manual,SUV,Silver,14163000.0,3.3,196,212,No,13.1,403,1
Tata,TAT526,Diesel,Manual,Pickup,Black,1517000.0,1.0,82,124,Yes,12.0,267,1
Maruti Suzuki,MAR907,Petrol,Manual,Pickup,Green,2246000.0,1.9,111,152,No,12.6,649,1
Honda,HON209,Hybrid,Manual,Sedan,Blue,2015000.0,3.3,230,174,No,23.3,619,1
Mercedes,MER994,Petrol,Automatic,Hatchback,Silver,13820000.0,3.8,242,198,No,17.8,279,1
Maruti Suzuki,MAR611,Diesel,Automatic,Sedan,Blue,1747000.0,1.1,71,160,Yes,15.1,903,1
Kia,KIA826,Diesel,Automatic,Coupe,Silver,4002000.0,3.1,134,217,No,13.0,517,1
Maruti Suzuki,MAR225,Petrol,Automatic,SUV,Green,2008000.0,1.8,77,129,No,12.6,472,1
Hyundai,HYU970,Diesel,Automatic,Pickup,Black,3789000.0,2.8,188,210,No,15.0,573,1
BMW,BMW441,Petrol,Manual,Sedan,Silver,12901000.0,2.1,210,208,Yes,16.8,260,1
Audi,AUD772,Petrol,Automatic,Sedan,White,10440000.0,4.7,323,221,No,19.6,179,1
Mercedes,MER486,Petrol,Manual,Hatchback,Grey,14386000.0,3.3,308,225,No,13.6,160,0
Audi,AUD325,Petrol,Manual,SUV,Green,12720000.0,2.8,215,195,No,17.4,163,0
Maruti Suzuki,MAR155,Petrol,Automatic,Pickup,White,1611000.0,1.7,79,174,No,15.6,698,1
Mahindra,MAH727,Petrol,Manual,Sedan,Grey,4984000.0,2.7,241,183,Yes,14.5,303,1
Ford,FOR920,Petrol,Manual,Pickup,Silver,2500000.0,2.5,186,175,No,19.1,104,1
Tata,TAT835,Petrol,Manual,Hatchback,Grey,661000.0,2.0,109,156,Yes,18.6,420,1
Tata,TAT560,Hybrid,Manual,Coupe,Blue,1996000.0,1.9,83,153,No,21.0,465,1
Hyundai,HYU294,Electric,Automatic,Sedan,White,2815000.0,2.2,136,182,No,25.8,766,1
Ford,FOR460,Diesel,Automatic,Pickup,Silver,4764000.0,2.2,238,197,Yes,14.3,238,1
Hyundai,HYU627,Petrol,Automatic,SUV,Black,1679000.0,2.8,138,157,No,17.9,671,1
Kia,KIA748,Diesel,Manual,SUV,Grey,3792000.0,2.3,240,194,No,19.1,259,1
Hyundai,HYU645,Diesel,Manual,SUV,Black,1828000.0,1.9,245,217,No,18.1,412,1
Tata,TAT995,Petrol,Manual,Pickup,Green,1504000.0,1.8,93,120,No,16.0,272,1
Toyota,TOY834,Diesel,Automatic,SUV,Blue,1991000.0,1.8,189,151,No,17.8,495,1
Tata,TAT176,Petrol,Automatic,Hatchback,Grey,1294000.0,1.4,108,150,No,15.0,453,1
BMW,BMW258,Petrol,Automatic,Coupe,Red,14759000.0,3.5,236,273,Yes,14.3,383,1
Mahindra,MAH346,Petrol,Automatic,Coupe,Blue,1613000.0,1.4,128,231,Yes,18.7,236,1
Mercedes,MER534,Hybrid,Automatic,Hatchback,Grey,12980000.0,2.7,348,242,No,20.4,299,1
Mahindra,MAH764,Diesel,Automatic,Hatchback,Grey,5054000.0,3.1,211,195,No,18.2,481,1
Mahindra,MAH755,Diesel,Automatic,Coupe,Red,2949000.0,3.4,234,219,Yes,18.3,64,1
Audi,AUD856,Petrol,Manual,Hatchback,Red,15591000.0,2.7,336,213,No,18.2,471,1
Honda,HON797,Petrol,Manual,Sedan,Green,2248000.0,1.5,107,149,No,12.3,321,1
Toyota,TOY387,Petrol,Manual,Sedan,White,3003000.0,2.7,110,188,No,16.8,355,1
Honda,HON896,Hybrid,Automatic,Hatchback,Red,3055000.0,1.2,113,219,Yes,27.3,288,1
Ford,FOR119,Petrol,Automatic,Coupe,Green,3130000.0,2.6,225,238,No,14.6,689,1
Mercedes,MER870,Petrol,Manual,Hatchback,Red,7297000.0,4.8,296,205,Yes,19.3,178,1
Hyundai,HYU394,Petrol,Manual,Sedan,Grey,1660000.0,1.3,199,170,No,18.1,523,1
Tata,TAT566,Diesel,Manual,Coupe,White,979000.0,1.7,73,147,No,18.6,402,1
Honda,HON406,Petrol,Manual,Coupe,Black,4467000.0,2.9,158,220,No,17.5,516,1
Mahindra,MAH100,Petrol,Manual,Coupe,Blue,4619000.0,3.2,237,215,Yes,17.2,205,1
Mahindra,MAH217,Petrol,Automatic,Hatchback,Grey,1494000.0,2.5,165,216,No,19.2,543,1
Audi,AUD124,Petrol,Automatic,SUV,Black,6298000.0,2.7,419,189,Yes,12.4,128,1
Mahindra,MAH637,Hybrid,Automatic,Hatchback,Green,3799000.0,3.4,223,217,Yes,27.5,395,1
BMW,BMW506,Diesel,Automatic,Hatchback,Blue,10295000.0,3.1,301,236,Yes,19.3,236,1
Hyundai,HYU914,Petrol,Manual,Hatchback,White,2712000.0,2.3,233,143,No,18.3,225,1
Tata,TAT492,Diesel,Manual,Pickup,Grey,1329000.0,1.4,105,175,No,15.9,379,1
Mercedes,MER906,Petrol,Automatic,Hatchback,Blue,15846000.0,4.2,269,221,Yes,17.3,189,0
Mahindra,MAH273,Hybrid,Manual,Sedan,Silver,4542000.0,2.7,143,160,Yes,22.1,253,1
Hyundai,HYU767,Petrol,Manual,Coupe,Silver,2286000.0,1.6,111,205,No,16.9,575,1
Mercedes,MER164,Hybrid,Manual,Hatchback,Black,11516000.0,3.0,405,215,Yes,20.9,30,0
Mercedes,MER768,Electric,Manual,SUV,Silver,11403000.0,4.9,443,197,No,27.5,30,0
Audi,AUD547,Diesel,Automatic,SUV,Silver,10030000.0,3.6,242,188,No,16.6,127,0
BMW,BMW742,Electric,Manual,SUV,Blue,15902000.0,2.4,370,210,Yes,29.4,228,1
Audi,AUD695,Petrol,Manual,Pickup,Grey,11169000.0,3.3,201,221,No,15.4,423,1
Toyota,TOY543,Petrol,Manual,Hatchback,Red,1613000.0,2.6,91,156,No,18.2,415,1
Mercedes,MER119,Petrol,Manual,Coupe,Silver,15106000.0,2.5,292,269,Yes,15.6,149,0
Audi,AUD526,Petrol,Manual,Coupe,Green,11652000.0,3.2,220,210,Yes,18.0,339,1
Mahindra,MAH986,Petrol,Automatic,Sedan,Black,3103000.0,1.3,122,163,No,16.8,232,1
Tata,TAT203,Petrol,Automatic,Sedan,Green,1766000.0,1.1,74,142,No,13.5,301,1
Toyota,TOY955,Petrol,Manual,Hatchback,Red,2371000.0,2.4,146,167,Yes,14.1,808,1
Tata,TAT447,Petrol,Manual,Coupe,Red,1414000.0,1.4,71,120,No,13.2,487,1
BMW,BMW678,Diesel,Automatic,Coupe,Green,7962000.0,3.3,268,264,Yes,17.8,166,1
Toyota,TOY848,Hybrid,Manual,Sedan,Red,2332000.0,1.3,92,157,Yes,24.2,382,1
Kia,KIA131,Petrol,Manual,Pickup,Green,4067000.0,1.4,241,208,No,18.7,303,1
Kia,KIA709,Petrol,Automatic,Coupe,Red,3420000.0,1.4,114,189,No,12.9,494,1
Audi,AUD309,Diesel,Manual,Sedan,Red,8512000.0,2.7,362,186,Yes,14.9,174,1
Kia,KIA838,Diesel,Manual,Coupe,Silver,2558000.0,3.1,172,225,Yes,13.0,318,1
BMW,BMW957,Petrol,Manual,Pickup,Black,15773000.0,4.9,317,215,No,12.9,325,1
Honda,HON880,Hybrid,Manual,SUV,Silver,2725000.0,3.2,111,213,No,26.7,648,1
Hyundai,HYU953,Diesel,Manual,SUV,Red,1700000.0,1.7,135,170,Yes,19.3,213,1
BMW,BMW188,Diesel,Manual,Hatchback,Blue,9396000.0,3.6,223,231,No,16.5,345,1
BMW,BMW399,Petrol,Manual,Hatchback,Blue,18468000.0,4.0,428,219,Yes,18.6,237,0
Hyundai,HYU608,Petrol,Manual,Coupe,Black,2660000.0,1.4,249,191,Yes,14.0,479,1
Honda,HON523,Diesel,Automatic,Hatchback,Blue,2607000.0,2.6,249,144,Yes,18.2,304,1
Hyundai,HYU708,Petrol,Automatic,Sedan,Grey,1653000.0,1.2,192,209,No,13.4,399,1
Ford,FOR324,Petrol,Manual,Coupe,Black,3938000.0,1.8,161,242,No,16.4,278,1
Hyundai,HYU421,Petrol,Manual,Coupe,White,4738000.0,3.3,163,220,Yes,13.8,447,1
Mercedes,MER305,Diesel,Manual,Hatchback,Blue,8626000.0,2.3,331,197,No,13.2,355,1
Maruti Suzuki,MAR733,Hybrid,Manual,Sedan,Silver,935000.0,1.3,90,143,Yes,20.8,819,1
Ford,FOR741,Hybrid,Automatic,Hatchback,Green,3357000.0,3.4,105,205,Yes,25.1,377,1
Honda,HON474,Petrol,Automatic,Hatchback,Grey,2975000.0,2.4,142,165,No,17.1,465,1
Kia,KIA664,Hybrid,Automatic,Sedan,Black,3348000.0,2.0,124,157,Yes,20.8,269,1
Ford,FOR124,Petrol,Automatic,Hatchback,Blue,1434000.0,1.6,93,161,Yes,14.5,268,1
Mercedes,MER785,Electric,Automatic,SUV,White,10475000.0,2.4,316,207,No,29.9,110,0
Mahindra,MAH642,Petrol,Automatic,Coupe,Grey,4652000.0,3.1,248,195,No,19.1,652,1
Hyundai,HYU745,Diesel,Automatic,Pickup,Blue,4861000.0,3.4,206,167,No,15.9,695,1
Ford,FOR799,Petrol,Manual,Coupe,Grey,3710000.0,3.1,195,205,No,15.3,373,1
Mercedes,MER634,Petrol,Automatic,Hatchback,Green,16816000.0,3.3,396,236,Yes,12.5,76,0
Maruti Suzuki,MAR971,Hybrid,Manual,Sedan,White,1289000.0,1.7,85,152,No,25.9,557,1
Hyundai,HYU366,Hybrid,Automatic,Pickup,Red,1393000.0,1.5,171,185,Yes,21.5,383,1
Audi,AUD669,Diesel,Automatic,Sedan,White,15545000.0,3.1,428,207,No,13.2,310,1
Audi,AUD284,Diesel,Manual,Sedan,White,9133000.0,3.1,220,203,No,12.2,479,1
Mercedes,MER805,Petrol,Automatic,Hatchback,Red,13673000.0,4.7,394,181,No,19.1,30,0
Audi,AUD572,Petrol,Automatic,Coupe,Blue,13125000.0,3.0,248,219,Yes,15.9,218,1
Honda,HON627,Diesel,Manual,SUV,Silver,1850000.0,3.0,165,175,No,12.0,445,1
Hyundai,HYU510,Hybrid,Automatic,Sedan,Blue,2786000.0,3.0,100,169,No,25.8,751,1
Hyundai,HYU771,Petrol,Automatic,Hatchback,Black,2523000.0,1.6,137,164,No,19.9,390,1
Mercedes,MER606,Hybrid,Automatic,Sedan,Grey,14933000.0,3.3,299,218,No,26.0,106,0
Toyota,TOY971,Petrol,Manual,Coupe,Grey,3070000.0,1.3,221,193,No,14.3,478,1
Honda,HON291,Diesel,Manual,SUV,Blue,3527000.0,2.9,194,148,No,14.4,354,1
Kia,KIA133,Diesel,Manual,Coupe,Red,2703000.0,1.9,123,240,Yes,18.0,530,1
Mercedes,MER219,Petrol,Manual,Pickup,Red,11072000.0,2.0,282,200,Yes,13.7,94,0
Mahindra,MAH349,Diesel,Manual,Coupe,Grey,2473000.0,3.4,167,239,Yes,13.7,445,1
Hyundai,HYU728,Petrol,Manual,Sedan,Green,1789000.0,3.3,156,152,No,17.5,548,1
Maruti Suzuki,MAR633,Diesel,Automatic,Pickup,Silver,1836000.0,1.0,119,161,No,14.6,550,1
Ford,FOR144,Diesel,Automatic,SUV,Red,2221000.0,2.3,215,192,No,15.5,189,1
Maruti Suzuki,MAR555,Hybrid,Automatic,Sedan,Grey,824000.0,2.0,76,136,Yes,26.5,416,1
Honda,HON701,Petrol,Automatic,SUV,Grey,2658000.0,1.2,121,140,No,13.4,414,1
Audi,AUD230,Diesel,Manual,Coupe,Silver,10713000.0,3.2,279,299,Yes,17.4,236,1
Maruti Suzuki,MAR264,Petrol,Manual,Pickup,Green,993000.0,1.1,100,170,No,13.5,706,1
Audi,AUD227,Petrol,Manual,SUV,White,14863000.0,3.6,218,225,No,16.2,238,1
Mahindra,MAH891,Petrol,Automatic,Sedan,Blue,3777000.0,2.5,135,214,No,13.9,244,1
Mahindra,MAH579,Petrol,Manual,Sedan,Black,2295000.0,2.0,233,180,No,17.5,373,1
Hyundai,HYU763,Petrol,Automatic,Hatchback,Black,3365000.0,1.7,142,196,No,13.9,466,1
Honda,HON219,Diesel,Automatic,Hatchback,Silver,2331000.0,2.8,230,146,Yes,15.6,691,1
Kia,KIA325,Petrol,Manual,SUV,White,4832000.0,2.8,189,219,Yes,12.5,496,1
BMW,BMW822,Diesel,Manual,Pickup,Blue,6583000.0,3.7,276,186,No,14.5,364,1
Tata,TAT491,Diesel,Automatic,Sedan,Red,732000.0,1.5,77,160,Yes,16.4,552,1
Kia,KIA533,Electric,Manual,SUV,Red,3777000.0,1.3,165,155,Yes,33.1,535,1
Toyota,TOY726,Diesel,Manual,Pickup,Blue,2160000.0,1.2,226,149,Yes,12.1,339,1
Mahindra,MAH522,Petrol,Manual,Pickup,Green,2276000.0,2.1,102,205,No,15.2,39,1
Mahindra,MAH195,Diesel,Automatic,Sedan,Black,3453000.0,3.0,234,217,Yes,15.4,288,1
Mercedes,MER139,Petrol,Automatic,SUV,Silver,14468000.0,2.9,181,233,Yes,13.4,171,0
Tata,TAT990,Petrol,Manual,Hatchback,Blue,1992000.0,1.8,114,152,Yes,17.6,521,1
Hyundai,HYU744,Petrol,Manual,Coupe,Silver,4078000.0,2.8,193,218,No,15.8,573,1
Ford,FOR845,Diesel,Automatic,Coupe,White,1966000.0,2.4,105,223,No,19.6,313,1
Honda,HON362,Petrol,Manual,Coupe,Silver,3712000.0,1.7,245,201,Yes,15.5,491,1
Tata,TAT685,Petrol,Manual,Hatchback,Green,715000.0,1.7,81,124,No,19.5,499,1
Toyota,TOY857,Petrol,Manual,Coupe,Green,3310000.0,2.9,128,233,Yes,18.6,674,1
BMW,BMW352,Diesel,Automatic,Hatchback,White,18398000.0,4.5,300,226,Yes,18.3,30,0
Kia,KIA874,Petrol,Manual,Hatchback,Grey,1694000.0,2.6,247,215,No,18.7,149,1
Mahindra,MAH598,Petrol,Manual,SUV,Green,3608000.0,3.2,107,213,Yes,19.4,379,1
Mercedes,MER159,Petrol,Manual,Pickup,Green,7214000.0,4.7,435,182,No,14.4,30,0
Honda,HON485,Diesel,Automatic,Hatchback,Blue,3942000.0,2.0,243,219,Yes,14.5,263,1
Toyota,TOY474,Petrol,Automatic,Pickup,White,3103000.0,2.5,182,169,No,13.3,357,1
Mahindra,MAH205,Petrol,Automatic,Coupe,Grey,1604000.0,2.6,102,184,No,17.0,378,1
Honda,HON675,Diesel,Automatic,Coupe,Green,2863000.0,1.3,163,210,No,16.4,315,1
Audi,AUD687,Petrol,Automatic,SUV,Green,12770000.0,4.4,429,242,No,15.8,396,1
Hyundai,HYU806,Petrol,Manual,Coupe,Green,3263000.0,2.4,228,238,No,14.5,491,1
Mercedes,MER960,Petrol,Automatic,Sedan,Grey,9784000.0,4.9,251,192,Yes,19.2,36,0
Honda,HON792,Petrol,Manual,Pickup,White,1591000.0,1.8,160,187,Yes,14.6,236,1
Mercedes,MER139,Petrol,Manual,Sedan,Grey,13203000.0,3.2,409,209,Yes,15.6,197,1
Tata,TAT753,Diesel,Manual,Coupe,Red,1428000.0,1.1,69,167,No,14.2,405,1
Kia,KIA894,Electric,Automatic,Hatchback,Red,4390000.0,3.5,149,180,No,31.6,393,1
Toyota,TOY805,Diesel,Manual,Coupe,Red,3777000.0,1.2,194,225,No,15.1,294,1
Ford,FOR198,Petrol,Manual,Sedan,Red,3544000.0,1.4,180,164,Yes,14.1,236,1
BMW,BMW942,Petrol,Manual,Coupe,Silver,13236000.0,4.7,346,294,Yes,16.8,159,0
Audi,AUD949,Petrol,Automatic,Hatchback,Red,16798000.0,3.5,328,216,Yes,14.5,515,1
Kia,KIA624,Petrol,Automatic,Sedan,Blue,2014000.0,1.4,204,163,No,15.1,368,1
Ford,FOR135,Petrol,Manual,Coupe,Black,1795000.0,3.0,130,218,No,16.1,469,1
Hyundai,HYU532,Diesel,Automatic,Sedan,Red,1863000.0,1.5,123,147,No,14.2,572,1
Maruti Suzuki,MAR559,Hybrid,Manual,Sedan,Grey,1577000.0,1.2,76,150,Yes,28.8,765,1
Maruti Suzuki,MAR472,Petrol,Manual,Coupe,Red,638000.0,1.5,63,147,Yes,17.0,508,1
Maruti Suzuki,MAR976,Diesel,Manual,Coupe,Red,897000.0,1.5,119,141,Yes,15.4,661,1
Mercedes,MER827,Petrol,Automatic,SUV,Grey,10341000.0,2.2,389,197,Yes,17.6,555,1
Mercedes,MER394,Petrol,Manual,SUV,Blue,6731000.0,4.7,245,226,Yes,18.4,120,1
Mercedes,MER621,Hybrid,Automatic,Sedan,Green,12938000.0,3.0,444,199,No,29.5,147,0
Tata,TAT621,Hybrid,Automatic,Hatchback,Silver,746000.0,1.0,75,125,Yes,29.9,337,1
Ford,FOR375,Diesel,Manual,Pickup,Black,3121000.0,1.2,125,193,Yes,15.2,352,1
Audi,AUD329,Diesel,Automatic,Hatchback,Red,14213000.0,3.8,352,196,Yes,15.0,442,1
Maruti Suzuki,MAR920,Diesel,Manual,Pickup,Silver,681000.0,1.6,87,165,Yes,13.7,407,1
Hyundai,HYU574,Hybrid,Automatic,Sedan,White,3806000.0,3.2,212,215,No,29.7,511,1
Mahindra,MAH803,Petrol,Manual,Coupe,White,3443000.0,1.9,125,211,Yes,20.0,103,1
Kia,KIA673,Petrol,Manual,SUV,Grey,4378000.0,2.1,200,203,Yes,18.7,292,1
Hyundai,HYU924,Electric,Manual,SUV,Silver,4419000.0,3.1,196,172,No,35.0,482,1
Ford,FOR346,Petrol,Manual,Pickup,White,2290000.0,2.0,178,144,Yes,18.2,501,1
Toyota,TOY277,Diesel,Manual,Pickup,Black,1598000.0,1.5,121,186,Yes,14.3,491,1
Ford,FOR326,Diesel,Manual,Pickup,White,4489000.0,3.2,182,209,No,18.2,321,1
Mahindra,MAH703,Petrol,Manual,SUV,White,3505000.0,1.3,94,154,No,19.4,99,1
Toyota,TOY123,Diesel,Manual,SUV,Red,3504000.0,3.1,238,198,No,18.1,686,1
Ford,FOR522,Diesel,Manual,Sedan,Silver,2584000.0,2.3,231,202,No,17.5,384,1
Ford,FOR246,Diesel,Automatic,Pickup,Grey,3564000.0,3.4,201,163,Yes,13.3,195,1
Mahindra,MAH403,Hybrid,Automatic,SUV,Black,4147000.0,2.3,194,185,Yes,21.1,276,1
Ford,FOR188,Diesel,Automatic,Pickup,Red,2719000.0,2.7,191,217,No,18.9,266,1
Kia,KIA376,Petrol,Automatic,Hatchback,Blue,3081000.0,2.4,197,149,Yes,20.0,483,1
Audi,AUD839,Electric,Automatic,Coupe,Grey,15803000.0,3.7,207,268,Yes,34.0,256,1
Kia,KIA268,Petrol,Automatic,Coupe,Grey,3401000.0,1.3,164,244,No,19.9,393,1
Honda,HON900,Hybrid,Manual,Hatchback,Blue,1980000.0,3.1,134,216,No,27.0,413,1
Audi,AUD679,Petrol,Manual,Hatchback,White,9198000.0,2.8,243,227,Yes,19.2,349,1
Ford,FOR868,Diesel,Manual,Pickup,Red,4516000.0,3.5,211,156,No,18.3,425,1
Mahindra,MAH766,Electric,Automatic,Pickup,Green,2695000.0,3.5,150,163,Yes,28.6,185,1
Kia,KIA585,Petrol,Manual,Sedan,Blue,4004000.0,1.9,137,143,No,14.0,396,1
Tata,TAT787,Petrol,Manual,Hatchback,Black,1233000.0,1.4,76,122,Yes,14.4,451,1
Audi,AUD395,Petrol,Manual,Sedan,Black,8849000.0,2.9,329,201,Yes,17.0,469,1
BMW,BMW857,Hybrid,Automatic,Sedan,Black,13926000.0,2.1,225,192,Yes,24.5,245,1
Kia,KIA795,Petrol,Automatic,Pickup,Red,3654000.0,1.2,148,200,No,13.2,262,1
Ford,FOR850,Petrol,Manual,SUV,Grey,1605000.0,2.7,91,204,Yes,12.5,604,1
Honda,HON330,Petrol,Automatic,Hatchback,Blue,1837000.0,1.4,118,208,No,17.6,475,1
BMW,BMW430,Petrol,Manual,SUV,Black,8943000.0,4.1,371,249,Yes,15.1,225,1
Maruti Suzuki,MAR456,Electric,Manual,Coupe,Silver,1887000.0,1.1,70,170,No,37.3,763,1
Tata,TAT997,Petrol,Manual,Pickup,Blue,1092000.0,1.6,82,120,No,12.2,518,1
Maruti Suzuki,MAR183,Hybrid,Manual,Sedan,Red,1027000.0,1.1,116,127,No,26.7,510,1
Kia,KIA854,Petrol,Manual,SUV,White,3638000.0,1.6,124,185,Yes,16.1,760,1
Kia,KIA924,Hybrid,Automatic,Sedan,Silver,4062000.0,1.3,211,158,No,23.7,507,1
Mahindra,MAH529,Diesel,Manual,SUV,Black,1786000.0,2.2,218,147,Yes,14.2,177,1
Hyundai,HYU285,Petrol,Automatic,Sedan,White,4288000.0,3.0,223,186,Yes,16.1,510,1
BMW,BMW870,Hybrid,Manual,Hatchback,Black,9151000.0,4.0,300,247,Yes,29.7,211,1
Audi,AUD502,Electric,Automatic,Hatchback,Blue,11596000.0,4.6,376,229,No,29.2,361,1
Audi,AUD173,Diesel,Manual,Hatchback,Blue,15600000.0,3.7,300,240,Yes,15.2,180,0
Tata,TAT356,Diesel,Manual,Pickup,Green,1445000.0,1.0,87,153,Yes,15.9,814,1
Toyota,TOY149,Petrol,Automatic,SUV,Grey,4127000.0,1.9,231,172,No,17.6,405,1
Hyundai,HYU778,Diesel,Manual,Coupe,Grey,2773000.0,1.4,148,190,No,16.2,690,1
Toyota,TOY240,Petrol,Manual,Coupe,Grey,3507000.0,2.8,230,212,Yes,13.9,538,1
Audi,AUD331,Petrol,Manual,SUV,Black,6930000.0,3.9,183,197,No,16.7,183,1
BMW,BMW719,Diesel,Automatic,Coupe,White,11553000.0,3.5,358,228,No,14.2,310,1
Maruti Suzuki,MAR909,Petrol,Manual,Coupe,Green,638000.0,1.7,97,124,No,18.0,890,1
Kia,KIA420,Diesel,Manual,Coupe,Green,2865000.0,1.7,179,221,No,19.4,219,1
Audi,AUD998,Petrol,Manual,Sedan,Green,8456000.0,4.6,408,192,No,12.5,409,1
BMW,BMW461,Petrol,Manual,Pickup,White,13900000.0,4.2,227,226,Yes,14.2,121,0
Honda,HON584,Electric,Automatic,Hatchback,Red,3299000.0,3.1,169,163,No,38.3,275,1
Kia,KIA195,Petrol,Manual,Pickup,White,1814000.0,3.0,215,160,Yes,13.6,374,1
Toyota,TOY495,Petrol,Manual,Pickup,Green,1695000.0,3.2,145,167,Yes,17.1,555,1
Maruti Suzuki,MAR748,Hybrid,Manual,Hatchback,Red,1596000.0,1.4,68,153,No,26.3,592,1
BMW,BMW577,Petrol,Manual,SUV,Green,13072000.0,2.2,421,202,No,17.1,421,1
Mercedes,MER303,Petrol,Manual,Hatchback,Black,18295000.0,4.4,352,229,No,19.4,264,1
Mahindra,MAH657,Hybrid,Automatic,Coupe,Red,3129000.0,1.5,165,201,Yes,24.3,481,1
Maruti Suzuki,MAR956,Petrol,Manual,Hatchback,Green,1514000.0,1.1,61,143,No,14.6,706,1
Honda,HON645,Petrol,Manual,Pickup,Grey,3275000.0,2.0,118,189,Yes,17.3,430,1
Mercedes,MER533,Hybrid,Manual,SUV,Grey,9315000.0,2.6,187,198,Yes,24.6,270,1
BMW,BMW615,Diesel,Automatic,Pickup,Red,12672000.0,4.4,448,230,Yes,17.8,307,1
Toyota,TOY506,Petrol,Automatic,SUV,Black,3712000.0,2.0,91,218,No,15.9,490,1
Mercedes,MER957,Petrol,Automatic,Coupe,Green,10636000.0,3.6,325,226,Yes,12.9,282,1
Audi,AUD960,Diesel,Automatic,Coupe,Blue,10571000.0,2.4,273,222,Yes,17.7,282,1
Mahindra,MAH416,Hybrid,Manual,SUV,Silver,2824000.0,3.5,93,164,Yes,22.8,453,1
Ford,FOR446,Diesel,Manual,Pickup,Grey,2254000.0,1.7,132,160,Yes,16.0,590,1
Mercedes,MER116,Petrol,Manual,Pickup,Black,11747000.0,2.6,398,213,No,13.2,30,0
Honda,HON661,Petrol,Automatic,SUV,Grey,2172000.0,3.0,202,180,Yes,14.4,773,1
Mercedes,MER343,Petrol,Manual,Coupe,Grey,15503000.0,3.7,254,205,Yes,13.4,106,0
Tata,TAT727,Diesel,Manual,SUV,Grey,1579000.0,1.2,88,161,Yes,14.5,628,1
Audi,AUD102,Petrol,Automatic,Hatchback,Black,12544000.0,4.7,366,205,Yes,18.4,517,1
Audi,AUD220,Diesel,Manual,Pickup,Black,16009000.0,4.4,353,206,Yes,14.8,119,0
Mercedes,MER757,Diesel,Manual,Coupe,Silver,15311000.0,3.1,350,259,No,16.2,254,1
Ford,FOR737,Petrol,Manual,Sedan,Black,3657000.0,2.6,130,145,No,18.7,183,1
Mercedes,MER992,Hybrid,Automatic,Hatchback,Black,14144000.0,2.6,224,192,Yes,27.3,53,0
Mercedes,MER940,Petrol,Manual,Sedan,Grey,14380000.0,3.2,216,221,Yes,13.7,30,0
Honda,HON591,Petrol,Automatic,Pickup,Black,3323000.0,1.6,128,160,Yes,19.6,414,1
Toyota,TOY644,Petrol,Manual,Hatchback,Green,3077000.0,1.5,104,207,No,18.4,243,1
Kia,KIA516,Diesel,Manual,Coupe,Blue,3230000.0,2.6,239,191,No,16.1,438,1
Toyota,TOY881,Diesel,Automatic,Coupe,White,1799000.0,2.2,122,238,Yes,14.0,136,1
Audi,AUD147,Petrol,Automatic,SUV,Black,15371000.0,4.3,195,184,Yes,16.4,30,0
Mercedes,MER362,Hybrid,Automatic,Pickup,Red,10891000.0,2.8,394,189,Yes,29.7,214,1
Honda,HON138,Petrol,Manual,Pickup,White,2188000.0,2.9,147,143,No,19.0,154,1
Maruti Suzuki,MAR694,Diesel,Automatic,Pickup,Grey,2209000.0,1.6,108,127,No,14.2,633,1
Toyota,TOY541,Petrol,Manual,Pickup,Black,2573000.0,1.2,150,140,Yes,13.9,387,1
Honda,HON239,Diesel,Automatic,Hatchback,White,2470000.0,1.9,95,149,Yes,16.4,330,1
Mercedes,MER260,Diesel,Automatic,Sedan,Grey,11847000.0,2.5,212,238,Yes,14.7,445,1
Maruti Suzuki,MAR183,Diesel,Automatic,Pickup,Silver,1357000.0,1.9,85,120,Yes,19.5,549,1
Hyundai,HYU954,Petrol,Automatic,Sedan,Blue,3194000.0,2.1,213,214,Yes,12.7,250,1
Tata,TAT742,Petrol,Manual,SUV,Silver,1726000.0,1.1,64,177,No,15.9,534,1
Audi,AUD796,Hybrid,Manual,Hatchback,Silver,9067000.0,3.4,348,240,Yes,20.0,77,0
Audi,AUD964,Diesel,Manual,SUV,Green,6684000.0,2.3,206,246,Yes,19.5,361,1
Honda,HON986,Petrol,Automatic,Coupe,Grey,3313000.0,1.3,109,202,No,18.7,643,1
Hyundai,HYU297,Diesel,Manual,Sedan,Black,2776000.0,2.4,126,191,No,19.1,710,1
Mahindra,MAH751,Petrol,Automatic,SUV,White,2633000.0,3.0,165,167,No,15.4,69,1
Toyota,TOY657,Petrol,Manual,Coupe,Grey,2031000.0,3.2,243,213,Yes,13.8,313,1
Honda,HON727,Diesel,Automatic,SUV,Black,2119000.0,1.3,232,203,No,18.6,748,1
Mahindra,MAH295,Diesel,Automatic,SUV,White,3009000.0,2.9,182,169,Yes,18.7,409,1
Toyota,TOY793,Diesel,Automatic,SUV,Grey,3765000.0,3.2,168,154,Yes,18.1,522,1
Maruti Suzuki,MAR443,Electric,Manual,Coupe,White,2078000.0,1.3,106,136,Yes,39.1,702,1
Hyundai,HYU976,Petrol,Automatic,Pickup,Red,4430000.0,3.1,232,212,No,12.4,821,1
Mercedes,MER849,Petrol,Manual,Sedan,Silver,8627000.0,4.5,435,201,Yes,12.1,47,0
Maruti Suzuki,MAR363,Diesel,Automatic,Coupe,Silver,1663000.0,1.0,72,173,No,13.2,368,1
Ford,FOR784,Diesel,Automatic,SUV,Silver,3747000.0,2.0,196,145,Yes,14.3,514,1
Maruti Suzuki,MAR956,Petrol,Manual,Hatchback,Blue,1444000.0,1.0,108,123,Yes,19.5,565,1
Audi,AUD646,Electric,Manual,Pickup,White,7466000.0,3.5,199,219,Yes,32.5,180,1
Hyundai,HYU824,Petrol,Manual,Coupe,Silver,4547000.0,3.0,191,220,No,17.6,536,1
Honda,HON267,Petrol,Manual,SUV,Red,2016000.0,3.3,135,192,No,16.9,581,1
Audi,AUD605,Petrol,Manual,Hatchback,Green,10036000.0,4.2,341,185,Yes,15.3,297,1
Mercedes,MER973,Diesel,Automatic,SUV,Green,14717000.0,2.9,310,214,No,16.9,30,0
Honda,HON449,Petrol,Manual,Hatchback,Blue,2400000.0,3.3,91,149,Yes,17.9,475,1
Maruti Suzuki,MAR106,Diesel,Automatic,Sedan,Blue,1075000.0,1.7,109,135,Yes,13.5,547,1
Maruti Suzuki,MAR750,Electric,Manual,Sedan,Blue,1105000.0,1.9,106,120,No,38.1,537,1
Tata,TAT449,Petrol,Automatic,Pickup,Blue,719000.0,1.7,69,123,Yes,18.1,856,1
Audi,AUD981,Diesel,Manual,Sedan,Blue,10170000.0,2.2,379,237,Yes,12.3,131,0
Tata,TAT373,Diesel,Manual,Hatchback,Grey,1230000.0,1.6,96,154,No,17.5,485,1
BMW,BMW315,Hybrid,Manual,Hatchback,Black,13197000.0,4.1,339,207,No,26.2,309,1
Honda,HON581,Petrol,Manual,SUV,Blue,3323000.0,2.5,122,180,No,19.1,507,1
Toyota,TOY837,Petrol,Manual,Coupe,Red,3268000.0,1.6,163,187,No,18.5,483,1
BMW,BMW171,Diesel,Automatic,Pickup,Green,10513000.0,4.3,399,242,Yes,18.0,551,1
Honda,HON699,Hybrid,Automatic,Pickup,White,2071000.0,1.6,110,154,No,29.3,648,1
BMW,BMW711,Petrol,Automatic,Hatchback,Red,7634000.0,4.2,229,248,No,14.9,30,0
BMW,BMW535,Petrol,Manual,SUV,Blue,15455000.0,2.7,404,225,Yes,13.8,30,0
BMW,BMW415,Petrol,Manual,Pickup,Green,6610000.0,4.3,239,242,Yes,13.0,479,1
Mercedes,MER220,Petrol,Manual,Pickup,White,13962000.0,2.9,416,233,Yes,16.1,338,1
Kia,KIA787,Petrol,Manual,Hatchback,Red,3618000.0,2.5,241,211,Yes,13.9,284,1
Tata,TAT302,Petrol,Manual,Sedan,Red,1168000.0,1.5,109,139,No,14.5,521,1
Toyota,TOY379,Petrol,Manual,Coupe,Green,3868000.0,1.4,178,215,Yes,12.5,367,1
Audi,AUD254,Petrol,Manual,Pickup,Blue,7508000.0,3.4,344,228,Yes,16.4,136,1
Hyundai,HYU807,Hybrid,Manual,SUV,Green,2252000.0,1.5,129,173,No,29.2,491,1
Hyundai,HYU221,Petrol,Automatic,Sedan,Black,4188000.0,2.8,244,155,Yes,12.1,350,1
Tata,TAT743,Petrol,Automatic,Sedan,Grey,1059000.0,1.1,92,173,No,17.5,496,1
Audi,AUD665,Diesel,Manual,Pickup,Grey,19476000.0,4.2,448,240,Yes,15.3,382,1
Mahindra,MAH950,Diesel,Automatic,Coupe,Black,3581000.0,2.3,127,196,Yes,15.2,393,1
Mercedes,MER390,Petrol,Automatic,Coupe,White,11477000.0,3.2,245,223,No,17.3,200,1
Toyota,TOY538,Petrol,Automatic,Pickup,Red,3982000.0,2.1,178,196,Yes,12.5,595,1
Tata,TAT591,Diesel,Manual,Pickup,Green,1577000.0,1.1,74,160,No,14.2,373,1
Tata,TAT220,Petrol,Manual,SUV,Blue,1739000.0,1.0,71,136,Yes,19.4,541,1
Kia,KIA961,Petrol,Automatic,Pickup,White,3209000.0,3.1,226,171,No,20.0,381,1
Kia,KIA376,Diesel,Automatic,Coupe,White,4800000.0,3.4,228,234,No,19.6,560,1
Ford,FOR435,Petrol,Manual,SUV,Blue,2335000.0,2.9,215,197,No,18.8,290,1
Hyundai,HYU786,Petrol,Automatic,Pickup,Silver,2527000.0,2.5,91,151,Yes,17.2,346,1
Mahindra,MAH582,Electric,Manual,Hatchback,Red,2195000.0,2.0,204,188,Yes,26.0,341,1
BMW,BMW873,Hybrid,Manual,Coupe,Green,14376000.0,2.8,361,214,No,30.0,276,1
Ford,FOR124,Petrol,Automatic,Pickup,Green,2525000.0,1.4,94,169,No,18.4,303,1
Hyundai,HYU386,Petrol,Manual,Hatchback,Red,1695000.0,2.8,194,161,Yes,12.6,512,1
Maruti Suzuki,MAR789,Hybrid,Manual,SUV,White,776000.0,1.7,73,148,No,20.5,677,1
Mercedes,MER641,Electric,Manual,Coupe,Blue,19095000.0,3.3,449,246,No,30.2,162,0
Audi,AUD956,Petrol,Automatic,SUV,Black,10783000.0,2.2,437,185,No,18.2,341,1
Honda,HON300,Diesel,Automatic,SUV,Silver,2471000.0,1.3,90,214,Yes,17.9,359,1
Kia,KIA566,Hybrid,Manual,SUV,Grey,2332000.0,2.8,187,198,No,23.7,625,1
Ford,FOR682,Diesel,Manual,Sedan,Grey,3677000.0,1.4,102,213,Yes,17.2,520,1
Audi,AUD720,Hybrid,Manual,Sedan,Grey,10147000.0,2.1,355,197,No,21.2,137,0
Hyundai,HYU215,Petrol,Manual,SUV,Red,1957000.0,2.3,97,210,Yes,16.5,703,1
BMW,BMW255,Hybrid,Manual,Hatchback,Green,14529000.0,3.8,234,187,Yes,28.6,79,0
Toyota,TOY298,Hybrid,Manual,Sedan,Black,1947000.0,1.2,192,152,Yes,29.9,443,1
Maruti Suzuki,MAR933,Petrol,Manual,Hatchback,Grey,1994000.0,1.5,107,158,No,12.2,746,1
BMW,BMW358,Petrol,Manual,Coupe,Grey,20239000.0,4.6,437,287,Yes,15.3,166,0
Kia,KIA153,Diesel,Manual,Coupe,Grey,1775000.0,1.7,178,227,Yes,14.5,273,1
Hyundai,HYU719,Hybrid,Automatic,Coupe,Green,3123000.0,2.0,201,249,No,26.9,544,1
Mercedes,MER778,Petrol,Manual,Sedan,Silver,16464000.0,3.6,436,183,No,14.3,94,0
Mercedes,MER420,Petrol,Automatic,Coupe,Silver,9016000.0,4.3,321,216,No,14.3,224,1
Mahindra,MAH165,Diesel,Manual,SUV,Green,2353000.0,1.6,169,164,Yes,16.5,301,1
Tata,TAT887,Electric,Automatic,SUV,Silver,1432000.0,1.7,114,132,Yes,37.3,478,1
Mercedes,MER402,Diesel,Automatic,Coupe,Silver,8094000.0,4.5,369,225,Yes,15.6,275,1
Mercedes,MER813,Petrol,Manual,SUV,Black,12106000.0,2.5,373,228,Yes,19.1,481,1
Honda,HON387,Diesel,Automatic,Sedan,Black,3302000.0,1.8,211,192,Yes,18.7,705,1
Mahindra,MAH601,Petrol,Manual,SUV,Grey,3729000.0,2.7,115,213,Yes,14.9,285,1
Honda,HON977,Diesel,Manual,Hatchback,White,2174000.0,3.2,217,202,No,12.7,517,1
Ford,FOR120,Diesel,Manual,Sedan,Blue,4245000.0,2.6,165,213,Yes,17.3,358,1
BMW,BMW588,Petrol,Manual,Sedan,Grey,13924000.0,4.7,255,235,No,18.4,83,0
Audi,AUD344,Petrol,Manual,Sedan,Silver,6569000.0,2.1,336,235,No,16.4,318,1
Ford,FOR750,Diesel,Automatic,Hatchback,Black,2805000.0,1.3,104,198,Yes,18.1,525,1
BMW,BMW950,Petrol,Automatic,Sedan,Silver,12767000.0,3.8,345,187,No,17.3,617,1
Mercedes,MER735,Petrol,Automatic,SUV,Grey,12715000.0,4.3,266,206,No,15.1,122,0
Maruti Suzuki,MAR974,Diesel,Automatic,Pickup,Black,1759000.0,1.4,70,178,Yes,15.9,647,1
Tata,TAT838,Petrol,Automatic,Hatchback,Black,1815000.0,1.5,98,130,Yes,14.9,390,1
Tata,TAT250,Diesel,Automatic,Hatchback,Red,847000.0,1.4,93,146,Yes,16.7,198,1
Audi,AUD625,Petrol,Automatic,SUV,Blue,6524000.0,2.8,234,229,Yes,18.6,252,1
Mercedes,MER745,Diesel,Manual,Pickup,Red,14071000.0,3.9,263,229,No,16.8,200,0
Ford,FOR275,Diesel,Manual,Pickup,Silver,3498000.0,3.1,236,215,Yes,16.6,224,1
Honda,HON980,Petrol,Automatic,Hatchback,Green,3158000.0,1.4,168,211,No,15.6,223,1
BMW,BMW762,Diesel,Manual,Pickup,Black,9512000.0,3.0,266,186,No,19.1,189,1
Hyundai,HYU269,Petrol,Automatic,Pickup,Red,3746000.0,2.6,187,171,Yes,18.6,585,1
Kia,KIA307,Petrol,Manual,Pickup,Silver,2465000.0,3.3,196,169,Yes,15.3,265,1
Mahindra,MAH791,Diesel,Manual,Pickup,Grey,3479000.0,1.5,231,140,No,19.8,378,1
Toyota,TOY894,Diesel,Manual,Coupe,Red,1580000.0,2.2,190,184,Yes,15.5,292,1
Tata,TAT701,Diesel,Automatic,Sedan,Silver,1086000.0,1.5,90,167,No,13.0,473,1
Kia,KIA736,Diesel,Automatic,Pickup,Black,4613000.0,3.2,179,211,Yes,18.4,235,1
BMW,BMW192,Diesel,Automatic,Pickup,Red,7865000.0,2.5,261,195,No,17.0,513,1
Maruti Suzuki,MAR615,Hybrid,Manual,SUV,Red,932000.0,1.8,86,148,No,30.0,827,1
Kia,KIA258,Hybrid,Manual,Sedan,Green,2324000.0,2.1,198,210,Yes,21.3,403,1
Kia,KIA945,Diesel,Manual,Sedan,Red,2698000.0,1.9,198,159,Yes,15.1,379,1
Mercedes,MER278,Petrol,Manual,Coupe,Red,15157000.0,3.8,205,239,Yes,17.0,516,1
Audi,AUD474,Petrol,Manual,Hatchback,Grey,16222000.0,3.4,446,244,Yes,12.5,213,0
Maruti Suzuki,MAR850,Petrol,Automatic,Pickup,Grey,972000.0,1.3,71,138,Yes,15.4,287,1
Hyundai,HYU175,Diesel,Manual,Coupe,Blue,4197000.0,1.4,238,186,Yes,17.0,515,1
Audi,AUD778,Diesel,Automatic,Coupe,White,8569000.0,4.5,196,314,No,12.4,216,1
Hyundai,HYU815,Petrol,Manual,Hatchback,Black,4162000.0,3.4,158,200,Yes,17.8,310,1
Maruti Suzuki,MAR746,Petrol,Manual,SUV,Black,1505000.0,1.7,62,146,Yes,18.3,760,1
Audi,AUD820,Petrol,Automatic,Pickup,Green,15670000.0,4.6,215,197,Yes,12.2,238,1
Honda,HON159,Diesel,Manual,Sedan,Red,4042000.0,1.7,148,161,Yes,12.3,383,1
Honda,HON131,Petrol,Automatic,Coupe,Green,3061000.0,3.4,201,229,No,15.6,410,1
BMW,BMW856,Petrol,Manual,Hatchback,Red,18476000.0,4.7,439,186,Yes,19.0,173,0
Audi,AUD877,Hybrid,Manual,Sedan,Blue,10492000.0,4.0,341,187,No,27.8,44,0
BMW,BMW783,Diesel,Manual,SUV,Blue,9312000.0,2.0,291,216,No,12.6,30,0
Maruti Suzuki,MAR666,Diesel,Automatic,Coupe,Blue,1421000.0,1.5,62,138,No,13.0,784,1
Tata,TAT735,Petrol,Manual,SUV,Black,1517000.0,1.9,119,176,No,19.9,598,1
Tata,TAT945,Diesel,Manual,Pickup,Red,1886000.0,1.4,88,135,Yes,14.3,438,1
Mercedes,MER666,Diesel,Automatic,Sedan,Silver,17789000.0,4.7,231,199,No,12.9,477,1
Audi,AUD574,Petrol,Manual,Pickup,Silver,14876000.0,2.6,432,216,No,12.7,324,1
Ford,FOR873,Diesel,Manual,SUV,Silver,2673000.0,2.6,146,195,No,19.1,447,1
Mahindra,MAH300,Petrol,Automatic,Sedan,Green,2813000.0,1.8,162,163,No,19.5,485,1
BMW,BMW603,Petrol,Manual,Coupe,Green,16212000.0,2.5,402,284,Yes,19.8,514,1
Tata,TAT653,Petrol,Automatic,Coupe,Blue,1303000.0,1.1,62,127,No,14.4,456,1
Mahindra,MAH878,Petrol,Automatic,Coupe,Silver,2466000.0,2.9,204,247,No,14.5,323,1
Hyundai,HYU594,Hybrid,Automatic,SUV,Black,3192000.0,2.7,202,153,No,27.5,641,1
Honda,HON455,Hybrid,Manual,Hatchback,White,4411000.0,3.5,235,194,Yes,27.1,528,1
Mahindra,MAH749,Diesel,Automatic,Sedan,Silver,1860000.0,3.1,130,185,Yes,15.2,395,1
Ford,FOR319,Petrol,Automatic,Sedan,Black,2542000.0,1.9,226,201,No,16.2,512,1
Honda,HON924,Diesel,Manual,Hatchback,Green,3366000.0,3.4,146,218,No,14.4,124,1
Tata,TAT798,Hybrid,Automatic,Hatchback,Green,733000.0,1.2,85,158,No,25.2,652,1
Hyundai,HYU149,Petrol,Manual,Coupe,Black,4523000.0,3.1,206,246,Yes,16.7,246,1
Mercedes,MER352,Petrol,Manual,Pickup,Silver,5371000.0,2.9,268,218,No,19.2,128,1
Kia,KIA355,Petrol,Manual,Sedan,Silver,3427000.0,2.7,248,142,Yes,15.7,440,1
Ford,FOR504,Diesel,Manual,SUV,Red,4870000.0,3.4,142,140,No,16.7,291,1
Mahindra,MAH948,Electric,Manual,Hatchback,Grey,4237000.0,2.0,187,197,No,30.2,422,1
Honda,HON842,Diesel,Manual,Coupe,Green,2666000.0,2.3,223,187,No,17.1,542,1
Kia,KIA751,Petrol,Automatic,Hatchback,White,4548000.0,2.6,191,187,Yes,17.8,633,1
BMW,BMW917,Petrol,Manual,Hatchback,Green,7377000.0,4.7,191,224,Yes,16.9,186,1
Honda,HON981,Diesel,Manual,Pickup,Black,4231000.0,3.2,100,163,Yes,19.1,349,1
BMW,BMW901,Petrol,Manual,Hatchback,Red,9201000.0,5.0,249,231,No,15.3,189,1
Audi,AUD912,Diesel,Automatic,Sedan,Silver,13432000.0,3.0,343,194,No,15.6,159,0
Kia,KIA695,Electric,Automatic,Pickup,Red,2777000.0,2.1,121,176,No,35.4,274,1
Mercedes,MER204,Petrol,Automatic,SUV,Green,5713000.0,2.4,247,193,Yes,13.7,87,1
Hyundai,HYU260,Diesel,Manual,Sedan,Black,1908000.0,1.9,110,162,No,17.5,452,1
Kia,KIA522,Hybrid,Manual,Pickup,Black,1746000.0,2.3,224,144,No,25.4,272,1
Kia,KIA263,Petrol,Automatic,Sedan,Grey,3774000.0,2.6,230,209,No,12.5,560,1
Kia,KIA477,Hybrid,Automatic,Pickup,Black,4490000.0,3.1,118,162,Yes,27.6,178,1
Maruti Suzuki,MAR795,Petrol,Automatic,Pickup,Silver,1371000.0,1.5,96,126,No,18.8,585,1
Honda,HON110,Diesel,Automatic,SUV,Grey,3321000.0,2.7,120,149,No,12.2,618,1
Mercedes,MER497,Petrol,Automatic,SUV,White,14171000.0,3.0,203,212,No,12.6,196,0
Hyundai,HYU737,Hybrid,Manual,Coupe,White,3147000.0,2.5,195,226,Yes,24.3,420,1
Maruti Suzuki,MAR909,Petrol,Manual,Pickup,Green,1586000.0,1.3,86,143,Yes,14.6,577,1
BMW,BMW617,Electric,Automatic,Pickup,Silver,11367000.0,3.6,270,248,Yes,33.4,235,1
Honda,HON829,Petrol,Manual,Hatchback,Silver,4022000.0,2.5,120,217,No,19.1,207,1
Audi,AUD684,Diesel,Automatic,Sedan,Black,8224000.0,4.4,198,224,No,17.1,222,1
BMW,BMW767,Petrol,Manual,Coupe,Red,8735000.0,4.1,370,242,No,15.9,263,1
BMW,BMW576,Hybrid,Manual,SUV,Grey,11629000.0,3.2,220,249,Yes,25.3,440,1
Ford,FOR451,Petrol,Automatic,Sedan,Blue,2659000.0,2.8,189,158,No,19.0,375,1
Kia,KIA612,Petrol,Manual,Coupe,Red,2941000.0,1.9,222,225,Yes,18.1,247,1
Maruti Suzuki,MAR296,Petrol,Manual,Sedan,Silver,1318000.0,1.9,80,151,Yes,19.5,586,1
Honda,HON204,Petrol,Automatic,Pickup,Silver,2786000.0,1.8,159,174,Yes,12.3,683,1
Honda,HON805,Diesel,Manual,Coupe,Red,2908000.0,2.3,196,216,Yes,18.9,269,1
Mahindra,MAH800,Petrol,Manual,Coupe,Grey,2912000.0,1.7,152,228,No,15.3,35,0
Maruti Suzuki,MAR277,Petrol,Automatic,Coupe,Green,2037000.0,1.6,69,149,Yes,18.1,724,1
BMW,BMW639,Diesel,Manual,Coupe,Red,11625000.0,2.2,210,277,No,13.9,296,1
Ford,FOR833,Diesel,Automatic,Coupe,Grey,3534000.0,3.0,182,209,Yes,17.2,416,1
Kia,KIA302,Petrol,Automatic,Coupe,Black,3470000.0,2.4,134,235,No,16.1,244,1
Kia,KIA271,Hybrid,Manual,Sedan,Red,1877000.0,3.3,212,186,No,24.4,664,1
Hyundai,HYU663,Diesel,Manual,Coupe,Grey,2051000.0,1.7,133,200,Yes,17.9,621,1
Toyota,TOY810,Petrol,Manual,Sedan,Green,2020000.0,3.0,173,170,No,14.4,99,1
Toyota,TOY894,Petrol,Manual,Pickup,White,2999000.0,2.9,190,199,No,17.7,421,1
BMW,BMW406,Hybrid,Manual,Pickup,Red,15886000.0,2.6,448,213,No,27.2,353,1
Kia,KIA725,Hybrid,Manual,Pickup,Green,4123000.0,1.7,157,150,No,21.8,626,1
Maruti Suzuki,MAR209,Hybrid,Manual,SUV,Green,1689000.0,1.0,113,157,No,24.4,478,1
Toyota,TOY448,Petrol,Automatic,Hatchback,Red,4369000.0,2.8,143,145,Yes,14.6,345,1
Mercedes,MER248,Petrol,Manual,SUV,Silver,8996000.0,4.4,374,214,Yes,19.1,170,1
Kia,KIA789,Petrol,Manual,Pickup,Red,3169000.0,1.4,149,185,Yes,14.9,153,1
Kia,KIA825,Petrol,Automatic,Sedan,Green,2935000.0,2.6,148,148,No,13.1,154,1
Mahindra,MAH168,Petrol,Manual,SUV,Grey,4417000.0,3.1,145,206,No,16.3,316,1
Maruti Suzuki,MAR603,Petrol,Manual,Hatchback,Black,874000.0,1.6,100,125,Yes,14.5,773,1
Mercedes,MER125,Diesel,Automatic,Hatchback,White,6816000.0,2.1,265,237,Yes,15.2,30,0
Ford,FOR444,Diesel,Automatic,SUV,White,2831000.0,2.3,210,178,No,12.7,264,1
Honda,HON897,Diesel,Automatic,Coupe,Black,2545000.0,1.3,135,222,Yes,14.8,369,1
Audi,AUD755,Petrol,Manual,Coupe,White,15265000.0,3.2,444,315,No,18.4,128,0
Hyundai,HYU649,Petrol,Manual,Coupe,Grey,3440000.0,2.1,136,247,No,13.7,720,1
BMW,BMW394,Diesel,Manual,Coupe,Red,14612000.0,4.0,261,255,No,13.1,354,1
Honda,HON691,Diesel,Manual,Coupe,Red,1603000.0,2.1,142,219,No,13.5,519,1
Audi,AUD828,Petrol,Automatic,Pickup,Black,11857000.0,4.0,215,189,Yes,12.3,137,0
Audi,AUD910,Petrol,Automatic,Hatchback,Green,8328000.0,4.3,218,209,Yes,18.0,423,1
Ford,FOR783,Petrol,Manual,Hatchback,Green,3072000.0,2.5,115,154,No,16.7,198,1
Kia,KIA882,Petrol,Manual,Sedan,Blue,2508000.0,3.2,192,175,Yes,16.7,78,1
Maruti Suzuki,MAR519,Petrol,Automatic,Hatchback,White,1197000.0,1.5,81,144,No,14.5,518,1
Hyundai,HYU609,Petrol,Manual,Coupe,White,4641000.0,2.6,243,203,Yes,15.2,443,1
Kia,KIA711,Electric,Manual,SUV,Blue,3740000.0,2.5,174,186,No,33.8,459,1
Ford,FOR167,Petrol,Manual,Sedan,Grey,4840000.0,3.4,157,142,No,12.1,522,1
Ford,FOR560,Petrol,Automatic,Sedan,Green,1593000.0,1.4,149,144,No,17.0,359,1
Toyota,TOY471,Petrol,Manual,Coupe,Green,1997000.0,3.1,214,207,Yes,19.3,192,1
Mahindra,MAH592,Petrol,Automatic,SUV,Red,2202000.0,3.1,177,166,No,12.7,332,1
Honda,HON795,Petrol,Automatic,SUV,Black,3074000.0,1.7,169,148,Yes,12.8,420,1
Mercedes,MER887,Petrol,Manual,Sedan,Red,15725000.0,3.4,277,246,No,15.2,30,0
Mahindra,MAH238,Hybrid,Automatic,Sedan,Silver,2965000.0,2.5,92,192,No,27.9,166,1
Tata,TAT619,Petrol,Automatic,Pickup,Blue,1651000.0,1.9,76,131,No,17.6,529,1
Kia,KIA154,Petrol,Automatic,Sedan,Grey,1358000.0,1.9,110,200,Yes,16.0,305,1
Toyota,TOY720,Hybrid,Manual,Sedan,White,2299000.0,2.9,210,181,Yes,22.8,503,1
Hyundai,HYU951,Petrol,Automatic,Hatchback,Black,1447000.0,1.8,135,190,Yes,17.2,570,1
Kia,KIA654,Diesel,Automatic,SUV,Blue,2090000.0,1.7,238,200,No,19.5,297,1
Mercedes,MER997,Petrol,Manual,SUV,Red,7245000.0,3.9,275,209,Yes,15.4,375,1
Hyundai,HYU947,Petrol,Manual,Hatchback,White,3636000.0,1.4,120,188,Yes,19.1,567,1
BMW,BMW832,Petrol,Manual,Pickup,Blue,6618000.0,3.1,428,214,No,17.8,372,1
Ford,FOR319,Petrol,Automatic,Pickup,Black,2042000.0,1.3,182,206,Yes,19.9,377,1
Hyundai,HYU947,Hybrid,Manual,SUV,White,3314000.0,3.1,93,216,No,25.3,726,1
Hyundai,HYU272,Hybrid,Manual,SUV,Red,4421000.0,3.0,114,153,No,23.5,486,1
Maruti Suzuki,MAR857,Hybrid,Manual,Sedan,Grey,1496000.0,1.4,63,178,No,24.3,353,1
Mahindra,MAH933,Petrol,Manual,SUV,Red,3860000.0,1.4,219,153,Yes,17.4,399,1
BMW,BMW580,Diesel,Manual,Pickup,Blue,9380000.0,2.3,413,203,No,13.9,289,1
Ford,FOR420,Petrol,Manual,Coupe,Black,2560000.0,1.5,137,206,Yes,14.2,30,0
Tata,TAT479,Diesel,Manual,Sedan,Silver,1893000.0,1.9,66,169,Yes,19.5,360,1
Mercedes,MER474,Petrol,Manual,Sedan,Grey,15070000.0,5.0,270,238,No,17.4,378,1
Audi,AUD755,Diesel,Manual,Sedan,Grey,9955000.0,2.6,226,229,No,17.7,96,0
Mercedes,MER248,Petrol,Automatic,Sedan,Blue,11112000.0,3.5,228,210,Yes,19.0,261,1
Kia,KIA713,Petrol,Manual,Hatchback,Blue,4707000.0,3.3,113,171,Yes,13.1,486,1
Mercedes,MER241,Diesel,Automatic,Pickup,Silver,11129000.0,4.3,222,241,Yes,16.6,234,1
Mercedes,MER905,Diesel,Manual,Pickup,Blue,17731000.0,4.6,365,194,No,13.6,83,0
Maruti Suzuki,MAR264,Petrol,Automatic,Hatchback,Red,1947000.0,1.1,101,152,Yes,15.4,697,1
Tata,TAT398,Petrol,Automatic,Sedan,Blue,2086000.0,1.9,84,126,No,20.0,486,1
BMW,BMW917,Diesel,Automatic,Pickup,Red,7105000.0,3.5,251,215,No,14.4,144,1
Toyota,TOY394,Petrol,Manual,Pickup,White,3690000.0,2.1,247,147,Yes,13.0,377,1
Honda,HON599,Diesel,Automatic,Hatchback,Black,3799000.0,2.9,165,162,Yes,14.5,276,1
Kia,KIA219,Petrol,Manual,Hatchback,Grey,3526000.0,1.3,155,199,Yes,12.0,247,1
Maruti Suzuki,MAR661,Petrol,Automatic,Hatchback,Blue,2005000.0,1.7,64,173,Yes,15.9,723,1
Tata,TAT871,Petrol,Manual,SUV,Black,1955000.0,1.4,74,135,No,18.1,549,1
Honda,HON879,Petrol,Automatic,Pickup,Grey,3484000.0,1.4,92,205,No,15.1,324,1
Mahindra,MAH714,Diesel,Manual,Hatchback,Red,3017000.0,3.4,246,166,No,19.7,209,1
Ford,FOR595,Hybrid,Manual,Sedan,White,2470000.0,3.2,123,206,No,23.5,385,1
Hyundai,HYU778,Petrol,Manual,Pickup,Grey,2491000.0,1.4,181,171,No,15.9,702,1
Mahindra,MAH424,Petrol,Manual,Coupe,Blue,3792000.0,2.7,243,225,No,14.7,258,1
BMW,BMW529,Petrol,Manual,SUV,Red,9241000.0,3.1,407,240,Yes,17.0,30,0
Kia,KIA123,Petrol,Automatic,SUV,Blue,3263000.0,2.2,191,204,No,17.9,271,1
Audi,AUD497,Hybrid,Automatic,Coupe,Green,8258000.0,4.4,330,298,Yes,21.8,293,1
Toyota,TOY691,Petrol,Manual,Coupe,Blue,1401000.0,1.6,162,216,No,18.9,411,1
Ford,FOR842,Diesel,Manual,Hatchback,White,2234000.0,2.8,111,148,Yes,15.7,223,1
BMW,BMW914,Hybrid,Automatic,Pickup,White,11877000.0,4.5,406,188,No,28.1,273,1
Maruti Suzuki,MAR773,Petrol,Manual,Coupe,Silver,739000.0,1.7,63,136,No,12.8,1029,1
Audi,AUD771,Diesel,Automatic,Sedan,Grey,13503000.0,3.9,420,231,Yes,19.7,131,0
Tata,TAT501,Diesel,Manual,Coupe,Red,1489000.0,1.5,93,154,Yes,17.6,652,1
Mercedes,MER632,Diesel,Manual,Coupe,Silver,6635000.0,4.2,218,203,No,16.2,129,1
Ford,FOR869,Diesel,Manual,Sedan,White,2809000.0,2.4,98,196,Yes,13.7,362,1
Honda,HON317,Diesel,Manual,Hatchback,Red,3682000.0,1.9,166,211,No,18.4,368,1
Mercedes,MER683,Hybrid,Manual,Hatchback,White,6413000.0,3.8,290,243,Yes,23.5,267,1
Hyundai,HYU433,Petrol,Manual,Pickup,Black,2867000.0,2.4,217,161,No,19.5,732,1
Mahindra,MAH597,Diesel,Manual,Coupe,White,3042000.0,3.0,98,235,No,16.2,321,1
Kia,KIA483,Petrol,Automatic,Hatchback,Silver,2684000.0,1.5,208,150,Yes,13.5,163,1
Honda,HON782,Petrol,Manual,Coupe,Black,1811000.0,1.9,169,215,No,14.9,581,1
Kia,KIA239,Electric,Automatic,Pickup,Silver,3089000.0,2.2,221,142,Yes,38.0,472,1
Kia,KIA703,Diesel,Manual,Hatchback,Silver,2614000.0,1.9,188,201,Yes,15.6,208,1
Hyundai,HYU870,Petrol,Automatic,Sedan,Silver,2763000.0,1.3,237,207,Yes,15.2,436,1
Toyota,TOY102,Petrol,Manual,Pickup,White,3687000.0,2.4,163,144,Yes,19.7,561,1
Maruti Suzuki,MAR526,Diesel,Automatic,Pickup,Grey,2003000.0,1.8,78,137,No,16.6,703,1
BMW,BMW697,Petrol,Manual,SUV,White,12973000.0,2.7,290,193,No,17.6,30,0
Audi,AUD663,Diesel,Manual,Coupe,Silver,18002000.0,4.6,360,241,No,17.3,299,1
Mahindra,MAH724,Petrol,Manual,Sedan,Silver,3163000.0,3.3,223,210,No,19.2,444,1
Maruti Suzuki,MAR856,Petrol,Automatic,Coupe,Grey,1306000.0,1.9,94,122,No,17.1,335,1
Kia,KIA197,Hybrid,Automatic,Hatchback,Blue,4267000.0,1.3,241,152,No,23.8,315,1
Honda,HON789,Diesel,Automatic,Sedan,Blue,2759000.0,2.9,124,218,No,18.0,413,1
Mercedes,MER693,Hybrid,Automatic,Hatchback,White,12028000.0,4.8,252,190,No,24.9,226,1
Mercedes,MER329,Petrol,Manual,Hatchback,Grey,16292000.0,3.5,289,225,No,19.5,46,0
Kia,KIA794,Diesel,Automatic,Pickup,Black,2960000.0,2.0,154,215,No,13.2,238,1
Mercedes,MER434,Petrol,Manual,Sedan,Green,9844000.0,2.8,328,231,Yes,18.5,375,1
Audi,AUD682,Petrol,Manual,Coupe,Grey,12799000.0,2.5,246,280,Yes,19.8,257,1
Ford,FOR630,Petrol,Automatic,Hatchback,Red,2588000.0,1.7,229,155,Yes,17.6,652,1
Mahindra,MAH119,Diesel,Manual,Sedan,Silver,1897000.0,3.0,110,182,Yes,14.5,206,1
Mahindra,MAH753,Petrol,Manual,Hatchback,Silver,3742000.0,3.0,100,155,No,19.1,194,1
Ford,FOR638,Hybrid,Manual,Hatchback,White,2360000.0,3.5,237,140,Yes,25.5,30,0
Hyundai,HYU694,Hybrid,Manual,Hatchback,Blue,4013000.0,2.2,159,170,No,20.3,517,1
Audi,AUD322,Diesel,Automatic,Pickup,Red,12074000.0,2.8,391,235,Yes,16.4,466,1
BMW,BMW791,Diesel,Manual,Hatchback,Silver,15760000.0,2.3,392,219,No,13.8,189,0
Hyundai,HYU200,Petrol,Automatic,Hatchback,Silver,4480000.0,3.0,193,147,Yes,19.6,438,1
Toyota,TOY369,Petrol,Automatic,Coupe,Red,2580000.0,2.6,218,189,Yes,17.2,288,1
BMW,BMW120,Petrol,Automatic,Hatchback,White,10029000.0,2.7,293,185,Yes,18.0,322,1
Mercedes,MER860,Petrol,Automatic,Pickup,Blue,7574000.0,4.5,358,209,No,18.9,111,1
Honda,HON747,Diesel,Manual,Coupe,Blue,1977000.0,2.1,247,191,Yes,18.6,331,1
Hyundai,HYU109,Petrol,Manual,Sedan,Grey,3286000.0,1.2,241,217,No,19.4,321,1
Honda,HON268,Petrol,Manual,Hatchback,Silver,2667000.0,2.6,150,196,Yes,18.4,451,1
Audi,AUD688,Diesel,Manual,Coupe,Grey,8924000.0,3.2,438,229,No,14.8,238,1
Mahindra,MAH946,Diesel,Automatic,Pickup,White,2089000.0,1.4,90,186,Yes,14.4,268,1
Kia,KIA102,Diesel,Automatic,Hatchback,Green,1666000.0,3.2,183,153,No,18.9,226,1
Toyota,TOY971,Hybrid,Automatic,SUV,Grey,4131000.0,1.6,230,204,No,23.1,288,1
Tata,TAT529,Petrol,Automatic,SUV,Grey,592000.0,1.1,66,173,Yes,15.2,508,1
BMW,BMW300,Petrol,Manual,Hatchback,Grey,7030000.0,2.7,223,233,Yes,12.0,177,1
Honda,HON405,Petrol,Automatic,Coupe,White,2530000.0,1.4,178,204,Yes,12.2,804,1
Maruti Suzuki,MAR965,Petrol,Manual,Pickup,Grey,1025000.0,1.8,82,164,No,16.6,403,1
Tata,TAT864,Petrol,Manual,Pickup,White,1956000.0,1.5,71,169,No,18.3,464,1
Mahindra,MAH585,Electric,Manual,Sedan,Blue,3978000.0,3.5,175,194,No,30.2,689,1
Hyundai,HYU628,Petrol,Manual,Pickup,Green,2083000.0,2.0,96,162,No,13.4,251,1
BMW,BMW743,Diesel,Manual,SUV,Blue,14613000.0,3.5,305,196,Yes,18.8,30,0
BMW,BMW910,Diesel,Automatic,SUV,Red,7671000.0,4.9,308,193,Yes,14.8,346,1
BMW,BMW137,Petrol,Automatic,Coupe,Silver,8227000.0,4.0,407,268,No,14.4,30,0
Kia,KIA497,Petrol,Automatic,Hatchback,Black,1665000.0,1.2,207,190,Yes,15.8,330,1
Kia,KIA500,Petrol,Manual,SUV,Green,4258000.0,2.3,244,219,No,18.4,323,1
Ford,FOR849,Diesel,Manual,Coupe,Red,1982000.0,1.7,130,249,No,14.7,405,1
Hyundai,HYU532,Diesel,Manual,Sedan,Red,1800000.0,1.6,168,216,No,19.2,732,1
Tata,TAT115,Hybrid,Manual,Hatchback,Blue,845000.0,1.3,95,148,No,21.2,567,1
Honda,HON799,Diesel,Automatic,Pickup,White,4550000.0,2.5,191,157,Yes,17.9,430,1
Audi,AUD946,Diesel,Manual,Pickup,Green,5254000.0,2.7,181,206,Yes,18.8,120,1
Honda,HON526,Petrol,Automatic,SUV,Red,3231000.0,2.9,169,147,Yes,17.9,583,1
Toyota,TOY133,Diesel,Automatic,Sedan,Blue,1891000.0,1.4,166,145,No,17.0,202,1
Audi,AUD131,Petrol,Manual,Sedan,Black,16974000.0,4.5,209,232,No,14.8,363,1
Tata,TAT143,Hybrid,Automatic,Sedan,Black,1836000.0,1.8,69,159,Yes,28.6,415,1
Toyota,TOY573,Diesel,Automatic,Pickup,Green,1253000.0,1.5,90,166,No,14.4,364,1
Ford,FOR842,Diesel,Manual,Sedan,Silver,2011000.0,2.7,248,212,Yes,14.0,246,1
Mahindra,MAH311,Petrol,Manual,Pickup,Green,1560000.0,2.3,98,219,Yes,14.9,443,1
Honda,HON547,Diesel,Manual,Hatchback,Red,4640000.0,3.0,155,149,Yes,13.9,594,1
BMW,BMW995,Petrol,Manual,Sedan,Silver,14232000.0,2.4,222,182,No,14.1,325,1
Mercedes,MER984,Petrol,Automatic,Pickup,White,14360000.0,2.6,327,211,Yes,14.6,207,1
BMW,BMW937,Diesel,Manual,Coupe,Grey,9725000.0,4.1,255,277,Yes,19.7,610,1
Tata,TAT215,Petrol,Manual,Sedan,Red,1788000.0,1.4,104,168,No,14.6,416,1
Honda,HON421,Petrol,Manual,Hatchback,Red,4076000.0,1.9,240,185,Yes,14.8,712,1
Toyota,TOY484,Petrol,Automatic,Coupe,Blue,2460000.0,2.0,113,184,No,14.6,79,1
Toyota,TOY574,Petrol,Automatic,Coupe,Green,1422000.0,2.5,113,194,Yes,13.0,304,1
Honda,HON300,Petrol,Automatic,Pickup,Green,2598000.0,1.4,131,176,Yes,13.3,152,1
Audi,AUD865,Petrol,Manual,Hatchback,Silver,18885000.0,4.4,448,217,Yes,16.6,148,0
Toyota,TOY453,Petrol,Automatic,Hatchback,Silver,4279000.0,2.1,178,170,No,16.4,305,1
Mahindra,MAH507,Petrol,Manual,Pickup,Silver,1992000.0,2.8,97,177,No,12.0,409,1
Kia,KIA421,Petrol,Automatic,Coupe,Red,3366000.0,2.3,236,230,Yes,13.0,436,1
Kia,KIA795,Diesel,Manual,Coupe,Silver,3818000.0,2.6,179,207,No,16.7,320,1
Toyota,TOY387,Petrol,Manual,Hatchback,Blue,3780000.0,1.5,245,159,No,15.6,406,1
Mercedes,MER526,Petrol,Automatic,Sedan,White,10724000.0,2.7,446,209,No,15.3,139,0
Tata,TAT954,Diesel,Manual,Hatchback,Grey,1260000.0,1.1,83,140,Yes,15.7,451,1
Hyundai,HYU464,Diesel,Automatic,SUV,Silver,2823000.0,1.3,140,177,No,12.6,605,1
Kia,KIA916,Diesel,Manual,Sedan,White,3236000.0,1.9,248,190,No,14.0,390,1
Ford,FOR368,Diesel,Automatic,SUV,Red,3669000.0,1.6,154,168,No,17.2,258,1
Ford,FOR788,Hybrid,Automatic,Coupe,White,2323000.0,3.4,206,246,Yes,22.8,584,1
Maruti Suzuki,MAR950,Petrol,Manual,Pickup,Green,1700000.0,1.0,119,175,No,13.0,688,1
Mercedes,MER829,Diesel,Automatic,Hatchback,White,12596000.0,2.9,417,228,No,13.8,399,1
Tata,TAT900,Petrol,Manual,Hatchback,Black,1334000.0,1.6,69,139,No,17.7,610,1
Kia,KIA723,Electric,Manual,Pickup,Green,2332000.0,2.0,121,187,No,37.1,197,1
Toyota,TOY951,Petrol,Automatic,Sedan,White,3583000.0,1.4,165,160,No,19.5,387,1
Mercedes,MER663,Petrol,Automatic,Sedan,Red,15222000.0,3.7,360,217,No,13.2,190,0
BMW,BMW680,Petrol,Manual,Pickup,Silver,10526000.0,2.1,218,221,Yes,15.7,529,1
Mahindra,MAH933,Hybrid,Automatic,Pickup,Red,2065000.0,1.8,191,144,Yes,24.3,30,1
Ford,FOR671,Diesel,Automatic,Pickup,White,3767000.0,1.3,228,197,Yes,15.6,384,1
Kia,KIA839,Petrol,Manual,Hatchback,Black,4829000.0,2.8,238,177,Yes,15.6,238,1
Tata,TAT886,Petrol,Manual,SUV,Black,2147000.0,1.7,97,175,Yes,19.9,507,1
Tata,TAT518,Petrol,Manual,Coupe,Blue,886000.0,1.7,94,147,Yes,19.8,568,1
Ford,FOR325,Petrol,Manual,SUV,White,2742000.0,2.7,175,159,Yes,15.6,472,1
Honda,HON618,Hybrid,Manual,Pickup,Blue,2194000.0,2.4,205,142,Yes,27.7,452,1
Mahindra,MAH890,Petrol,Manual,Sedan,White,3589000.0,3.0,211,173,No,12.5,239,1
Kia,KIA786,Petrol,Manual,Coupe,Green,3495000.0,2.4,143,196,No,13.0,294,1
Maruti Suzuki,MAR970,Petrol,Automatic,Pickup,Red,1371000.0,1.6,81,175,No,16.0,325,1
Maruti Suzuki,MAR469,Petrol,Automatic,Pickup,Grey,1204000.0,1.0,95,156,Yes,16.7,643,1
Mahindra,MAH833,Petrol,Manual,Pickup,Green,3503000.0,1.3,140,165,No,17.3,363,1
Honda,HON726,Petrol,Manual,Coupe,Grey,2972000.0,3.0,151,195,No,14.3,374,1
Hyundai,HYU422,Petrol,Manual,SUV,Green,1926000.0,1.2,204,171,Yes,12.2,471,1
Maruti Suzuki,MAR367,Diesel,Manual,Pickup,Red,1259000.0,1.9,90,179,Yes,16.3,752,1
Toyota,TOY678,Electric,Manual,Hatchback,Black,4896000.0,3.1,178,146,No,30.5,239,1
Maruti Suzuki,MAR887,Petrol,Manual,Coupe,Blue,698000.0,1.3,75,143,Yes,18.7,531,1
BMW,BMW186,Hybrid,Automatic,Pickup,White,8121000.0,2.9,277,197,No,29.4,125,1
Hyundai,HYU817,Diesel,Automatic,Pickup,White,2465000.0,1.5,164,154,Yes,13.7,450,1
Honda,HON627,Petrol,Manual,Sedan,Silver,3861000.0,3.0,153,195,Yes,15.1,393,1
Kia,KIA815,Diesel,Automatic,Pickup,Grey,1918000.0,2.1,179,143,No,17.2,443,1
Mercedes,MER361,Petrol,Manual,Sedan,Blue,5419000.0,2.0,199,244,No,18.1,263,1
Mercedes,MER573,Hybrid,Manual,Sedan,Black,15785000.0,3.6,322,200,No,28.4,143,0
Ford,FOR636,Petrol,Manual,Sedan,Red,2404000.0,2.9,94,208,Yes,15.6,522,1
Ford,FOR397,Petrol,Manual,Hatchback,Grey,2986000.0,2.7,193,161,Yes,19.5,352,1
Tata,TAT352,Petrol,Automatic,Sedan,Red,1524000.0,1.6,89,176,Yes,14.0,548,1
Kia,KIA964,Diesel,Manual,Sedan,Silver,1877000.0,3.3,124,199,No,13.6,330,1
Hyundai,HYU184,Diesel,Manual,Coupe,Red,3530000.0,3.0,128,244,Yes,13.8,427,1
BMW,BMW904,Diesel,Manual,Pickup,Grey,15971000.0,3.5,319,206,Yes,12.8,115,0
Audi,AUD753,Petrol,Manual,Sedan,Blue,11699000.0,4.2,275,208,No,19.2,30,0
Audi,AUD809,Diesel,Manual,Sedan,Red,13891000.0,2.1,399,249,Yes,19.5,311,1
Ford,FOR226,Diesel,Automatic,Pickup,White,2472000.0,2.7,201,162,Yes,14.0,510,1
BMW,BMW604,Petrol,Automatic,SUV,Blue,10306000.0,3.9,259,218,No,19.2,108,0
Audi,AUD567,Hybrid,Manual,Pickup,Blue,5822000.0,3.0,249,239,No,27.4,240,1
BMW,BMW244,Diesel,Automatic,Sedan,Grey,16296000.0,3.8,297,198,Yes,16.7,34,0
Maruti Suzuki,MAR656,Hybrid,Manual,Pickup,Black,2203000.0,1.6,110,157,No,23.2,837,1
Mercedes,MER924,Diesel,Automatic,Coupe,Grey,13739000.0,2.7,341,248,Yes,13.2,30,0
Honda,HON714,Diesel,Automatic,Coupe,Grey,1940000.0,3.1,169,204,Yes,16.0,333,1
BMW,BMW655,Petrol,Manual,Sedan,Green,13010000.0,2.1,327,213,Yes,19.1,85,0
Ford,FOR874,Hybrid,Automatic,Hatchback,Red,2504000.0,2.6,97,210,No,20.7,375,1
Toyota,TOY155,Diesel,Automatic,Hatchback,Green,1396000.0,1.2,199,176,No,12.8,347,1
Mahindra,MAH470,Petrol,Manual,Sedan,Silver,2433000.0,1.6,238,200,Yes,17.8,362,1
Kia,KIA860,Diesel,Manual,Coupe,Grey,1613000.0,2.4,182,206,No,14.6,145,1
Mahindra,MAH773,Petrol,Manual,SUV,Red,3084000.0,1.7,128,186,No,19.8,542,1
Audi,AUD626,Hybrid,Manual,Pickup,White,14408000.0,2.7,207,221,No,24.2,275,1
Mercedes,MER848,Petrol,Manual,Coupe,Blue,11157000.0,3.9,214,281,Yes,15.9,438,1
Audi,AUD753,Diesel,Manual,Sedan,Black,13215000.0,2.4,261,246,No,16.4,280,1
Toyota,TOY656,Petrol,Automatic,Hatchback,Green,3771000.0,1.9,104,204,Yes,18.4,469,1
BMW,BMW540,Petrol,Automatic,Coupe,Blue,14511000.0,3.7,427,221,No,16.9,441,1
Ford,FOR798,Diesel,Manual,Coupe,Black,3835000.0,3.4,97,206,Yes,13.3,312,1
Mahindra,MAH582,Petrol,Manual,Pickup,Black,1396000.0,1.8,129,173,No,13.1,425,1
BMW,BMW386,Hybrid,Automatic,Sedan,Grey,16813000.0,4.5,397,207,No,27.1,246,1
Honda,HON776,Petrol,Manual,Coupe,Grey,3736000.0,1.7,227,212,Yes,12.1,656,1
Audi,AUD120,Petrol,Automatic,Hatchback,Grey,11254000.0,2.6,310,208,Yes,19.8,417,1
Hyundai,HYU995,Hybrid,Manual,Hatchback,Silver,4043000.0,3.0,118,166,No,23.8,475,1
Hyundai,HYU459,Petrol,Manual,Pickup,Silver,3179000.0,2.0,179,140,No,14.6,548,1
Ford,FOR897,Diesel,Manual,Sedan,Silver,4028000.0,2.4,216,195,Yes,18.8,453,1
Kia,KIA875,Petrol,Automatic,Sedan,Black,3285000.0,2.3,110,179,No,15.5,361,1
Maruti Suzuki,MAR326,Hybrid,Manual,Coupe,Green,1807000.0,1.4,79,125,No,20.5,306,1
BMW,BMW684,Electric,Automatic,Pickup,Red,11609000.0,4.1,190,214,No,37.9,133,0
Honda,HON570,Petrol,Automatic,Hatchback,Silver,2855000.0,2.4,167,171,No,12.9,426,1
Audi,AUD241,Petrol,Automatic,Coupe,Black,15705000.0,2.8,435,297,No,17.5,222,0
Ford,FOR959,Electric,Manual,Hatchback,Silver,3280000.0,1.3,180,215,No,25.6,322,1
Honda,HON194,Petrol,Manual,SUV,Blue,2886000.0,1.5,166,197,Yes,13.3,437,1
Ford,FOR942,Diesel,Manual,Pickup,Green,3097000.0,1.3,113,162,Yes,18.4,288,1
Kia,KIA777,Petrol,Manual,Sedan,Black,1951000.0,3.2,193,152,No,16.5,427,1
Hyundai,HYU725,Hybrid,Automatic,Pickup,Black,3393000.0,1.4,103,161,No,26.5,617,1
Audi,AUD629,Hybrid,Manual,Hatchback,Silver,13517000.0,3.7,211,249,Yes,24.9,181,0
Maruti Suzuki,MAR995,Petrol,Automatic,Coupe,Green,1455000.0,2.0,111,147,Yes,15.4,528,1
Mercedes,MER547,Petrol,Automatic,Sedan,White,14676000.0,4.3,241,222,Yes,14.0,328,1
Toyota,TOY289,Diesel,Manual,Pickup,Blue,3673000.0,1.6,197,166,No,12.3,451,1
Honda,HON745,Petrol,Manual,SUV,White,2237000.0,2.7,156,195,No,15.9,324,1
Toyota,TOY917,Petrol,Automatic,SUV,Blue,2103000.0,1.5,144,190,No,17.9,469,1
Tata,TAT944,Petrol,Manual,Pickup,Silver,849000.0,1.2,91,137,No,17.3,356,1
Maruti Suzuki,MAR947,Petrol,Manual,Sedan,Grey,2044000.0,1.1,94,175,No,13.4,465,1
Mercedes,MER191,Petrol,Automatic,Sedan,White,14378000.0,4.0,359,217,Yes,18.0,152,0
Kia,KIA126,Diesel,Manual,Pickup,Green,1662000.0,3.4,125,149,No,19.5,426,1
Toyota,TOY788,Petrol,Manual,Pickup,White,1950000.0,3.1,187,198,Yes,19.8,495,1
Kia,KIA136,Petrol,Manual,SUV,Green,2148000.0,2.4,210,174,Yes,12.4,385,1
Mercedes,MER294,Petrol,Manual,Hatchback,Silver,7936000.0,2.4,271,194,No,12.2,64,0
Mercedes,MER912,Hybrid,Manual,Hatchback,Blue,7450000.0,4.6,183,234,Yes,27.5,30,0
Maruti Suzuki,MAR491,Diesel,Automatic,Coupe,White,1967000.0,1.5,70,145,Yes,13.6,646,1
Honda,HON807,Diesel,Automatic,SUV,Black,2524000.0,2.3,147,192,No,19.5,257,1
Audi,AUD529,Petrol,Automatic,Hatchback,Red,14302000.0,3.6,295,236,No,19.1,47,0
Honda,HON282,Diesel,Manual,Pickup,Blue,2973000.0,1.6,164,180,No,15.5,420,1
Kia,KIA181,Electric,Manual,Pickup,Grey,2819000.0,1.7,234,210,Yes,36.4,94,1
Tata,TAT119,Petrol,Automatic,Sedan,Green,1248000.0,1.4,102,156,Yes,16.8,543,1
Tata,TAT410,Petrol,Manual,Coupe,White,1921000.0,1.1,80,150,Yes,17.5,360,1
Honda,HON424,Petrol,Manual,Pickup,Grey,1745000.0,3.2,96,208,No,12.2,507,1
Tata,TAT635,Petrol,Manual,Sedan,Blue,2062000.0,2.0,66,151,Yes,12.6,433,1
Toyota,TOY837,Petrol,Manual,Sedan,Silver,1620000.0,1.6,100,211,No,13.0,611,1
Mercedes,MER297,Petrol,Manual,Coupe,White,8894000.0,5.0,273,308,Yes,19.6,417,1
Toyota,TOY416,Diesel,Manual,Sedan,Red,4440000.0,2.9,130,149,Yes,16.6,558,1
Audi,AUD981,Petrol,Automatic,Sedan,Silver,12002000.0,2.8,184,196,No,16.5,182,1
Honda,HON918,Hybrid,Manual,Hatchback,Green,1807000.0,2.7,197,153,Yes,26.0,375,1
Ford,FOR844,Petrol,Manual,SUV,Green,3849000.0,1.4,155,210,Yes,15.1,712,1
Mercedes,MER131,Diesel,Automatic,Hatchback,Blue,11641000.0,4.0,359,181,Yes,15.6,370,1
BMW,BMW268,Diesel,Automatic,Pickup,Grey,13260000.0,4.0,356,197,No,14.0,30,0
Mercedes,MER679,Petrol,Manual,Hatchback,Silver,9869000.0,2.7,364,222,No,13.7,184,1
Tata,TAT192,Petrol,Manual,SUV,Blue,769000.0,1.2,92,140,Yes,18.8,651,1
Honda,HON572,Petrol,Automatic,Coupe,Silver,3072000.0,3.3,106,226,No,19.1,340,1
Honda,HON522,Hybrid,Manual,Pickup,Red,3250000.0,3.4,191,191,No,26.7,387,1
BMW,BMW109,Petrol,Automatic,SUV,Blue,5560000.0,3.3,200,202,No,18.6,194,1
Ford,FOR124,Petrol,Manual,Coupe,Grey,3413000.0,1.7,114,209,No,15.1,174,1
Honda,HON542,Hybrid,Automatic,Sedan,Grey,4671000.0,2.2,227,211,No,21.6,300,1
Ford,FOR214,Diesel,Automatic,Sedan,White,1838000.0,3.2,136,167,No,14.6,494,1
Audi,AUD102,Petrol,Manual,Pickup,Blue,7878000.0,3.3,295,208,Yes,19.3,225,1
Mahindra,MAH633,Petrol,Manual,SUV,Blue,2149000.0,2.9,184,216,No,17.6,291,1
Mercedes,MER255,Hybrid,Automatic,Hatchback,Green,7359000.0,2.4,320,226,Yes,21.7,352,1
Honda,HON552,Diesel,Automatic,Hatchback,White,4017000.0,2.7,216,148,No,13.6,492,1
Maruti Suzuki,MAR592,Petrol,Manual,Sedan,White,640000.0,1.1,114,133,Yes,17.3,755,1
Kia,KIA156,Petrol,Manual,Pickup,Black,3090000.0,2.3,157,213,No,12.1,554,1
Audi,AUD100,Diesel,Automatic,SUV,Grey,6194000.0,3.5,269,208,No,20.0,313,1
Honda,HON132,Petrol,Manual,Coupe,Green,2545000.0,1.8,212,236,No,16.4,496,1
Toyota,TOY430,Petrol,Automatic,Hatchback,Silver,4669000.0,3.4,165,157,Yes,16.1,628,1
BMW,BMW817,Petrol,Automatic,Hatchback,Red,8167000.0,3.8,264,239,No,17.7,388,1
Kia,KIA369,Electric,Manual,Pickup,White,3373000.0,1.7,95,208,Yes,30.8,171,1
Honda,HON483,Petrol,Automatic,Pickup,Red,3403000.0,2.9,175,212,No,13.2,458,1
Mahindra,MAH114,Petrol,Manual,Hatchback,Black,2919000.0,1.6,230,214,Yes,15.2,135,1
Hyundai,HYU840,Petrol,Automatic,Pickup,Grey,4568000.0,2.8,230,149,Yes,15.8,405,1
Tata,TAT869,Petrol,Manual,SUV,Silver,1766000.0,1.9,82,138,No,19.3,495,1
Hyundai,HYU677,Diesel,Automatic,Coupe,White,2537000.0,1.5,153,230,No,14.9,455,1
Maruti Suzuki,MAR161,Petrol,Automatic,Coupe,Silver,1184000.0,1.8,119,166,No,18.8,790,1
Kia,KIA982,Petrol,Automatic,Sedan,Blue,4618000.0,2.8,211,157,Yes,19.3,509,1
Honda,HON784,Petrol,Manual,Coupe,Silver,2737000.0,1.6,217,204,No,13.5,477,1
Tata,TAT135,Hybrid,Automatic,Pickup,Blue,1994000.0,1.4,97,168,No,23.6,377,1
Audi,AUD375,Diesel,Automatic,SUV,Black,13425000.0,3.1,353,195,Yes,19.8,251,1
Mercedes,MER463,Hybrid,Automatic,SUV,Red,9239000.0,3.8,295,201,No,22.5,78,0
Mahindra,MAH326,Petrol,Automatic,Pickup,Black,2054000.0,3.0,125,201,Yes,15.9,334,1
BMW,BMW262,Electric,Manual,Coupe,White,8978000.0,4.1,402,239,No,33.3,382,1
Tata,TAT574,Petrol,Manual,Hatchback,Green,1002000.0,1.1,83,165,Yes,15.7,241,1
Mahindra,MAH184,Diesel,Automatic,Coupe,Grey,2772000.0,1.9,187,184,No,18.5,117,1
Mercedes,MER155,Petrol,Manual,Sedan,Green,8017000.0,3.9,301,234,Yes,18.6,293,1
BMW,BMW975,Diesel,Manual,Sedan,Black,8079000.0,2.4,431,191,Yes,13.8,93,0
Honda,HON383,Electric,Automatic,Sedan,Grey,1976000.0,2.3,237,161,No,33.1,187,1
Tata,TAT978,Petrol,Manual,Sedan,Green,1526000.0,1.6,81,171,Yes,12.4,358,1
Hyundai,HYU631,Diesel,Automatic,Hatchback,Silver,2001000.0,3.5,209,204,No,16.8,828,1
Mercedes,MER191,Hybrid,Manual,SUV,Black,7443000.0,4.3,326,246,Yes,26.4,30,0
BMW,BMW149,Petrol,Manual,Hatchback,White,6745000.0,3.4,195,232,No,16.0,298,1
Mahindra,MAH295,Petrol,Manual,Coupe,Green,4630000.0,3.4,125,230,No,19.6,286,1
Honda,HON639,Petrol,Manual,Hatchback,Black,3151000.0,1.7,220,210,Yes,17.6,314,1
Tata,TAT601,Petrol,Automatic,Coupe,White,1630000.0,1.5,100,126,No,13.1,409,1
Mercedes,MER715,Petrol,Automatic,Hatchback,Red,9725000.0,2.8,347,205,Yes,17.5,100,0
Mercedes,MER745,Petrol,Manual,SUV,Blue,18302000.0,4.4,349,243,No,14.1,285,1
Hyundai,HYU728,Diesel,Manual,SUV,White,2433000.0,1.4,162,180,No,16.9,356,1
Mahindra,MAH474,Petrol,Manual,Hatchback,Red,3812000.0,2.7,142,143,No,13.5,250,1
Maruti Suzuki,MAR260,Petrol,Automatic,SUV,Blue,1809000.0,2.0,79,168,No,18.9,680,1
Audi,AUD264,Diesel,Manual,Sedan,Green,12598000.0,2.7,443,197,Yes,19.1,244,1
Mahindra,MAH239,Diesel,Automatic,SUV,Red,2046000.0,2.8,155,217,No,13.5,563,1
Hyundai,HYU131,Diesel,Manual,Pickup,Black,4151000.0,1.9,153,176,No,14.0,378,1
Honda,HON318,Petrol,Automatic,Pickup,Grey,3687000.0,1.4,202,182,Yes,13.9,643,1
Mahindra,MAH284,Hybrid,Manual,Hatchback,Black,2323000.0,1.5,96,202,Yes,23.3,295,1
Honda,HON469,Petrol,Manual,Hatchback,Green,4380000.0,2.6,159,185,No,15.7,436,1
Tata,TAT170,Petrol,Automatic,Sedan,Grey,779000.0,1.6,97,165,No,19.5,634,1
BMW,BMW731,Petrol,Automatic,SUV,Grey,10581000.0,3.1,312,243,No,19.8,30,0
Tata,TAT178,Hybrid,Manual,SUV,Green,1077000.0,1.0,69,143,Yes,23.6,496,1
Toyota,TOY281,Hybrid,Manual,Coupe,Green,2240000.0,1.7,209,200,Yes,27.1,577,1
Kia,KIA952,Petrol,Manual,Coupe,Blue,1861000.0,1.6,198,244,No,13.1,272,1
Honda,HON373,Diesel,Automatic,Coupe,Black,1736000.0,3.3,108,197,Yes,19.4,364,1
Honda,HON120,Hybrid,Automatic,Pickup,Green,4123000.0,2.5,101,196,Yes,25.4,614,1
Kia,KIA942,Electric,Automatic,Hatchback,Black,3419000.0,3.5,114,192,Yes,31.9,489,1
Kia,KIA660,Petrol,Automatic,SUV,Black,4066000.0,3.2,230,184,Yes,14.6,186,1
Maruti Suzuki,MAR612,Petrol,Manual,SUV,Green,1407000.0,1.4,76,153,Yes,17.3,681,1
BMW,BMW214,Petrol,Automatic,SUV,White,9344000.0,3.1,360,222,No,12.0,266,1
Kia,KIA884,Diesel,Manual,Hatchback,Blue,2406000.0,1.8,224,209,Yes,14.3,332,1
Ford,FOR614,Diesel,Automatic,Pickup,Grey,1754000.0,1.7,127,178,Yes,14.6,326,1
Tata,TAT488,Electric,Manual,Pickup,Grey,1499000.0,1.3,108,177,Yes,31.1,456,1
Ford,FOR756,Petrol,Automatic,Hatchback,Grey,3293000.0,2.4,128,201,No,13.1,239,1
Mercedes,MER481,Petrol,Automatic,SUV,Grey,8250000.0,4.0,233,227,Yes,19.8,151,1
BMW,BMW982,Petrol,Manual,Pickup,Red,13032000.0,3.3,447,247,No,13.0,297,1
Tata,TAT395,Petrol,Manual,Coupe,White,1957000.0,1.2,79,141,Yes,14.3,435,1
Audi,AUD694,Petrol,Manual,Sedan,Red,18527000.0,5.0,407,204,No,17.7,383,1
Mahindra,MAH666,Hybrid,Manual,SUV,Red,3122000.0,3.0,114,191,Yes,27.7,274,1
BMW,BMW914,Petrol,Manual,SUV,Silver,10283000.0,2.9,263,192,Yes,18.5,176,1
Kia,KIA208,Petrol,Automatic,Hatchback,Grey,3534000.0,1.4,114,158,Yes,16.1,201,1
BMW,BMW313,Petrol,Manual,Pickup,Black,20689000.0,4.7,436,187,No,15.9,308,1
Mercedes,MER699,Hybrid,Manual,Sedan,Black,7464000.0,3.8,242,233,Yes,26.4,386,1
Mahindra,MAH128,Petrol,Manual,Coupe,White,2869000.0,1.8,189,246,Yes,16.8,341,1
Honda,HON429,Petrol,Manual,Pickup,Black,3748000.0,3.3,172,219,Yes,13.3,230,1
Maruti Suzuki,MAR258,Petrol,Automatic,Coupe,Silver,1246000.0,1.2,73,132,No,14.6,628,1
BMW,BMW901,Petrol,Automatic,SUV,Black,7482000.0,4.4,239,209,No,12.1,293,1
Kia,KIA989,Diesel,Manual,Hatchback,Grey,2270000.0,1.5,107,188,Yes,18.6,393,1
Tata,TAT512,Petrol,Automatic,SUV,Blue,1971000.0,1.3,79,126,No,18.2,477,1
Tata,TAT998,Hybrid,Automatic,SUV,Black,2113000.0,1.8,63,120,Yes,27.9,232,1
Audi,AUD210,Hybrid,Automatic,SUV,White,12020000.0,4.2,222,241,No,27.7,203,1
Toyota,TOY952,Diesel,Automatic,Coupe,Grey,2253000.0,1.5,238,192,Yes,13.0,514,1
Tata,TAT674,Hybrid,Automatic,Hatchback,Black,971000.0,1.8,113,168,No,25.6,468,1
Maruti Suzuki,MAR731,Petrol,Manual,SUV,Red,1210000.0,1.1,62,138,No,13.4,758,1
Mercedes,MER328,Hybrid,Manual,Coupe,Grey,9411000.0,2.4,217,305,Yes,29.2,206,1
Toyota,TOY397,Petrol,Automatic,Sedan,Blue,4243000.0,3.1,195,166,No,13.3,417,1
Kia,KIA323,Petrol,Automatic,SUV,Green,2433000.0,3.1,201,176,Yes,12.2,486,1
Kia,KIA804,Petrol,Manual,Sedan,Black,2874000.0,2.2,140,188,No,19.7,210,1
Tata,TAT379,Hybrid,Manual,Pickup,Red,1914000.0,1.0,88,139,Yes,25.1,309,1
BMW,BMW667,Petrol,Manual,SUV,White,16494000.0,3.4,447,181,No,13.5,317,1
Ford,FOR273,Petrol,Automatic,Coupe,Silver,3799000.0,2.8,183,248,No,15.3,473,1
BMW,BMW444,Petrol,Manual,Hatchback,Green,12295000.0,3.1,374,223,No,14.5,224,1
Toyota,TOY737,Petrol,Automatic,SUV,Red,2119000.0,2.1,101,215,Yes,13.5,480,1
Ford,FOR373,Diesel,Automatic,Sedan,Grey,3819000.0,2.9,150,209,No,16.4,181,1
Mercedes,MER127,Hybrid,Manual,Hatchback,Green,11122000.0,4.4,245,240,Yes,25.4,192,1
Maruti Suzuki,MAR992,Diesel,Automatic,SUV,Red,2193000.0,1.7,97,145,Yes,19.7,610,1
BMW,BMW346,Petrol,Automatic,Hatchback,Grey,11714000.0,3.5,391,199,Yes,14.3,182,1
Mercedes,MER548,Petrol,Manual,Sedan,Green,16074000.0,3.9,325,196,No,18.3,250,1
Toyota,TOY130,Diesel,Manual,SUV,White,3825000.0,2.3,152,159,Yes,18.0,222,1
Tata,TAT552,Diesel,Automatic,Hatchback,White,1919000.0,1.9,63,166,Yes,18.8,584,1
Ford,FOR316,Petrol,Manual,Sedan,Grey,4071000.0,1.7,149,217,No,12.8,492,1
Honda,HON453,Petrol,Manual,Pickup,Blue,3435000.0,2.0,238,161,No,17.2,950,1
Mahindra,MAH345,Petrol,Automatic,Sedan,Silver,2629000.0,1.8,120,216,Yes,16.5,500,1
Maruti Suzuki,MAR311,Hybrid,Manual,Pickup,Red,723000.0,1.7,69,164,No,21.4,673,1
Mahindra,MAH898,Petrol,Manual,Coupe,Blue,4125000.0,2.8,151,205,Yes,13.2,62,1
Maruti Suzuki,MAR930,Diesel,Manual,SUV,Green,2178000.0,1.6,68,160,No,19.9,574,1
Mercedes,MER557,Petrol,Automatic,SUV,Grey,12144000.0,3.4,259,186,Yes,13.8,437,1
Toyota,TOY128,Petrol,Automatic,Coupe,Grey,4172000.0,3.0,110,234,No,16.7,450,1
Maruti Suzuki,MAR710,Diesel,Manual,Coupe,Grey,1319000.0,1.6,60,124,Yes,16.2,626,1
Maruti Suzuki,MAR209,Petrol,Automatic,SUV,Green,1273000.0,1.9,116,178,Yes,19.2,408,1
Ford,FOR557,Diesel,Automatic,Coupe,Blue,5066000.0,2.8,243,224,Yes,18.5,409,1
Maruti Suzuki,MAR860,Hybrid,Manual,Pickup,White,2054000.0,1.5,71,151,Yes,27.1,480,1
Tata,TAT196,Diesel,Manual,Coupe,Green,1803000.0,1.5,73,175,No,18.2,622,1
Maruti Suzuki,MAR222,Petrol,Automatic,Pickup,Green,1160000.0,1.3,111,172,No,15.2,510,1
Ford,FOR401,Diesel,Automatic,Sedan,Green,1459000.0,1.6,235,211,Yes,15.6,186,1
Toyota,TOY935,Electric,Automatic,Coupe,Black,4004000.0,1.9,171,231,No,28.1,238,1
Honda,HON511,Diesel,Automatic,Coupe,Black,2202000.0,2.0,194,237,No,16.4,426,1
Honda,HON510,Electric,Manual,Hatchback,White,1676000.0,1.4,184,216,Yes,37.6,287,1
Ford,FOR319,Hybrid,Automatic,Sedan,Grey,4331000.0,2.9,233,200,Yes,26.3,232,1
BMW,BMW940,Diesel,Manual,SUV,Red,12657000.0,4.8,337,192,Yes,17.2,210,1
Hyundai,HYU664,Petrol,Automatic,SUV,White,3008000.0,3.3,115,196,Yes,17.5,556,1
Kia,KIA821,Petrol,Manual,Sedan,White,3372000.0,1.3,109,167,Yes,17.0,396,1
Audi,AUD249,Hybrid,Manual,SUV,Grey,10430000.0,2.6,339,219,No,25.2,30,0
Tata,TAT768,Diesel,Manual,Pickup,Blue,1665000.0,1.3,90,140,Yes,19.0,590,1
Hyundai,HYU306,Petrol,Manual,SUV,Red,3750000.0,1.6,93,157,Yes,16.7,616,1
Tata,TAT180,Hybrid,Manual,SUV,Grey,1269000.0,1.6,87,174,No,20.4,430,1
Tata,TAT160,Petrol,Manual,Sedan,Grey,1847000.0,1.7,98,144,No,12.1,636,1
Tata,TAT446,Hybrid,Manual,Hatchback,Grey,700000.0,1.4,69,156,No,27.9,578,1
Mahindra,MAH478,Petrol,Manual,Pickup,Red,3101000.0,1.9,112,203,Yes,14.6,308,1
Hyundai,HYU604,Diesel,Manual,Coupe,Blue,2248000.0,3.1,112,210,No,14.0,495,1
Kia,KIA754,Diesel,Manual,Pickup,Blue,3811000.0,2.5,216,176,No,12.0,606,1
Kia,KIA834,Petrol,Manual,Sedan,Silver,3812000.0,1.2,195,163,Yes,14.2,148,1
Maruti Suzuki,MAR452,Electric,Manual,Pickup,Green,987000.0,1.8,82,124,No,26.5,721,1
Kia,KIA555,Petrol,Manual,Hatchback,Green,4139000.0,3.1,135,161,Yes,16.5,328,1
Ford,FOR233,Petrol,Manual,Coupe,White,2532000.0,2.4,98,248,No,12.5,430,1
Ford,FOR585,Petrol,Manual,Coupe,White,1605000.0,1.4,114,184,No,14.0,204,1
Audi,AUD567,Petrol,Automatic,Hatchback,Black,8852000.0,3.5,298,213,Yes,16.9,174,1
Honda,HON617,Petrol,Manual,Hatchback,Silver,3987000.0,2.7,99,216,Yes,17.5,394,1
Hyundai,HYU408,Petrol,Automatic,Pickup,White,2090000.0,3.4,148,218,No,12.8,617,1
Audi,AUD422,Diesel,Manual,Sedan,White,5759000.0,2.1,393,191,No,19.4,103,1
Hyundai,HYU618,Diesel,Automatic,Pickup,White,2975000.0,3.2,156,182,Yes,14.5,356,1
Audi,AUD513,Diesel,Manual,Sedan,Black,6617000.0,2.2,195,201,Yes,17.9,418,1
Hyundai,HYU903,Petrol,Automatic,Hatchback,Grey,2124000.0,1.9,234,191,No,19.4,562,1
Hyundai,HYU310,Petrol,Manual,Sedan,Grey,3447000.0,2.8,230,189,No,15.4,667,1
Mercedes,MER372,Hybrid,Manual,Sedan,Blue,7061000.0,4.4,214,230,Yes,25.3,424,1
Maruti Suzuki,MAR373,Diesel,Manual,SUV,Grey,1912000.0,1.9,75,176,Yes,19.7,372,1
Hyundai,HYU458,Diesel,Manual,Coupe,Grey,4454000.0,3.2,200,182,No,16.6,756,1
Honda,HON873,Petrol,Manual,Sedan,Red,3174000.0,1.8,114,200,No,13.9,499,1
Audi,AUD653,Petrol,Automatic,Sedan,Silver,9554000.0,3.9,393,220,No,19.1,147,1
Toyota,TOY994,Petrol,Manual,Coupe,Red,3713000.0,3.1,176,180,No,17.4,280,1
BMW,BMW444,Diesel,Automatic,Sedan,White,12794000.0,2.8,194,216,Yes,12.3,206,1
Kia,KIA764,Petrol,Manual,Pickup,White,1932000.0,2.1,107,149,No,18.6,342,1
Mercedes,MER317,Petrol,Automatic,Sedan,Red,7087000.0,4.1,399,189,No,13.6,30,0
Audi,AUD829,Hybrid,Manual,Pickup,Silver,11395000.0,4.5,217,223,No,29.4,409,1
Kia,KIA919,Diesel,Manual,Sedan,White,1451000.0,1.3,178,216,No,13.8,247,1
Mercedes,MER745,Petrol,Manual,Pickup,Green,8579000.0,2.1,285,218,No,19.8,156,1
Maruti Suzuki,MAR971,Diesel,Automatic,SUV,Green,1958000.0,1.8,73,125,No,16.8,915,1
Hyundai,HYU663,Diesel,Automatic,Sedan,Red,1663000.0,2.3,114,173,Yes,12.5,954,1
Maruti Suzuki,MAR558,Petrol,Manual,SUV,Blue,1923000.0,1.0,116,171,Yes,18.0,747,1
Mercedes,MER178,Diesel,Manual,Coupe,Grey,7306000.0,3.8,286,252,No,19.3,259,1
Mercedes,MER311,Petrol,Manual,Coupe,Grey,12080000.0,2.3,433,222,No,19.1,372,1
Kia,KIA878,Hybrid,Automatic,Sedan,Green,3434000.0,2.3,133,162,Yes,27.3,475,1
BMW,BMW232,Petrol,Manual,Sedan,White,13918000.0,3.8,356,234,No,18.0,208,1
Honda,HON849,Electric,Automatic,Sedan,Blue,2095000.0,2.4,99,200,No,26.6,329,1
Toyota,TOY400,Diesel,Automatic,SUV,Grey,2265000.0,3.0,98,192,Yes,19.4,622,1
Mahindra,MAH283,Electric,Automatic,Coupe,Black,3658000.0,1.7,182,201,No,28.7,423,1
Ford,FOR655,Petrol,Automatic,Hatchback,Red,2180000.0,2.5,217,210,Yes,15.4,570,1
Kia,KIA770,Petrol,Manual,Coupe,Grey,3475000.0,1.8,137,217,Yes,15.6,200,1
Honda,HON209,Petrol,Manual,Coupe,Blue,3388000.0,2.4,107,191,No,19.2,585,1
Mahindra,MAH155,Electric,Automatic,Pickup,Black,3586000.0,2.4,245,149,No,32.7,470,1
Honda,HON779,Diesel,Manual,Hatchback,Red,2761000.0,1.3,155,202,No,15.8,500,1
Mercedes,MER920,Hybrid,Manual,Hatchback,Black,16535000.0,4.4,366,232,No,27.0,330,1
Mahindra,MAH693,Diesel,Manual,Sedan,Black,3020000.0,2.5,120,206,No,14.5,54,1
Kia,KIA468,Diesel,Automatic,Pickup,Black,4196000.0,3.4,218,189,Yes,16.5,384,1
Honda,HON706,Diesel,Manual,Sedan,Red,2661000.0,1.7,145,172,No,19.6,726,1
Audi,AUD884,Hybrid,Manual,Pickup,Silver,15746000.0,3.6,247,206,Yes,23.8,30,0
Tata,TAT340,Diesel,Automatic,Coupe,Silver,1739000.0,1.3,103,173,Yes,14.7,553,1
Ford,FOR297,Diesel,Automatic,Coupe,White,2632000.0,2.4,191,208,Yes,19.4,210,1
Tata,TAT258,Petrol,Manual,Coupe,Green,1248000.0,1.3,113,128,No,13.0,517,1
Mahindra,MAH408,Hybrid,Manual,Pickup,Green,1622000.0,2.6,162,191,Yes,22.8,124,1
Maruti Suzuki,MAR588,Petrol,Automatic,Pickup,Red,2033000.0,1.3,98,176,Yes,15.2,635,1
Tata,TAT663,Petrol,Manual,Hatchback,Grey,1126000.0,1.1,115,149,No,15.2,574,1
Tata,TAT908,Hybrid,Manual,Coupe,Grey,1425000.0,1.1,78,158,Yes,21.0,504,1
BMW,BMW180,Hybrid,Manual,Sedan,White,10650000.0,2.6,188,247,Yes,20.3,81,0
Maruti Suzuki,MAR715,Petrol,Automatic,Pickup,Grey,566000.0,1.3,73,154,No,19.2,832,1
Tata,TAT859,Hybrid,Manual,Hatchback,Red,1985000.0,1.2,89,158,No,23.3,483,1
Maruti Suzuki,MAR819,Diesel,Manual,Coupe,White,1833000.0,1.7,85,125,No,12.1,495,1
Honda,HON608,Diesel,Manual,SUV,White,3815000.0,2.0,196,167,Yes,18.4,417,1
Mercedes,MER263,Petrol,Manual,Hatchback,Grey,17494000.0,4.5,310,185,No,15.0,278,1
Hyundai,HYU225,Petrol,Automatic,Hatchback,Grey,3470000.0,2.7,215,185,Yes,16.8,537,1
BMW,BMW300,Electric,Manual,Hatchback,Green,8154000.0,2.2,374,239,No,31.2,30,0
Audi,AUD878,Petrol,Manual,Pickup,Black,10880000.0,2.6,385,214,No,16.4,320,1
Audi,AUD983,Petrol,Manual,Pickup,Green,6037000.0,3.9,234,206,Yes,15.3,30,0
Ford,FOR846,Diesel,Automatic,SUV,Green,4073000.0,2.2,187,189,Yes,16.9,307,1
Tata,TAT573,Diesel,Manual,SUV,Blue,1600000.0,1.8,108,145,Yes,17.1,640,1
BMW,BMW422,Diesel,Manual,Coupe,Blue,12903000.0,4.0,222,254,No,15.2,242,1
Mahindra,MAH113,Petrol,Manual,Sedan,Black,3521000.0,1.5,176,212,No,19.1,245,1
Maruti Suzuki,MAR842,Petrol,Manual,SUV,Silver,2271000.0,1.8,111,175,No,19.5,752,1
Kia,KIA265,Hybrid,Manual,Coupe,Green,2054000.0,1.5,200,219,No,23.3,287,1
Tata,TAT908,Electric,Manual,SUV,Blue,643000.0,1.4,71,163,Yes,39.2,526,1
Toyota,TOY437,Petrol,Manual,SUV,White,3314000.0,2.7,91,180,Yes,18.5,221,1
BMW,BMW684,Petrol,Automatic,Pickup,Blue,16789000.0,4.9,255,194,Yes,14.7,351,1
Hyundai,HYU574,Hybrid,Automatic,SUV,Red,1920000.0,3.2,238,190,Yes,27.6,384,1
Hyundai,HYU995,Petrol,Manual,Coupe,Red,3858000.0,3.1,219,185,No,15.7,776,1
Mercedes,MER722,Petrol,Automatic,Pickup,Silver,11172000.0,4.3,315,204,Yes,17.7,30,0
BMW,BMW375,Diesel,Manual,Hatchback,Grey,12708000.0,2.3,184,190,Yes,13.3,222,1
Kia,KIA204,Petrol,Automatic,Pickup,Silver,3158000.0,2.6,161,156,No,13.1,773,1
Tata,TAT823,Petrol,Manual,SUV,Red,1005000.0,1.2,64,121,Yes,12.8,449,1
Kia,KIA820,Diesel,Automatic,SUV,Black,3274000.0,2.0,94,180,Yes,16.3,207,1
Mahindra,MAH122,Hybrid,Automatic,Pickup,Silver,3888000.0,2.8,153,170,No,21.6,273,1
Toyota,TOY774,Petrol,Manual,SUV,Silver,3592000.0,2.6,103,170,Yes,19.2,108,1
Toyota,TOY566,Petrol,Manual,SUV,Grey,3194000.0,1.7,173,193,No,18.8,320,1
Maruti Suzuki,MAR700,Diesel,Manual,SUV,Grey,1733000.0,1.4,106,173,No,15.8,458,1
BMW,BMW110,Petrol,Manual,Coupe,Green,13163000.0,3.2,193,276,No,17.4,30,0
Honda,HON819,Hybrid,Manual,Pickup,Black,3551000.0,2.1,103,184,Yes,21.2,545,1
Maruti Suzuki,MAR715,Petrol,Manual,Hatchback,White,1588000.0,1.4,63,135,Yes,13.6,231,1
Hyundai,HYU754,Petrol,Manual,SUV,Red,4687000.0,2.9,162,145,No,12.9,358,1
Kia,KIA490,Diesel,Manual,Sedan,Green,1879000.0,3.0,165,206,Yes,13.8,270,1
Mahindra,MAH604,Hybrid,Manual,Hatchback,Blue,2946000.0,1.5,104,150,Yes,28.1,149,1
Mercedes,MER818,Hybrid,Automatic,Coupe,Black,10502000.0,4.3,257,310,Yes,29.1,269,1
Maruti Suzuki,MAR488,Hybrid,Manual,Coupe,Blue,1530000.0,1.6,99,135,Yes,23.7,298,1
Toyota,TOY804,Petrol,Manual,Sedan,Red,3904000.0,2.0,193,153,Yes,16.5,494,1
Toyota,TOY173,Electric,Manual,Pickup,Black,2207000.0,1.6,189,191,Yes,39.8,428,1
Audi,AUD547,Diesel,Automatic,Pickup,Silver,18053000.0,4.5,328,215,Yes,19.5,560,1
Mercedes,MER617,Diesel,Manual,Hatchback,Blue,12434000.0,4.1,203,230,Yes,14.1,79,0
Toyota,TOY977,Hybrid,Manual,SUV,Black,2334000.0,1.7,91,167,No,21.5,649,1
Ford,FOR505,Petrol,Automatic,Coupe,Red,2785000.0,3.1,108,186,Yes,19.2,385,1
Maruti Suzuki,MAR411,Petrol,Manual,Sedan,Grey,1218000.0,1.7,84,178,Yes,17.6,519,1
Maruti Suzuki,MAR229,Petrol,Automatic,SUV,Silver,653000.0,1.3,93,128,No,12.0,607,1
BMW,BMW776,Electric,Manual,Sedan,Red,12330000.0,2.3,359,223,Yes,39.1,126,0
Ford,FOR298,Diesel,Automatic,Pickup,Red,4833000.0,3.4,244,175,Yes,15.9,360,1
Mahindra,MAH190,Diesel,Automatic,Hatchback,Red,1823000.0,2.7,93,158,Yes,13.7,30,1
Kia,KIA420,Petrol,Manual,Sedan,Grey,4224000.0,1.5,232,149,Yes,17.2,175,1
Mercedes,MER570,Diesel,Manual,Coupe,Blue,15043000.0,2.7,234,270,Yes,17.9,30,0
Tata,TAT234,Petrol,Manual,SUV,Red,2260000.0,1.7,93,144,No,16.8,297,1
Toyota,TOY134,Petrol,Manual,Hatchback,Green,3253000.0,1.7,168,160,No,14.5,472,1
Kia,KIA800,Petrol,Automatic,SUV,Green,2658000.0,1.3,91,150,No,13.3,440,1
Toyota,TOY109,Petrol,Manual,Pickup,Red,2879000.0,2.3,193,198,Yes,12.0,299,1
Kia,KIA627,Petrol,Manual,Pickup,Green,4328000.0,3.5,109,192,Yes,12.0,346,1
Mercedes,MER855,Petrol,Automatic,SUV,Grey,16157000.0,4.0,300,210,No,15.7,192,0
Ford,FOR470,Petrol,Manual,Hatchback,Green,2658000.0,3.2,180,178,No,15.7,369,1
Audi,AUD357,Hybrid,Automatic,Pickup,Blue,7009000.0,3.3,257,249,Yes,24.2,288,1
Tata,TAT633,Petrol,Manual,Coupe,Green,683000.0,1.4,79,155,Yes,13.8,362,1
Maruti Suzuki,MAR965,Petrol,Manual,Hatchback,Blue,1821000.0,1.3,61,166,No,19.0,403,1
Tata,TAT499,Petrol,Manual,Hatchback,Blue,1386000.0,1.3,106,120,Yes,19.4,520,1
Mercedes,MER970,Petrol,Manual,SUV,Red,9012000.0,2.1,449,233,Yes,14.7,364,1
Toyota,TOY463,Petrol,Automatic,SUV,Silver,1694000.0,2.7,247,196,No,12.7,264,1
Mahindra,MAH161,Electric,Automatic,Coupe,Silver,4264000.0,2.0,207,185,Yes,26.9,266,1
Mahindra,MAH889,Diesel,Manual,SUV,Grey,3644000.0,3.1,122,173,Yes,17.0,378,1
Maruti Suzuki,MAR896,Petrol,Automatic,Coupe,Silver,771000.0,1.5,113,172,No,16.7,782,1
Mahindra,MAH674,Petrol,Manual,Coupe,White,4018000.0,1.4,166,234,No,13.1,290,1
Kia,KIA404,Petrol,Manual,SUV,Silver,2249000.0,1.7,136,186,No,15.4,379,1
BMW,BMW190,Petrol,Manual,Sedan,Blue,7877000.0,4.4,196,238,No,14.2,30,0
Maruti Suzuki,MAR954,Hybrid,Automatic,Pickup,Black,1642000.0,1.8,119,138,No,25.5,587,1
BMW,BMW429,Petrol,Manual,Pickup,Grey,13505000.0,5.0,398,207,No,15.8,371,1
Toyota,TOY474,Petrol,Automatic,Coupe,Silver,4563000.0,3.4,180,226,No,15.6,278,1
Honda,HON743,Diesel,Manual,Coupe,Green,3333000.0,2.0,208,181,Yes,12.2,501,1
Honda,HON915,Petrol,Manual,SUV,Grey,3791000.0,2.9,221,168,Yes,12.9,475,1
Kia,KIA802,Diesel,Manual,Hatchback,Red,4773000.0,3.4,160,157,No,19.1,151,1
Hyundai,HYU866,Diesel,Manual,SUV,Grey,1990000.0,2.0,133,204,Yes,16.0,580,1
Maruti Suzuki,MAR528,Petrol,Automatic,Pickup,Grey,978000.0,1.3,62,122,Yes,17.7,590,1
Kia,KIA221,Petrol,Manual,Pickup,Black,3772000.0,2.0,145,209,No,18.9,199,1
BMW,BMW928,Diesel,Manual,Sedan,Green,18038000.0,3.7,437,237,No,15.3,115,0
Mahindra,MAH610,Diesel,Manual,SUV,Red,2832000.0,1.8,135,150,No,14.9,345,1
Audi,AUD191,Petrol,Automatic,Hatchback,Silver,11207000.0,3.8,262,235,Yes,16.2,44,0
Mercedes,MER312,Diesel,Manual,Pickup,Green,17110000.0,3.9,412,191,Yes,15.0,327,1
Tata,TAT688,Petrol,Manual,Coupe,White,737000.0,1.2,83,173,Yes,16.5,676,1
Tata,TAT859,Diesel,Automatic,SUV,Silver,621000.0,1.4,96,154,No,16.9,378,1
Mahindra,MAH933,Petrol,Automatic,Coupe,Blue,2178000.0,2.0,239,248,Yes,14.5,110,1
Toyota,TOY383,Hybrid,Manual,Coupe,Grey,2767000.0,3.0,170,239,No,26.3,505,1
Mercedes,MER882,Petrol,Manual,Pickup,Black,12328000.0,2.1,382,248,No,15.8,94,0
Audi,AUD516,Petrol,Manual,Sedan,Black,5589000.0,2.3,238,218,No,16.5,30,0
Maruti Suzuki,MAR336,Diesel,Automatic,Pickup,Grey,1598000.0,1.6,89,168,No,19.5,505,1
Tata,TAT876,Diesel,Manual,Coupe,Grey,1235000.0,1.0,112,134,No,16.4,441,1
BMW,BMW277,Petrol,Manual,Coupe,Red,6520000.0,3.7,190,292,No,19.6,87,0
Ford,FOR853,Petrol,Automatic,SUV,Red,2748000.0,2.6,120,204,No,13.6,220,1
Mercedes,MER150,Diesel,Manual,Pickup,Silver,5414000.0,3.6,211,228,No,13.3,181,1
Audi,AUD496,Petrol,Automatic,Hatchback,Silver,10439000.0,2.6,219,224,No,14.0,450,1
Tata,TAT466,Hybrid,Automatic,Coupe,Grey,1192000.0,1.5,73,167,No,29.4,621,1
Hyundai,HYU602,Diesel,Manual,Pickup,Green,3575000.0,1.6,117,178,Yes,16.2,530,1
Hyundai,HYU999,Diesel,Manual,SUV,Grey,2343000.0,1.9,159,195,Yes,12.7,610,1
Hyundai,HYU372,Petrol,Manual,SUV,White,3201000.0,1.6,103,179,Yes,19.7,579,1
BMW,BMW842,Petrol,Manual,SUV,Grey,14351000.0,3.7,218,229,No,18.5,274,1
Maruti Suzuki,MAR469,Petrol,Manual,SUV,Blue,1499000.0,1.6,116,157,No,14.1,695,1
Hyundai,HYU179,Diesel,Manual,Pickup,Green,3763000.0,3.2,180,180,No,17.9,481,1
Tata,TAT574,Petrol,Automatic,Coupe,Black,1811000.0,1.4,116,178,No,15.6,524,1
Toyota,TOY341,Diesel,Automatic,Hatchback,Silver,4351000.0,1.9,199,146,No,13.2,89,1
BMW,BMW688,Petrol,Manual,SUV,Green,11374000.0,4.6,236,200,No,18.3,313,1
Ford,FOR696,Hybrid,Manual,Hatchback,White,4101000.0,1.4,218,191,No,22.3,472,1
Honda,HON994,Diesel,Automatic,Pickup,Silver,1981000.0,2.4,211,155,Yes,15.7,587,1
Toyota,TOY523,Petrol,Manual,Coupe,Grey,1637000.0,1.9,124,215,No,13.1,180,1
Audi,AUD516,Petrol,Manual,Coupe,Blue,13893000.0,4.1,205,314,Yes,18.0,135,0
Kia,KIA336,Petrol,Manual,Coupe,White,3133000.0,2.3,118,247,No,12.1,361,1
Toyota,TOY549,Diesel,Automatic,Coupe,Blue,4118000.0,2.1,172,231,No,12.4,692,1
Honda,HON920,Diesel,Automatic,Pickup,White,1398000.0,1.7,113,140,Yes,17.0,193,1
BMW,BMW807,Petrol,Automatic,Pickup,Red,17703000.0,4.5,348,199,Yes,19.3,181,0
Kia,KIA136,Diesel,Automatic,Coupe,Silver,1869000.0,1.3,217,219,Yes,14.0,520,1
Mahindra,MAH877,Hybrid,Automatic,Hatchback,Silver,3461000.0,1.8,94,180,No,28.6,409,1
Mahindra,MAH693,Hybrid,Manual,Pickup,White,1963000.0,2.2,131,141,No,29.0,356,1
Toyota,TOY761,Hybrid,Manual,Coupe,Green,2556000.0,1.8,240,226,Yes,26.9,323,1
Ford,FOR718,Hybrid,Automatic,Hatchback,Green,3681000.0,2.0,180,161,Yes,28.3,133,1
BMW,BMW173,Petrol,Manual,Coupe,Red,16559000.0,3.7,313,204,Yes,19.3,333,1
Toyota,TOY720,Petrol,Manual,Hatchback,Blue,4402000.0,2.5,160,168,No,14.1,245,1
Honda,HON817,Diesel,Manual,Sedan,Red,4106000.0,1.6,209,164,No,13.8,480,1
Kia,KIA236,Diesel,Manual,Sedan,Grey,3518000.0,3.0,206,158,No,14.6,409,1
BMW,BMW358,Diesel,Manual,Coupe,Green,14225000.0,2.8,393,243,No,15.2,348,1
Mahindra,MAH480,Petrol,Manual,Coupe,Black,2080000.0,1.5,157,181,Yes,15.6,268,1
Audi,AUD356,Petrol,Manual,SUV,Black,9554000.0,2.5,211,211,Yes,16.6,189,1
Audi,AUD784,Petrol,Manual,Coupe,Blue,18338000.0,5.0,389,226,No,18.0,30,0
Audi,AUD641,Diesel,Automatic,Coupe,Blue,18291000.0,4.1,364,201,Yes,18.9,511,1
Toyota,TOY287,Petrol,Manual,Hatchback,Grey,3550000.0,1.9,136,144,No,12.4,246,1
Audi,AUD961,Petrol,Manual,Sedan,Black,17424000.0,4.5,274,206,No,14.6,332,1
Mahindra,MAH716,Petrol,Automatic,Hatchback,White,1516000.0,1.3,162,215,Yes,19.3,372,1
Honda,HON621,Petrol,Automatic,Hatchback,Black,3871000.0,2.4,118,194,Yes,19.4,625,1
Mahindra,MAH118,Petrol,Manual,Pickup,Green,1353000.0,1.8,132,147,No,13.8,389,1
Honda,HON337,Diesel,Manual,Pickup,Black,4294000.0,3.4,109,142,Yes,12.9,426,1
Toyota,TOY852,Diesel,Manual,Hatchback,Black,3960000.0,1.6,181,158,Yes,12.2,436,1
Tata,TAT652,Diesel,Manual,SUV,Green,843000.0,1.2,82,159,Yes,15.8,428,1
Toyota,TOY125,Diesel,Manual,Coupe,Blue,4047000.0,2.2,121,217,Yes,15.6,344,1
Mahindra,MAH770,Petrol,Automatic,Pickup,Black,2290000.0,3.3,151,201,No,19.9,467,1
Toyota,TOY914,Petrol,Manual,Pickup,Silver,3317000.0,2.3,201,155,No,15.9,265,1
Audi,AUD266,Electric,Manual,SUV,Silver,13932000.0,3.7,385,241,No,28.3,175,0
Ford,FOR595,Diesel,Automatic,Pickup,Silver,3783000.0,2.0,190,208,Yes,14.0,277,1
Toyota,TOY613,Diesel,Automatic,SUV,Blue,4258000.0,2.8,213,163,Yes,17.6,770,1
Hyundai,HYU221,Petrol,Manual,Sedan,Red,3221000.0,2.3,150,166,Yes,12.1,600,1
BMW,BMW639,Petrol,Automatic,Pickup,Red,9197000.0,3.5,425,233,No,12.0,304,1
BMW,BMW269,Diesel,Automatic,Hatchback,Red,9163000.0,2.0,255,210,Yes,19.1,62,0
Maruti Suzuki,MAR803,Diesel,Automatic,Sedan,White,1423000.0,1.8,77,156,No,14.1,810,1
BMW,BMW423,Hybrid,Manual,SUV,White,10976000.0,2.1,410,183,Yes,22.2,418,1
Mercedes,MER166,Petrol,Automatic,Sedan,White,11115000.0,2.2,191,235,Yes,17.7,30,0
Ford,FOR192,Petrol,Automatic,Hatchback,Grey,4383000.0,2.8,210,170,No,16.7,277,1
BMW,BMW599,Petrol,Automatic,Hatchback,Red,11471000.0,4.2,323,227,Yes,14.3,317,1
Maruti Suzuki,MAR689,Petrol,Manual,Coupe,Green,624000.0,1.0,116,176,Yes,13.7,493,1
Mercedes,MER225,Petrol,Automatic,Coupe,White,9799000.0,4.4,382,209,No,17.6,30,0
Kia,KIA888,Petrol,Automatic,Sedan,Blue,2891000.0,1.5,208,146,Yes,13.4,238,1
Kia,KIA534,Petrol,Manual,Pickup,Silver,3991000.0,1.7,238,195,No,16.5,600,1
Mercedes,MER986,Petrol,Automatic,Hatchback,Blue,16947000.0,3.9,419,238,Yes,13.6,102,0
Mercedes,MER781,Petrol,Automatic,Coupe,White,6230000.0,2.9,388,300,Yes,12.1,30,0
Mahindra,MAH781,Diesel,Automatic,SUV,Black,1428000.0,1.5,229,177,No,19.9,289,1
Audi,AUD360,Petrol,Automatic,Sedan,Grey,16056000.0,2.4,335,204,Yes,15.1,87,0
Hyundai,HYU149,Petrol,Manual,Coupe,White,4494000.0,2.6,211,227,Yes,16.2,361,1
Audi,AUD578,Petrol,Manual,SUV,Silver,5668000.0,2.7,271,189,Yes,13.8,242,1
Hyundai,HYU852,Electric,Manual,Sedan,Black,1601000.0,2.4,110,199,No,30.0,664,1
Kia,KIA743,Electric,Manual,SUV,Blue,1974000.0,3.5,193,144,No,29.7,401,1
Toyota,TOY177,Electric,Manual,Hatchback,White,4129000.0,2.6,135,215,No,36.8,479,1
Mahindra,MAH594,Petrol,Manual,Pickup,Silver,3682000.0,1.9,183,207,No,13.4,348,1
Honda,HON720,Petrol,Automatic,Hatchback,Black,1682000.0,1.6,121,148,No,18.7,396,1
Toyota,TOY274,Petrol,Automatic,Sedan,White,3575000.0,2.6,134,158,No,14.0,448,1
Audi,AUD349,Diesel,Automatic,Hatchback,Black,12983000.0,3.0,255,181,Yes,19.3,223,1
Ford,FOR568,Petrol,Automatic,SUV,Blue,4263000.0,1.9,197,164,No,14.5,595,1
Maruti Suzuki,MAR454,Electric,Manual,Hatchback,Red,2012000.0,1.8,77,124,No,30.4,545,1
Mercedes,MER132,Petrol,Automatic,Hatchback,Red,14042000.0,4.7,228,240,No,12.4,235,1
Mahindra,MAH380,Petrol,Automatic,Pickup,Blue,3717000.0,3.0,161,156,No,19.4,306,1
Maruti Suzuki,MAR719,Diesel,Manual,Sedan,Red,1202000.0,1.5,92,152,Yes,13.6,544,1
BMW,BMW493,Electric,Manual,Hatchback,White,10558000.0,2.1,185,213,Yes,33.1,308,1
Audi,AUD329,Hybrid,Manual,Coupe,Silver,11736000.0,3.0,355,314,Yes,24.9,30,0
Ford,FOR664,Diesel,Manual,Coupe,Grey,3807000.0,1.8,211,225,No,17.1,311,1
Toyota,TOY840,Diesel,Automatic,Coupe,Black,2413000.0,1.4,206,239,Yes,15.2,456,1
Mercedes,MER703,Petrol,Manual,SUV,Blue,9425000.0,4.0,200,200,No,14.9,30,0
Tata,TAT437,Petrol,Automatic,Pickup,Blue,963000.0,1.5,115,121,Yes,17.4,812,1
Mahindra,MAH508,Petrol,Manual,Pickup,Black,3810000.0,3.3,193,189,No,18.2,394,1
Kia,KIA685,Petrol,Manual,SUV,Grey,2767000.0,2.2,102,163,Yes,14.2,119,1
Tata,TAT793,Petrol,Automatic,Hatchback,Black,1826000.0,1.9,73,124,Yes,20.0,603,1
Ford,FOR154,Petrol,Manual,Coupe,Black,2131000.0,3.0,220,190,Yes,13.3,401,1
Tata,TAT571,Petrol,Manual,Sedan,Black,1070000.0,1.2,118,141,No,18.1,431,1
Honda,HON262,Hybrid,Manual,SUV,Red,3109000.0,1.4,153,217,Yes,21.7,633,1
Maruti Suzuki,MAR749,Diesel,Manual,Pickup,Silver,1284000.0,1.8,99,157,Yes,18.8,303,1
Hyundai,HYU611,Diesel,Automatic,Coupe,White,1618000.0,2.2,193,244,No,17.0,665,1
Hyundai,HYU204,Petrol,Manual,Hatchback,Black,3488000.0,1.5,123,217,No,19.1,641,1
Ford,FOR354,Diesel,Manual,SUV,Blue,2711000.0,2.3,227,198,Yes,13.9,149,1
BMW,BMW701,Diesel,Automatic,Coupe,Black,9629000.0,2.9,390,258,No,19.6,170,1
Ford,FOR629,Petrol,Manual,Coupe,Grey,3717000.0,2.4,130,205,Yes,19.8,437,1
Kia,KIA474,Diesel,Manual,Hatchback,White,3103000.0,2.9,166,169,Yes,18.4,359,1
Toyota,TOY639,Diesel,Manual,Coupe,White,2430000.0,3.0,108,235,No,16.9,129,1
Mahindra,MAH464,Petrol,Manual,Sedan,Red,2116000.0,2.0,119,160,No,17.7,523,1
Kia,KIA922,Diesel,Automatic,Hatchback,Blue,2742000.0,1.5,169,200,Yes,14.4,201,1
Tata,TAT602,Hybrid,Manual,Coupe,Grey,1531000.0,1.2,68,141,Yes,23.9,463,1
Kia,KIA205,Diesel,Manual,Hatchback,Black,1754000.0,2.7,165,166,Yes,18.4,586,1
Toyota,TOY678,Diesel,Manual,Hatchback,Grey,2068000.0,3.3,143,176,Yes,19.4,391,1
Tata,TAT508,Diesel,Manual,Sedan,White,1492000.0,1.3,90,164,No,16.0,505,1
Kia,KIA462,Petrol,Manual,Coupe,Grey,1534000.0,2.4,93,204,No,15.8,364,1
Hyundai,HYU200,Diesel,Manual,Sedan,Green,2167000.0,3.3,194,165,No,19.7,883,1
BMW,BMW683,Diesel,Manual,Sedan,Green,15153000.0,2.4,356,219,Yes,13.5,304,1
Kia,KIA430,Electric,Automatic,SUV,Grey,2464000.0,3.1,105,213,No,37.6,123,1
Honda,HON446,Diesel,Automatic,Pickup,Blue,3634000.0,1.8,204,175,Yes,17.1,584,1
Ford,FOR288,Diesel,Automatic,Pickup,Silver,1741000.0,2.8,222,191,No,13.5,275,1
Mahindra,MAH188,Petrol,Manual,SUV,Grey,2266000.0,2.4,142,140,Yes,12.3,274,1
Mahindra,MAH244,Diesel,Manual,Coupe,Grey,4427000.0,2.2,211,188,No,19.4,316,1
Mercedes,MER550,Diesel,Manual,Coupe,Red,4826000.0,2.1,194,212,No,15.9,97,1
Mercedes,MER827,Diesel,Automatic,Coupe,Green,16880000.0,4.3,425,217,No,13.1,338,1
Hyundai,HYU188,Petrol,Automatic,Sedan,Red,1749000.0,2.0,168,176,Yes,14.1,322,1
Mahindra,MAH867,Petrol,Manual,Pickup,Red,2344000.0,1.4,184,192,Yes,18.1,471,1
Honda,HON450,Petrol,Automatic,Pickup,Silver,4332000.0,3.0,127,158,Yes,19.3,546,1
Toyota,TOY569,Petrol,Automatic,Pickup,Silver,3663000.0,1.8,225,151,No,14.8,498,1
Maruti Suzuki,MAR400,Electric,Manual,Hatchback,Red,1167000.0,1.6,87,147,No,33.3,372,1
Mercedes,MER638,Petrol,Automatic,Coupe,Silver,14540000.0,4.4,309,277,No,16.3,123,0
Kia,KIA781,Petrol,Automatic,Sedan,Green,1460000.0,2.2,91,192,No,16.1,368,1
Hyundai,HYU422,Petrol,Automatic,SUV,Black,4408000.0,2.0,247,216,Yes,18.3,390,1
Mercedes,MER423,Petrol,Automatic,Sedan,White,14557000.0,3.2,288,246,Yes,14.9,75,0
Honda,HON349,Diesel,Automatic,SUV,Blue,2228000.0,3.1,168,185,Yes,13.2,674,1
Tata,TAT149,Petrol,Manual,Coupe,Blue,857000.0,1.1,90,166,Yes,17.9,600,1
Audi,AUD751,Diesel,Manual,Pickup,Green,6898000.0,2.3,409,197,No,17.7,182,1
Honda,HON487,Petrol,Automatic,Pickup,Green,1349000.0,1.4,187,154,Yes,12.2,146,1
Tata,TAT166,Petrol,Automatic,Sedan,Blue,1990000.0,1.8,96,137,Yes,15.7,440,1
Toyota,TOY173,Hybrid,Manual,SUV,Blue,3122000.0,1.4,143,205,Yes,24.1,282,1
Hyundai,HYU447,Diesel,Manual,Coupe,Silver,3678000.0,1.4,227,187,No,19.1,586,1
Maruti Suzuki,MAR592,Petrol,Automatic,SUV,Grey,1232000.0,1.6,110,120,Yes,14.1,567,1
Mercedes,MER679,Petrol,Manual,Sedan,Black,13306000.0,2.4,363,185,No,17.7,318,1
Kia,KIA998,Petrol,Automatic,Hatchback,Blue,2285000.0,2.3,116,190,Yes,14.7,583,1
BMW,BMW841,Petrol,Manual,Hatchback,Silver,9090000.0,4.6,379,220,Yes,13.0,71,0
Kia,KIA932,Diesel,Automatic,Hatchback,White,3299000.0,1.2,218,164,Yes,12.9,240,1
Tata,TAT721,Hybrid,Manual,Hatchback,Silver,2085000.0,1.1,104,159,No,28.2,614,1
Audi,AUD605,Diesel,Automatic,Pickup,Silver,10298000.0,3.2,348,207,Yes,12.3,373,1
Audi,AUD934,Hybrid,Manual,Coupe,Blue,9754000.0,2.9,266,288,Yes,27.3,451,1
Honda,HON323,Hybrid,Manual,Sedan,Grey,4433000.0,3.0,211,160,No,21.0,398,1
Mahindra,MAH457,Diesel,Automatic,Pickup,Green,4914000.0,3.2,175,168,No,16.2,333,1
BMW,BMW871,Petrol,Manual,Hatchback,White,13935000.0,4.3,199,236,No,17.1,239,1
BMW,BMW599,Electric,Automatic,Hatchback,Green,9914000.0,2.6,221,180,Yes,38.7,224,1
Hyundai,HYU905,Electric,Manual,SUV,Red,1472000.0,2.0,122,199,No,35.6,619,1
Maruti Suzuki,MAR498,Hybrid,Manual,Hatchback,Blue,1551000.0,1.4,98,126,Yes,26.8,782,1
Kia,KIA208,Hybrid,Manual,Sedan,Black,1934000.0,3.2,170,182,No,25.8,332,1
Kia,KIA495,Diesel,Manual,Sedan,Green,2443000.0,1.9,110,155,No,12.0,579,1
Maruti Suzuki,MAR348,Diesel,Manual,Coupe,Silver,2043000.0,1.8,73,120,Yes,15.9,811,1
Audi,AUD677,Diesel,Manual,Sedan,Blue,10519000.0,4.6,205,205,No,19.5,183,1
Ford,FOR115,Petrol,Manual,Pickup,Black,1379000.0,2.1,131,182,No,14.2,302,1
Ford,FOR166,Hybrid,Manual,Coupe,Silver,4648000.0,2.9,146,186,No,26.7,512,1
Ford,FOR936,Petrol,Automatic,Sedan,Red,3372000.0,1.5,177,218,Yes,14.6,438,1
Mercedes,MER684,Petrol,Automatic,Hatchback,White,8459000.0,4.8,390,207,No,12.7,156,1
Maruti Suzuki,MAR125,Diesel,Manual,Pickup,Silver,625000.0,1.4,102,149,No,17.9,717,1
Hyundai,HYU201,Petrol,Manual,SUV,White,5017000.0,2.9,236,159,No,17.7,824,1
Tata,TAT477,Hybrid,Manual,Hatchback,Red,1650000.0,1.9,90,136,Yes,23.8,398,1
Tata,TAT463,Petrol,Manual,Hatchback,Silver,1396000.0,1.9,71,137,Yes,18.8,397,1
Audi,AUD352,Petrol,Manual,Sedan,Silver,10424000.0,4.9,252,210,Yes,12.8,192,1
Ford,FOR469,Petrol,Manual,Pickup,Grey,4842000.0,3.3,159,194,Yes,19.9,403,1
Kia,KIA700,Petrol,Automatic,Sedan,Grey,2628000.0,1.5,228,178,Yes,19.9,280,1
Honda,HON466,Petrol,Automatic,Coupe,Black,2892000.0,2.9,94,208,No,13.2,457,1
Kia,KIA350,Petrol,Manual,SUV,Silver,3896000.0,3.4,189,195,Yes,15.2,584,1
Audi,AUD938,Diesel,Manual,Hatchback,Grey,16602000.0,4.6,358,248,Yes,18.6,587,1
Toyota,TOY443,Hybrid,Automatic,Sedan,Blue,1971000.0,2.4,234,215,Yes,23.8,306,1
Kia,KIA331,Petrol,Manual,Coupe,Silver,2140000.0,3.2,239,215,No,12.1,587,1
Hyundai,HYU798,Diesel,Automatic,Hatchback,Red,3640000.0,2.3,102,155,No,13.2,379,1
Audi,AUD156,Petrol,Manual,Hatchback,Blue,8901000.0,4.8,438,189,No,13.8,408,1
Tata,TAT254,Diesel,Manual,Hatchback,Grey,1449000.0,1.2,69,140,No,19.6,663,1
Kia,KIA268,Petrol,Automatic,Pickup,Silver,2976000.0,2.4,191,198,Yes,12.8,494,1
BMW,BMW373,Electric,Automatic,Sedan,White,9134000.0,4.9,270,198,Yes,31.3,172,1
Mahindra,MAH406,Electric,Manual,Hatchback,Silver,2065000.0,2.7,125,191,Yes,26.5,260,1
Kia,KIA264,Petrol,Manual,Pickup,Red,1796000.0,3.2,211,193,No,12.2,454,1
Mahindra,MAH647,Hybrid,Manual,Hatchback,Black,2077000.0,3.1,183,199,No,26.4,212,1
Mahindra,MAH375,Electric,Automatic,Sedan,Black,2677000.0,1.9,197,204,Yes,25.7,71,1
Kia,KIA495,Diesel,Manual,Sedan,Blue,3113000.0,1.5,239,183,Yes,19.4,165,1
Hyundai,HYU956,Diesel,Manual,SUV,Grey,3375000.0,1.6,111,208,No,16.3,266,1
Hyundai,HYU886,Petrol,Manual,Coupe,Red,3078000.0,3.1,107,205,Yes,14.6,511,1
Maruti Suzuki,MAR298,Hybrid,Manual,Sedan,Green,2022000.0,1.8,84,159,No,23.9,625,1
Mercedes,MER109,Electric,Manual,SUV,White,14301000.0,5.0,381,188,No,36.9,203,0
Mahindra,MAH330,Petrol,Manual,Pickup,Black,1994000.0,2.4,188,211,No,13.7,252,1
Mahindra,MAH592,Petrol,Automatic,Hatchback,White,4368000.0,2.1,189,184,No,13.7,272,1
Mahindra,MAH596,Petrol,Manual,Coupe,Red,2915000.0,1.3,122,246,Yes,19.6,107,1
Ford,FOR988,Electric,Manual,Coupe,Silver,2794000.0,3.2,101,188,Yes,38.4,339,1
Ford,FOR594,Petrol,Manual,Hatchback,Red,2265000.0,1.4,112,210,Yes,15.9,124,1
Maruti Suzuki,MAR401,Electric,Manual,Coupe,Red,1397000.0,1.3,78,156,No,33.1,671,1
Toyota,TOY488,Petrol,Automatic,Coupe,Grey,2605000.0,1.4,245,192,No,17.1,436,1
Maruti Suzuki,MAR339,Petrol,Automatic,Sedan,Silver,724000.0,1.2,98,136,Yes,16.3,518,1
Toyota,TOY645,Diesel,Manual,Hatchback,Blue,1774000.0,1.7,207,142,Yes,12.9,358,1
Hyundai,HYU497,Diesel,Automatic,SUV,Blue,1763000.0,3.2,100,208,No,18.6,473,1
Tata,TAT234,Petrol,Automatic,Pickup,Grey,676000.0,1.0,62,155,No,17.4,613,1
Mahindra,MAH245,Petrol,Manual,Pickup,White,2089000.0,3.1,142,218,No,15.1,631,1
Hyundai,HYU877,Hybrid,Automatic,Coupe,White,2519000.0,3.3,180,230,Yes,24.1,319,1
Kia,KIA483,Diesel,Manual,Pickup,White,3912000.0,3.4,189,216,Yes,14.8,293,1
Mercedes,MER314,Diesel,Manual,Sedan,Green,14236000.0,2.3,276,214,No,17.2,265,1
Mercedes,MER867,Petrol,Manual,Coupe,Red,16140000.0,4.4,210,209,Yes,16.0,168,0
Maruti Suzuki,MAR639,Petrol,Manual,Pickup,White,1758000.0,1.1,98,151,No,17.8,869,1
Kia,KIA117,Electric,Manual,Pickup,Grey,1937000.0,1.7,234,166,No,39.8,259,1
Honda,HON798,Petrol,Manual,Pickup,Silver,1530000.0,2.3,141,219,No,19.9,332,1
Mahindra,MAH802,Diesel,Manual,Hatchback,Grey,4215000.0,3.2,196,209,No,12.5,166,1
Mahindra,MAH169,Diesel,Manual,Coupe,Black,3400000.0,2.8,120,234,No,19.6,261,1
Toyota,TOY335,Petrol,Manual,Coupe,Silver,2283000.0,2.3,115,246,No,13.3,459,1
Audi,AUD964,Hybrid,Manual,SUV,Black,14305000.0,3.0,334,183,Yes,22.1,534,1
BMW,BMW967,Hybrid,Automatic,Sedan,Silver,11894000.0,2.1,221,231,No,28.1,160,0
Honda,HON196,Petrol,Manual,Sedan,Grey,1861000.0,1.7,104,152,Yes,12.1,577,1
BMW,BMW419,Petrol,Manual,Coupe,Red,8211000.0,4.3,334,312,No,18.4,278,1
Maruti Suzuki,MAR877,Diesel,Manual,Coupe,Green,2055000.0,1.6,108,141,Yes,13.7,633,1
Ford,FOR897,Hybrid,Manual,Hatchback,Black,1842000.0,3.2,145,163,No,26.2,409,1
BMW,BMW126,Hybrid,Automatic,Coupe,Grey,11840000.0,3.6,248,315,No,29.5,257,1
Audi,AUD536,Petrol,Manual,Hatchback,Green,16398000.0,4.1,314,205,No,14.1,401,1
Ford,FOR259,Hybrid,Manual,Hatchback,Grey,2149000.0,2.5,116,153,No,20.1,400,1
Maruti Suzuki,MAR937,Diesel,Automatic,Coupe,Blue,1813000.0,1.4,77,142,No,12.7,694,1
Maruti Suzuki,MAR436,Petrol,Manual,Sedan,Green,1591000.0,1.2,105,131,No,13.8,490,1
Kia,KIA297,Petrol,Manual,Coupe,White,1831000.0,2.7,190,193,Yes,19.0,349,1
Hyundai,HYU550,Petrol,Manual,SUV,Grey,3266000.0,1.9,129,200,Yes,17.9,488,1
Kia,KIA965,Diesel,Automatic,Coupe,Green,1930000.0,1.9,136,248,No,18.0,207,1
Toyota,TOY980,Petrol,Automatic,SUV,White,3274000.0,1.8,90,144,No,16.4,267,1
Mercedes,MER601,Diesel,Manual,Sedan,Silver,7156000.0,4.6,342,187,No,18.1,107,1
Toyota,TOY864,Petrol,Automatic,SUV,Grey,3378000.0,1.9,120,205,No,14.6,199,1
Mercedes,MER884,Petrol,Automatic,Pickup,White,15131000.0,5.0,291,187,Yes,14.5,199,0
BMW,BMW118,Petrol,Manual,Sedan,Green,16308000.0,4.3,242,246,No,17.0,289,1
Mercedes,MER672,Diesel,Manual,Coupe,Black,11625000.0,4.5,272,304,No,18.5,30,0
Tata,TAT645,Petrol,Automatic,Coupe,Blue,1709000.0,1.3,118,152,Yes,19.3,449,1
Kia,KIA929,Petrol,Automatic,Sedan,Silver,1517000.0,1.5,135,216,No,17.3,138,1
Maruti Suzuki,MAR618,Petrol,Automatic,Sedan,Red,1200000.0,2.0,104,174,Yes,19.4,476,1
Kia,KIA777,Petrol,Manual,Pickup,Green,4425000.0,1.9,197,207,Yes,13.4,470,1
Mahindra,MAH235,Petrol,Automatic,Hatchback,Red,3080000.0,2.1,129,140,Yes,19.0,547,1
Audi,AUD962,Electric,Automatic,Sedan,Silver,14961000.0,3.5,276,189,Yes,33.6,456,1
Mercedes,MER340,Diesel,Automatic,SUV,White,11922000.0,2.9,342,210,Yes,18.4,308,1
Maruti Suzuki,MAR762,Petrol,Manual,SUV,White,1515000.0,1.9,91,153,Yes,14.9,614,1
Ford,FOR250,Diesel,Manual,Coupe,Grey,2827000.0,3.3,125,188,Yes,18.6,100,1
Kia,KIA391,Electric,Automatic,Pickup,Black,2837000.0,2.4,184,205,Yes,30.9,439,1
Tata,TAT819,Petrol,Manual,Pickup,Red,1808000.0,1.8,110,135,No,14.8,639,1
Toyota,TOY555,Diesel,Manual,Pickup,Red,4275000.0,2.5,247,175,Yes,18.7,434,1
Toyota,TOY366,Petrol,Manual,Sedan,White,4724000.0,3.3,248,179,No,13.6,573,1
Toyota,TOY549,Petrol,Manual,Hatchback,White,3541000.0,2.0,97,180,Yes,15.8,380,1
Tata,TAT904,Petrol,Manual,Pickup,Silver,748000.0,1.8,77,158,Yes,12.8,562,1
Honda,HON867,Diesel,Manual,Hatchback,Red,2567000.0,2.6,119,218,No,18.4,544,1
Ford,FOR201,Petrol,Manual,Sedan,Grey,3220000.0,1.6,92,186,Yes,13.2,287,1
Mercedes,MER191,Petrol,Manual,Coupe,White,9795000.0,2.2,448,314,Yes,13.1,410,1
Mahindra,MAH348,Diesel,Manual,SUV,White,2314000.0,2.1,137,214,Yes,17.8,421,1
BMW,BMW217,Hybrid,Manual,Sedan,Green,15574000.0,4.1,230,225,No,25.2,407,1
Mahindra,MAH605,Petrol,Automatic,SUV,Red,4129000.0,2.4,96,161,No,19.3,448,1
Audi,AUD853,Hybrid,Automatic,SUV,Blue,9320000.0,2.1,427,195,No,27.3,301,1
Tata,TAT915,Hybrid,Manual,Hatchback,White,1555000.0,1.2,71,139,No,27.6,485,1
Mercedes,MER742,Electric,Automatic,Coupe,Green,11208000.0,2.5,212,246,No,29.3,126,0
Tata,TAT561,Petrol,Manual,Hatchback,Red,1693000.0,2.0,60,174,Yes,15.5,637,1
Kia,KIA155,Petrol,Automatic,Sedan,White,2669000.0,1.4,112,203,No,13.8,414,1
Mahindra,MAH436,Diesel,Manual,Hatchback,Black,3033000.0,2.2,138,202,No,17.8,108,1
Maruti Suzuki,MAR813,Petrol,Manual,Pickup,Green,985000.0,1.5,109,154,Yes,19.8,820,1
Mercedes,MER265,Petrol,Automatic,Hatchback,Silver,7041000.0,5.0,366,238,Yes,14.7,416,1
Mahindra,MAH849,Petrol,Manual,SUV,Blue,3521000.0,2.0,141,193,Yes,19.5,306,1
Toyota,TOY430,Diesel,Manual,Sedan,Red,2885000.0,2.0,233,194,No,15.1,413,1
Audi,AUD244,Diesel,Automatic,Hatchback,Blue,9083000.0,2.2,345,202,Yes,14.7,223,1
Honda,HON401,Electric,Manual,Coupe,White,2984000.0,2.9,134,185,No,31.4,469,1
Mahindra,MAH539,Hybrid,Manual,Coupe,Blue,4395000.0,2.7,134,192,Yes,22.3,255,1
Mercedes,MER393,Diesel,Manual,SUV,Silver,7187000.0,2.9,206,242,Yes,19.1,108,1
Mahindra,MAH180,Electric,Automatic,Coupe,Blue,3194000.0,1.3,107,202,No,31.5,323,1
Mahindra,MAH431,Diesel,Manual,Coupe,Silver,2150000.0,1.6,107,240,Yes,14.9,289,1
Ford,FOR733,Hybrid,Manual,Pickup,White,1534000.0,2.6,129,187,Yes,26.1,123,1
Hyundai,HYU404,Petrol,Manual,Coupe,Grey,3629000.0,1.7,164,247,Yes,17.8,330,1
BMW,BMW491,Diesel,Manual,SUV,Red,15699000.0,4.1,339,228,No,16.9,352,1
Honda,HON872,Diesel,Automatic,Sedan,White,2750000.0,2.2,97,209,Yes,18.9,218,1
BMW,BMW995,Hybrid,Manual,Sedan,Silver,4748000.0,2.0,199,205,No,21.9,343,1
Mercedes,MER775,Petrol,Automatic,Pickup,Silver,10313000.0,4.1,438,194,Yes,15.7,30,0
Toyota,TOY207,Hybrid,Manual,Sedan,Green,1994000.0,1.6,163,167,Yes,27.4,233,1
Kia,KIA647,Petrol,Automatic,Hatchback,Grey,2227000.0,2.9,136,187,Yes,17.1,202,1
Tata,TAT149,Diesel,Automatic,Hatchback,Green,1015000.0,1.2,94,124,No,16.1,577,1
Toyota,TOY237,Petrol,Manual,Coupe,Blue,1706000.0,2.0,199,208,Yes,14.2,614,1
Honda,HON646,Hybrid,Manual,SUV,Silver,2175000.0,1.9,192,217,Yes,22.1,553,1
BMW,BMW582,Diesel,Manual,SUV,White,14705000.0,4.7,304,202,No,17.3,237,1
Mahindra,MAH842,Diesel,Manual,SUV,Silver,1952000.0,1.7,118,198,No,19.6,257,1
Hyundai,HYU243,Petrol,Automatic,Hatchback,Black,2428000.0,1.3,205,183,Yes,17.8,658,1
Hyundai,HYU690,Diesel,Manual,Hatchback,Black,1670000.0,1.6,144,179,No,19.4,589,1
Toyota,TOY111,Petrol,Manual,Sedan,Grey,4426000.0,3.2,125,198,Yes,15.1,418,1
Tata,TAT920,Diesel,Automatic,Pickup,Black,1781000.0,1.8,69,173,Yes,17.4,480,1
Toyota,TOY264,Petrol,Manual,Pickup,White,3670000.0,2.5,212,173,Yes,13.1,645,1
Toyota,TOY513,Petrol,Automatic,SUV,Red,1849000.0,1.7,201,161,Yes,13.4,438,1
BMW,BMW626,Petrol,Manual,SUV,Blue,14200000.0,2.5,272,209,No,15.8,355,1
Maruti Suzuki,MAR521,Petrol,Manual,Coupe,Green,1622000.0,1.4,81,150,No,12.3,564,1
Kia,KIA498,Diesel,Manual,SUV,Grey,4138000.0,1.7,201,202,Yes,18.6,370,1
Hyundai,HYU727,Diesel,Manual,Sedan,Grey,1841000.0,3.1,167,152,Yes,17.7,362,1
Tata,TAT919,Diesel,Automatic,Coupe,Blue,1065000.0,1.1,87,134,Yes,19.6,649,1
Mercedes,MER560,Diesel,Manual,Pickup,Blue,15874000.0,3.2,276,191,No,19.5,30,0
Audi,AUD315,Electric,Manual,Coupe,Green,13515000.0,2.7,269,309,Yes,33.1,550,1
Tata,TAT899,Diesel,Manual,Sedan,Red,1976000.0,1.9,108,176,Yes,18.6,614,1
Honda,HON212,Petrol,Manual,Sedan,Red,1549000.0,1.5,231,142,Yes,18.4,409,1
Mercedes,MER168,Petrol,Manual,SUV,Black,8147000.0,2.6,193,232,No,12.6,367,1
Ford,FOR244,Hybrid,Manual,Pickup,Silver,4364000.0,1.9,217,144,Yes,25.4,317,1
Maruti Suzuki,MAR792,Diesel,Automatic,SUV,Red,1682000.0,1.9,60,136,No,17.6,589,1
Mahindra,MAH626,Electric,Automatic,Pickup,Blue,3472000.0,1.6,101,140,Yes,28.2,270,1
Honda,HON253,Petrol,Automatic,Coupe,Grey,2607000.0,2.3,112,212,Yes,12.1,358,1
Mahindra,MAH280,Electric,Automatic,Pickup,Black,1951000.0,2.0,108,205,Yes,28.0,275,1
Mercedes,MER940,Diesel,Manual,Pickup,Black,10591000.0,3.9,191,185,Yes,14.6,444,1
Maruti Suzuki,MAR877,Electric,Manual,Coupe,Blue,1271000.0,1.4,100,120,Yes,39.4,518,1
Audi,AUD877,Diesel,Automatic,Sedan,Silver,16123000.0,2.0,447,182,No,13.0,145,0
Toyota,TOY482,Diesel,Manual,Coupe,Green,2155000.0,2.2,172,187,Yes,12.6,371,1
Tata,TAT316,Petrol,Manual,Coupe,Red,1694000.0,1.2,63,153,No,18.6,607,1
Tata,TAT681,Hybrid,Automatic,Hatchback,White,2019000.0,1.5,77,126,Yes,26.7,613,1
Maruti Suzuki,MAR442,Petrol,Automatic,SUV,Green,1669000.0,1.9,93,166,Yes,14.4,527,1
Maruti Suzuki,MAR871,Diesel,Manual,SUV,Grey,1327000.0,1.0,96,152,Yes,18.0,717,1
Ford,FOR913,Petrol,Manual,SUV,White,1653000.0,3.3,92,204,Yes,15.8,560,1
Kia,KIA815,Electric,Manual,SUV,Red,4044000.0,2.3,193,169,Yes,36.2,479,1
Audi,AUD115,Diesel,Automatic,Sedan,Black,8175000.0,4.2,259,199,Yes,18.5,105,0
Tata,TAT726,Petrol,Manual,SUV,Black,2033000.0,1.7,115,129,No,14.2,344,1
Honda,HON919,Diesel,Automatic,SUV,Red,2479000.0,2.8,133,162,Yes,16.6,285,1
BMW,BMW701,Petrol,Automatic,Coupe,Red,6968000.0,3.1,195,314,No,14.5,265,1
Toyota,TOY959,Petrol,Manual,Pickup,White,2046000.0,1.6,201,217,Yes,13.5,577,1
Hyundai,HYU513,Petrol,Automatic,SUV,Green,1719000.0,2.1,153,204,Yes,15.8,772,1
Mercedes,MER257,Petrol,Manual,Sedan,White,10507000.0,2.2,180,186,No,19.7,32,0
Ford,FOR165,Hybrid,Manual,SUV,White,3603000.0,1.5,188,188,Yes,20.0,605,1
Tata,TAT623,Hybrid,Manual,SUV,Black,955000.0,1.9,99,120,Yes,28.5,414,1
Maruti Suzuki,MAR485,Diesel,Manual,Hatchback,Grey,649000.0,1.9,80,161,No,18.3,467,1
Maruti Suzuki,MAR650,Hybrid,Automatic,Coupe,Black,1416000.0,1.6,77,179,No,27.4,398,1
Tata,TAT771,Hybrid,Manual,Pickup,Grey,1047000.0,1.6,86,171,No,23.3,493,1
BMW,BMW155,Hybrid,Manual,Pickup,Green,8835000.0,2.7,346,185,Yes,25.1,30,0
Maruti Suzuki,MAR999,Hybrid,Automatic,SUV,Silver,1205000.0,1.5,79,154,No,20.8,399,1
Kia,KIA344,Petrol,Manual,SUV,Green,2781000.0,2.1,190,190,No,15.3,255,1
Hyundai,HYU320,Petrol,Manual,Coupe,Black,2204000.0,2.5,244,192,No,12.6,463,1
Toyota,TOY325,Hybrid,Automatic,Hatchback,Silver,2583000.0,3.1,168,159,No,29.5,166,1
Toyota,TOY795,Petrol,Manual,SUV,Silver,1578000.0,1.5,129,146,Yes,18.0,568,1
Tata,TAT813,Petrol,Manual,SUV,Grey,1762000.0,1.2,91,151,No,19.0,363,1
Ford,FOR306,Diesel,Manual,Sedan,Grey,1554000.0,1.9,231,158,Yes,13.1,88,1
Mercedes,MER874,Hybrid,Automatic,Coupe,White,12285000.0,4.5,320,261,Yes,22.8,302,1
Hyundai,HYU629,Hybrid,Automatic,Hatchback,Red,3939000.0,2.9,127,165,No,27.9,376,1
Toyota,TOY749,Petrol,Manual,SUV,Green,2283000.0,1.6,144,204,Yes,15.9,143,1
Mercedes,MER462,Diesel,Automatic,Hatchback,Black,9362000.0,2.5,227,183,Yes,12.1,30,0
Hyundai,HYU945,Petrol,Manual,Pickup,Black,2544000.0,3.5,153,203,Yes,13.7,498,1
Kia,KIA559,Diesel,Manual,Pickup,Grey,2050000.0,2.5,90,141,No,13.1,372,1
Audi,AUD959,Diesel,Automatic,Sedan,Green,12266000.0,2.9,244,237,No,13.3,30,0
Maruti Suzuki,MAR996,Electric,Automatic,Pickup,Red,1749000.0,1.9,73,125,Yes,39.7,460,1
Mahindra,MAH344,Diesel,Automatic,Sedan,Black,2979000.0,1.7,248,143,Yes,15.6,157,1
Maruti Suzuki,MAR736,Hybrid,Manual,Pickup,Silver,1487000.0,1.5,91,179,No,28.8,674,1
Mercedes,MER639,Petrol,Manual,Pickup,Black,5223000.0,3.2,224,229,Yes,13.8,30,0
Audi,AUD321,Hybrid,Manual,Pickup,Black,15224000.0,2.9,429,211,Yes,28.4,281,1
Mahindra,MAH671,Diesel,Manual,Coupe,Red,3803000.0,2.9,132,215,No,14.3,308,1
Ford,FOR759,Diesel,Automatic,Coupe,Blue,1511000.0,2.8,127,207,No,14.3,257,1
Kia,KIA838,Petrol,Manual,Pickup,Black,2956000.0,1.2,240,217,No,14.4,314,1
Mercedes,MER396,Hybrid,Automatic,Coupe,Green,8773000.0,2.3,424,270,No,26.1,276,1
Audi,AUD842,Diesel,Automatic,Sedan,Red,17064000.0,4.6,279,248,Yes,17.7,341,1
Kia,KIA843,Diesel,Manual,SUV,Black,2627000.0,2.2,199,168,No,18.6,227,1
Mercedes,MER284,Petrol,Manual,Sedan,Black,15984000.0,2.7,407,200,No,19.5,129,0
BMW,BMW952,Petrol,Manual,SUV,Red,8284000.0,2.2,432,191,Yes,19.6,134,1
Mercedes,MER167,Petrol,Manual,Coupe,Grey,9551000.0,3.1,341,317,Yes,13.4,185,1
Kia,KIA163,Petrol,Automatic,Sedan,Black,2385000.0,2.6,117,196,No,15.2,371,1
Tata,TAT913,Hybrid,Manual,Sedan,White,1247000.0,1.7,110,168,Yes,22.6,574,1
Toyota,TOY703,Hybrid,Automatic,Pickup,Black,2631000.0,2.2,152,164,No,27.5,539,1
Honda,HON730,Petrol,Manual,SUV,Grey,4328000.0,2.4,144,206,No,12.5,331,1
Hyundai,HYU187,Diesel,Automatic,Sedan,Green,1650000.0,2.0,161,203,Yes,19.4,481,1
Honda,HON343,Diesel,Manual,Hatchback,White,2224000.0,2.2,237,171,No,13.7,943,1
Kia,KIA163,Petrol,Manual,Hatchback,Green,2541000.0,2.4,185,174,Yes,18.1,616,1
BMW,BMW865,Diesel,Manual,Hatchback,Blue,16273000.0,4.6,234,223,No,17.7,386,1
Toyota,TOY229,Petrol,Manual,Pickup,Silver,1945000.0,3.1,118,203,No,13.3,301,1
Toyota,TOY108,Petrol,Manual,SUV,Black,2261000.0,1.5,133,218,Yes,12.9,467,1
Ford,FOR565,Petrol,Automatic,Coupe,White,2639000.0,2.8,105,187,No,13.1,456,1
Mahindra,MAH248,Petrol,Manual,Sedan,Silver,4549000.0,3.5,182,216,Yes,14.4,337,1
Mahindra,MAH974,Hybrid,Manual,Hatchback,Red,2448000.0,2.1,97,206,Yes,20.2,205,1
Ford,FOR337,Petrol,Manual,SUV,Black,1354000.0,1.9,145,217,No,17.3,582,1
Kia,KIA332,Petrol,Manual,Sedan,Green,2765000.0,1.5,152,142,Yes,18.1,398,1
Ford,FOR894,Hybrid,Automatic,SUV,Grey,3544000.0,2.0,191,201,No,21.8,177,1
Ford,FOR811,Diesel,Automatic,Coupe,Green,3413000.0,2.9,147,191,No,14.3,321,1
Maruti Suzuki,MAR933,Electric,Manual,Hatchback,White,705000.0,1.1,70,127,No,32.4,686,1
Toyota,TOY118,Hybrid,Manual,Sedan,Grey,2893000.0,3.1,230,177,Yes,28.9,710,1
Honda,HON997,Diesel,Manual,Coupe,Black,1604000.0,1.3,115,197,No,18.0,341,1
Hyundai,HYU920,Petrol,Manual,Sedan,Black,1945000.0,1.5,238,195,Yes,15.8,587,1
BMW,BMW241,Diesel,Manual,Pickup,Green,14549000.0,3.2,426,183,No,18.5,119,0
Tata,TAT885,Hybrid,Manual,Hatchback,Blue,1572000.0,1.6,119,154,No,28.0,554,1
Tata,TAT796,Petrol,Manual,Coupe,Blue,2019000.0,2.0,116,132,No,15.7,439,1
Kia,KIA956,Diesel,Manual,Coupe,Blue,4389000.0,2.7,164,187,No,14.8,520,1
Ford,FOR375,Hybrid,Automatic,Pickup,Green,2562000.0,1.3,191,213,No,25.0,451,1
Tata,TAT738,Diesel,Automatic,SUV,Black,2140000.0,1.4,113,167,No,19.7,403,1
Toyota,TOY794,Petrol,Manual,Pickup,Grey,4126000.0,2.7,115,143,No,14.9,557,1
Tata,TAT315,Petrol,Automatic,SUV,Red,1901000.0,1.6,91,120,Yes,15.5,475,1
Mahindra,MAH278,Diesel,Automatic,SUV,Silver,4768000.0,3.2,139,187,Yes,16.0,119,1
Ford,FOR855,Petrol,Manual,SUV,White,2058000.0,3.5,158,180,No,17.2,263,1
Kia,KIA225,Hybrid,Manual,Sedan,Black,1874000.0,2.1,121,214,No,27.1,253,1
Ford,FOR956,Petrol,Automatic,Hatchback,Black,4755000.0,3.2,202,159,Yes,16.9,307,1
Audi,AUD541,Diesel,Manual,SUV,Red,12594000.0,3.9,222,204,Yes,12.5,213,1
BMW,BMW387,Petrol,Automatic,SUV,Red,16765000.0,5.0,379,239,No,15.8,290,1
Mercedes,MER428,Diesel,Manual,Coupe,White,8995000.0,3.2,369,308,No,15.9,128,0
Toyota,TOY393,Diesel,Automatic,Hatchback,White,4134000.0,2.4,109,181,Yes,18.9,646,1
Ford,FOR504,Diesel,Manual,Hatchback,Green,3065000.0,2.5,135,156,No,14.2,387,1
BMW,BMW968,Electric,Manual,Hatchback,Red,12635000.0,4.4,403,191,No,33.3,488,1
Mercedes,MER956,Hybrid,Manual,SUV,Blue,13863000.0,2.8,428,245,Yes,21.1,30,0
Mercedes,MER885,Diesel,Automatic,Pickup,Black,10851000.0,2.1,192,247,Yes,17.6,376,1
Ford,FOR577,Petrol,Automatic,SUV,Blue,4086000.0,3.2,93,205,Yes,18.8,167,1
Tata,TAT732,Petrol,Manual,Coupe,Black,1511000.0,1.5,66,134,No,15.9,543,1
Hyundai,HYU530,Diesel,Automatic,Pickup,Red,3326000.0,3.0,212,186,No,13.8,602,1
Honda,HON607,Diesel,Manual,Pickup,White,2090000.0,1.6,91,146,Yes,18.1,436,1
Hyundai,HYU398,Petrol,Manual,Hatchback,Grey,5001000.0,3.0,210,161,No,17.1,486,1
Audi,AUD449,Petrol,Automatic,Sedan,Blue,11855000.0,3.9,297,217,Yes,19.9,84,0
Mahindra,MAH952,Hybrid,Manual,Coupe,Black,2634000.0,2.4,103,236,Yes,24.2,200,1
Kia,KIA332,Diesel,Manual,Coupe,White,2954000.0,2.7,213,249,No,13.4,198,1
Mahindra,MAH711,Hybrid,Manual,Sedan,Blue,4485000.0,2.5,226,218,Yes,25.5,229,1
Maruti Suzuki,MAR722,Electric,Automatic,Sedan,White,744000.0,1.4,62,170,Yes,25.3,465,1
Hyundai,HYU737,Diesel,Manual,Sedan,White,1395000.0,1.8,178,146,Yes,16.9,581,1
Mahindra,MAH326,Diesel,Automatic,SUV,Blue,4168000.0,3.4,233,185,Yes,18.3,469,1
Honda,HON558,Diesel,Automatic,SUV,Grey,2692000.0,2.0,206,163,Yes,15.0,179,1
BMW,BMW459,Petrol,Manual,Pickup,Grey,10285000.0,4.6,226,206,Yes,19.1,222,1
Honda,HON361,Petrol,Manual,Hatchback,White,3927000.0,3.5,178,147,Yes,18.8,583,1
Tata,TAT428,Petrol,Manual,Hatchback,Grey,813000.0,1.3,112,135,No,18.0,734,1
Maruti Suzuki,MAR332,Diesel,Automatic,Sedan,Black,943000.0,1.4,79,134,Yes,14.5,552,1
Ford,FOR842,Petrol,Automatic,Coupe,Red,2739000.0,3.4,175,212,Yes,16.0,193,1
Toyota,TOY122,Diesel,Manual,Hatchback,White,2752000.0,1.6,199,167,Yes,18.0,570,1
Mercedes,MER256,Petrol,Manual,Hatchback,Blue,8037000.0,3.2,307,191,No,12.6,270,1
Tata,TAT991,Hybrid,Manual,Coupe,Red,1632000.0,1.4,90,152,Yes,25.1,212,1
Maruti Suzuki,MAR737,Petrol,Manual,Pickup,Black,711000.0,1.4,72,152,Yes,18.1,386,1
Audi,AUD472,Petrol,Manual,Hatchback,Black,7113000.0,2.1,295,210,No,13.9,310,1
Ford,FOR225,Hybrid,Automatic,SUV,White,3808000.0,2.1,197,191,No,26.0,373,1
Mercedes,MER466,Petrol,Automatic,SUV,Grey,10567000.0,5.0,238,192,No,16.7,154,1
Maruti Suzuki,MAR701,Petrol,Manual,Hatchback,White,1054000.0,1.3,115,121,Yes,16.3,417,1
Mahindra,MAH811,Diesel,Manual,Sedan,Grey,1820000.0,1.5,95,219,Yes,17.3,104,1
Mercedes,MER557,Petrol,Manual,Hatchback,Blue,11546000.0,2.2,184,222,Yes,17.8,30,0
Kia,KIA282,Hybrid,Manual,Hatchback,Red,2529000.0,1.6,210,157,No,23.2,127,1
Audi,AUD406,Diesel,Automatic,Hatchback,White,12720000.0,2.0,386,242,No,12.4,30,0
Hyundai,HYU908,Petrol,Automatic,Hatchback,Blue,1805000.0,2.8,187,191,No,18.5,796,1
Kia,KIA601,Diesel,Manual,Sedan,White,2545000.0,2.8,208,153,Yes,19.7,540,1
Audi,AUD566,Petrol,Manual,Pickup,Blue,13343000.0,3.5,214,199,Yes,13.9,107,0
Mercedes,MER843,Petrol,Manual,Coupe,Green,11276000.0,2.8,327,234,No,12.0,390,1
Mahindra,MAH253,Petrol,Manual,Sedan,Silver,3219000.0,1.3,131,218,Yes,14.1,56,1
Tata,TAT220,Petrol,Manual,Pickup,Grey,1800000.0,1.5,67,158,No,19.7,550,1
Mahindra,MAH772,Petrol,Manual,Sedan,Blue,2797000.0,1.9,147,167,No,19.4,403,1
Hyundai,HYU829,Petrol,Manual,SUV,Green,2015000.0,2.1,159,172,No,12.0,548,1
Mercedes,MER727,Hybrid,Automatic,Pickup,Black,14533000.0,3.7,283,226,No,26.7,30,0
Maruti Suzuki,MAR745,Petrol,Automatic,Coupe,Green,966000.0,1.1,108,151,Yes,13.4,729,1
Audi,AUD884,Petrol,Automatic,Hatchback,Red,14820000.0,4.8,305,183,No,17.6,134,0
Kia,KIA736,Petrol,Manual,Coupe,Green,2000000.0,1.9,121,201,Yes,18.6,209,1
Honda,HON498,Diesel,Manual,Coupe,Blue,3598000.0,2.7,231,240,No,12.5,477,1
Maruti Suzuki,MAR540,Diesel,Manual,Sedan,Green,1838000.0,1.1,69,126,No,13.5,691,1
Tata,TAT529,Petrol,Automatic,SUV,Black,1787000.0,1.9,83,120,No,17.1,649,1
Honda,HON120,Petrol,Automatic,Sedan,White,4497000.0,3.4,148,205,No,18.8,504,1
Honda,HON401,Diesel,Manual,Hatchback,Red,2079000.0,2.2,230,203,Yes,16.6,301,1
Mercedes,MER984,Petrol,Manual,Coupe,Red,12852000.0,2.5,232,225,Yes,18.2,222,1
BMW,BMW129,Hybrid,Manual,Coupe,Black,18254000.0,4.2,332,273,Yes,28.5,393,1
Honda,HON722,Petrol,Manual,SUV,Green,1510000.0,1.6,132,211,No,19.6,544,1
Honda,HON309,Diesel,Automatic,SUV,Green,3297000.0,2.3,223,183,Yes,15.6,417,1
Kia,KIA247,Hybrid,Manual,Coupe,Red,1340000.0,1.2,190,185,No,27.4,236,1
Toyota,TOY915,Petrol,Manual,Coupe,Silver,3929000.0,3.5,129,218,No,18.7,729,1
Toyota,TOY468,Diesel,Automatic,SUV,Silver,1397000.0,1.7,173,184,Yes,12.7,480,1
Kia,KIA700,Petrol,Manual,Sedan,Grey,3017000.0,2.8,213,176,No,15.4,30,0
Maruti Suzuki,MAR811,Petrol,Manual,Hatchback,Black,1816000.0,1.6,112,148,Yes,16.6,847,1
Mercedes,MER576,Petrol,Automatic,Sedan,Black,9183000.0,2.0,288,190,No,15.2,112,0
Hyundai,HYU298,Hybrid,Automatic,Pickup,White,2098000.0,1.7,109,198,No,27.5,544,1
Ford,FOR965,Electric,Manual,SUV,Silver,2650000.0,2.0,134,154,No,38.1,89,1
Hyundai,HYU684,Petrol,Manual,Coupe,Grey,4101000.0,2.2,205,214,No,12.7,472,1
Mercedes,MER725,Diesel,Manual,SUV,Green,14796000.0,3.6,366,212,No,17.6,289,1
Honda,HON871,Petrol,Manual,SUV,Silver,1477000.0,1.3,233,199,No,18.6,151,1
Audi,AUD522,Diesel,Automatic,Hatchback,Grey,11870000.0,2.7,378,238,Yes,19.3,30,0
Mahindra,MAH816,Hybrid,Automatic,Sedan,Blue,3163000.0,2.2,222,200,Yes,28.7,420,1
Mercedes,MER149,Petrol,Manual,Coupe,Red,6497000.0,4.0,203,289,No,17.0,249,1
Hyundai,HYU893,Hybrid,Automatic,Coupe,White,1444000.0,2.6,113,189,No,21.5,396,1
Hyundai,HYU997,Hybrid,Manual,Hatchback,Grey,1561000.0,1.8,90,162,Yes,26.2,543,1
Honda,HON967,Diesel,Automatic,Sedan,Blue,3459000.0,3.4,109,209,No,15.1,212,1
BMW,BMW618,Petrol,Automatic,Coupe,Green,7697000.0,3.4,392,305,No,19.7,72,0
Audi,AUD366,Diesel,Manual,SUV,Grey,15475000.0,3.9,314,241,No,17.9,322,1
Kia,KIA489,Diesel,Automatic,Hatchback,Red,3044000.0,2.6,233,192,Yes,19.5,214,1
Mercedes,MER798,Petrol,Manual,SUV,Green,12612000.0,2.4,183,206,Yes,18.9,311,1
Toyota,TOY246,Petrol,Automatic,Pickup,Green,2916000.0,2.9,116,159,No,13.9,242,1
Honda,HON998,Petrol,Manual,SUV,Green,3149000.0,1.9,219,167,Yes,17.3,469,1
Hyundai,HYU721,Petrol,Manual,Sedan,White,2186000.0,3.1,92,160,Yes,15.1,633,1
Maruti Suzuki,MAR368,Petrol,Manual,Sedan,Black,927000.0,1.6,93,144,Yes,14.4,340,1
Mercedes,MER577,Diesel,Automatic,Sedan,Black,8309000.0,3.1,342,225,No,14.4,117,0
Tata,TAT451,Diesel,Automatic,SUV,Red,2111000.0,1.3,102,124,No,17.3,851,1
Ford,FOR506,Diesel,Automatic,Pickup,Black,2074000.0,2.2,212,201,Yes,13.9,146,1
Kia,KIA762,Petrol,Manual,Coupe,Blue,2026000.0,1.2,104,188,No,14.3,359,1
Mahindra,MAH337,Petrol,Manual,Coupe,Green,4179000.0,2.9,183,214,Yes,19.5,542,1
Audi,AUD297,Petrol,Automatic,SUV,Black,13409000.0,3.4,414,185,No,17.2,252,1
BMW,BMW770,Petrol,Automatic,SUV,Black,14397000.0,4.3,310,243,Yes,15.5,469,1
Tata,TAT865,Diesel,Automatic,Coupe,Grey,2058000.0,1.6,85,120,Yes,14.4,469,1
Mahindra,MAH677,Diesel,Manual,SUV,Grey,2624000.0,2.3,135,179,No,15.0,458,1
Kia,KIA702,Diesel,Automatic,Hatchback,White,4565000.0,2.5,223,194,Yes,13.7,116,1
Tata,TAT310,Diesel,Manual,Sedan,Grey,1453000.0,1.3,103,176,Yes,17.7,453,1
Audi,AUD359,Hybrid,Automatic,Pickup,White,11110000.0,3.8,419,198,No,21.2,247,1
Maruti Suzuki,MAR442,Petrol,Manual,Hatchback,Blue,1825000.0,1.7,87,163,No,17.1,434,1
Mahindra,MAH799,Petrol,Automatic,Sedan,Blue,3026000.0,1.7,140,167,No,18.5,189,1
Honda,HON589,Hybrid,Automatic,Coupe,Grey,1707000.0,3.0,155,195,No,21.2,572,1
BMW,BMW739,Petrol,Manual,Pickup,Black,5646000.0,3.3,271,228,Yes,19.8,151,1
Toyota,TOY228,Diesel,Manual,SUV,Black,2557000.0,2.3,201,168,No,12.8,287,1
Mercedes,MER121,Diesel,Automatic,Pickup,Red,14592000.0,4.4,246,189,No,16.2,119,0
Ford,FOR932,Petrol,Automatic,SUV,Black,3772000.0,1.7,219,193,No,13.8,164,1
Kia,KIA855,Electric,Manual,Pickup,Red,2990000.0,2.6,122,151,Yes,33.0,298,1
Maruti Suzuki,MAR658,Hybrid,Automatic,Hatchback,Grey,755000.0,1.9,101,157,Yes,26.4,884,1
Tata,TAT295,Petrol,Manual,Sedan,Black,1286000.0,2.0,67,164,Yes,15.4,553,1
Audi,AUD631,Diesel,Automatic,Sedan,Grey,14935000.0,4.8,426,183,Yes,13.5,344,1
BMW,BMW733,Electric,Manual,Coupe,Blue,15006000.0,4.8,296,204,No,34.6,285,1
Kia,KIA447,Petrol,Manual,Pickup,Red,2876000.0,2.5,239,178,Yes,12.3,145,1
Ford,FOR310,Petrol,Automatic,Sedan,Blue,3232000.0,1.9,214,177,No,17.9,313,1
Ford,FOR173,Diesel,Manual,Coupe,Silver,4185000.0,1.5,193,182,No,13.7,459,1
BMW,BMW190,Diesel,Automatic,Hatchback,Silver,10397000.0,2.1,207,200,Yes,16.6,248,1
Mahindra,MAH720,Diesel,Automatic,Coupe,Grey,3019000.0,2.1,100,222,No,16.8,246,1
Ford,FOR744,Petrol,Automatic,Hatchback,Blue,2998000.0,2.8,123,194,Yes,13.3,251,1
Ford,FOR411,Diesel,Manual,Coupe,Green,4319000.0,2.4,245,245,No,20.0,325,1
BMW,BMW563,Petrol,Automatic,SUV,Grey,7035000.0,3.8,290,217,Yes,14.5,259,1
Tata,TAT262,Petrol,Automatic,Pickup,Blue,2132000.0,1.5,79,176,No,14.9,480,1
Honda,HON793,Diesel,Manual,Sedan,Grey,4681000.0,3.2,174,194,Yes,17.6,296,1
Ford,FOR355,Hybrid,Manual,Pickup,Grey,3255000.0,1.2,203,184,Yes,22.6,413,1
Audi,AUD712,Petrol,Automatic,Coupe,Red,14746000.0,3.2,311,203,No,15.2,171,0
Mahindra,MAH151,Diesel,Manual,Sedan,Grey,1949000.0,1.3,163,181,No,16.6,183,1
Ford,FOR500,Petrol,Manual,Pickup,Blue,2905000.0,3.2,96,189,No,18.9,349,1
Ford,FOR417,Hybrid,Automatic,Coupe,Grey,2846000.0,1.6,130,234,No,25.7,262,1
Hyundai,HYU873,Diesel,Manual,SUV,Blue,2698000.0,3.0,209,167,No,15.9,366,1
Mercedes,MER412,Petrol,Manual,SUV,Silver,11719000.0,2.8,258,201,Yes,19.5,392,1
Mahindra,MAH470,Diesel,Manual,Coupe,Silver,4124000.0,2.5,180,183,No,17.2,454,1
Audi,AUD745,Diesel,Automatic,Hatchback,Red,14113000.0,2.1,343,219,No,13.7,30,0
Honda,HON624,Petrol,Automatic,Pickup,Green,3654000.0,2.5,212,148,No,15.5,279,1
Mercedes,MER519,Diesel,Automatic,Coupe,Green,7055000.0,4.8,208,319,No,13.0,373,1
Mahindra,MAH743,Petrol,Automatic,Sedan,White,1878000.0,1.9,171,203,No,19.8,296,1
Ford,FOR645,Petrol,Automatic,Sedan,Silver,3449000.0,2.8,153,154,No,14.4,349,1
Audi,AUD443,Electric,Manual,Sedan,Red,14216000.0,3.5,380,195,Yes,37.6,181,0
BMW,BMW160,Petrol,Automatic,Hatchback,Black,12778000.0,4.2,251,246,Yes,17.6,111,0
Maruti Suzuki,MAR461,Hybrid,Manual,Sedan,Blue,986000.0,1.7,101,165,Yes,29.2,460,1
Mercedes,MER978,Petrol,Automatic,Pickup,Red,16067000.0,4.1,335,204,Yes,19.4,399,1
Audi,AUD422,Petrol,Automatic,Sedan,Blue,11971000.0,3.9,292,234,No,14.7,219,1
Kia,KIA213,Petrol,Manual,SUV,Black,3383000.0,2.4,111,178,No,19.7,627,1
Maruti Suzuki,MAR370,Petrol,Manual,Coupe,Black,1836000.0,1.3,116,166,Yes,14.9,397,1
Mercedes,MER570,Electric,Manual,Pickup,Green,6987000.0,4.4,231,212,No,35.5,486,1
Hyundai,HYU741,Petrol,Manual,Sedan,Red,3730000.0,1.3,152,189,No,18.2,477,1
Mercedes,MER948,Hybrid,Manual,SUV,Silver,15843000.0,2.5,386,200,No,25.6,259,1
Toyota,TOY811,Diesel,Manual,Coupe,Blue,2961000.0,1.7,137,187,Yes,12.0,414,1
Mercedes,MER286,Hybrid,Manual,SUV,White,13811000.0,4.4,198,199,Yes,27.7,30,0
Maruti Suzuki,MAR205,Petrol,Manual,Hatchback,Red,1306000.0,1.2,83,136,No,12.4,482,1
Hyundai,HYU297,Petrol,Automatic,Sedan,Red,4929000.0,3.2,204,166,No,14.2,698,1
Kia,KIA174,Hybrid,Manual,Coupe,Grey,3004000.0,2.0,234,188,No,27.2,534,1
Ford,FOR450,Diesel,Manual,Pickup,Green,3458000.0,2.6,244,147,No,12.8,416,1
BMW,BMW904,Petrol,Manual,SUV,White,9588000.0,3.4,233,185,No,12.2,236,1
Mahindra,MAH392,Diesel,Manual,Pickup,White,4030000.0,2.0,202,179,No,16.9,538,1
BMW,BMW360,Diesel,Automatic,Sedan,White,10051000.0,2.2,435,238,Yes,14.5,485,1
Mahindra,MAH774,Diesel,Automatic,SUV,Black,2240000.0,1.9,155,177,Yes,13.0,247,1
Honda,HON797,Petrol,Manual,Sedan,Blue,1620000.0,3.3,146,148,No,18.1,316,1
Audi,AUD660,Diesel,Automatic,Hatchback,White,17376000.0,4.8,208,242,No,19.1,164,0
Audi,AUD669,Petrol,Manual,Sedan,White,12455000.0,3.6,238,188,No,16.9,332,1
Honda,HON892,Electric,Manual,SUV,Red,1920000.0,1.9,177,189,No,26.1,590,1
Audi,AUD407,Petrol,Manual,SUV,Blue,12789000.0,4.2,228,197,No,14.1,229,1
Audi,AUD721,Diesel,Manual,Sedan,Red,12367000.0,4.2,280,187,Yes,17.2,345,1
Toyota,TOY244,Petrol,Automatic,SUV,Grey,2998000.0,1.8,95,193,No,17.6,687,1
Honda,HON996,Hybrid,Automatic,Sedan,Red,2425000.0,2.9,228,205,Yes,22.6,481,1
BMW,BMW651,Petrol,Manual,SUV,Red,13968000.0,3.2,251,191,Yes,19.3,409,1
Honda,HON472,Diesel,Manual,Pickup,Green,1943000.0,3.0,107,141,Yes,20.0,418,1
Audi,AUD338,Petrol,Manual,Hatchback,Grey,7209000.0,3.4,417,237,No,15.8,486,1
Audi,AUD262,Electric,Manual,Hatchback,Black,6409000.0,2.9,261,206,No,29.1,452,1
Toyota,TOY193,Hybrid,Automatic,SUV,Black,2087000.0,2.0,150,178,Yes,21.7,466,1
Ford,FOR782,Petrol,Manual,Coupe,Black,2089000.0,1.5,205,244,Yes,12.3,402,1
Hyundai,HYU671,Petrol,Automatic,Coupe,Black,1417000.0,1.6,199,247,No,18.0,810,1
Mercedes,MER295,Petrol,Manual,SUV,Black,8593000.0,4.1,266,195,Yes,13.9,294,1
Honda,HON361,Petrol,Manual,Hatchback,Silver,3805000.0,3.0,183,145,No,12.3,343,1
Honda,HON169,Diesel,Manual,Pickup,Black,2518000.0,1.4,206,196,Yes,14.8,309,1
Mercedes,MER481,Hybrid,Manual,Pickup,White,10864000.0,2.3,292,240,Yes,26.6,125,0
Toyota,TOY909,Diesel,Manual,Pickup,White,3313000.0,1.6,178,189,No,19.4,688,1
Mercedes,MER612,Diesel,Manual,Sedan,Blue,7041000.0,3.1,432,195,Yes,18.5,369,1
Honda,HON692,Diesel,Manual,Pickup,Green,1604000.0,2.1,111,157,Yes,16.0,341,1
BMW,BMW676,Petrol,Automatic,SUV,Silver,8568000.0,2.6,286,229,Yes,13.0,30,0
Hyundai,HYU924,Hybrid,Automatic,SUV,Blue,3026000.0,3.1,238,159,Yes,26.3,525,1
Kia,KIA149,Petrol,Manual,Sedan,Blue,4068000.0,3.1,233,177,No,19.9,351,1
Audi,AUD891,Electric,Manual,SUV,Silver,12296000.0,4.0,280,226,Yes,32.7,323,1
Mahindra,MAH363,Diesel,Automatic,Hatchback,White,1824000.0,3.2,240,142,Yes,18.3,501,1
Mahindra,MAH354,Diesel,Automatic,Coupe,Green,3033000.0,2.5,169,239,Yes,17.5,31,0
Honda,HON770,Hybrid,Automatic,Hatchback,Black,3075000.0,2.8,244,146,No,23.9,507,1
BMW,BMW422,Petrol,Manual,Sedan,Black,16100000.0,2.1,412,235,No,18.5,339,1
Maruti Suzuki,MAR822,Petrol,Manual,SUV,Grey,1484000.0,1.1,92,144,Yes,16.2,690,1
Ford,FOR794,Diesel,Manual,Hatchback,Grey,2239000.0,2.6,103,140,No,15.2,576,1
Toyota,TOY606,Diesel,Manual,Coupe,Black,4120000.0,3.1,177,240,Yes,13.0,307,1
Hyundai,HYU185,Hybrid,Manual,SUV,Blue,2673000.0,1.6,190,155,Yes,24.8,570,1
Honda,HON859,Petrol,Manual,Sedan,Red,1814000.0,1.6,129,142,No,17.7,615,1
Honda,HON622,Diesel,Automatic,SUV,Grey,2977000.0,1.4,139,185,Yes,19.3,288,1
Audi,AUD207,Diesel,Manual,Pickup,White,11104000.0,3.5,382,236,Yes,19.4,39,0
Audi,AUD307,Petrol,Automatic,Coupe,Black,13049000.0,2.4,292,275,No,17.5,248,1
Mercedes,MER260,Hybrid,Automatic,Coupe,Silver,14858000.0,2.6,445,221,Yes,21.0,298,1
Mahindra,MAH226,Hybrid,Manual,Coupe,Red,3278000.0,2.6,176,182,No,26.8,339,1
Honda,HON513,Petrol,Automatic,Pickup,Silver,2702000.0,3.4,119,164,Yes,16.0,81,1
Audi,AUD374,Petrol,Automatic,Coupe,Blue,9292000.0,2.4,401,253,Yes,16.6,166,1
Maruti Suzuki,MAR336,Petrol,Manual,Sedan,Green,1526000.0,1.6,102,157,Yes,14.2,363,1
Audi,AUD658,Petrol,Manual,Coupe,White,11106000.0,3.3,190,288,No,14.2,299,1
Kia,KIA816,Hybrid,Automatic,Hatchback,Blue,4393000.0,1.8,249,177,No,20.3,240,1
Honda,HON161,Hybrid,Manual,Pickup,White,2753000.0,2.0,191,155,No,29.1,400,1
Tata,TAT405,Petrol,Manual,SUV,White,1397000.0,1.6,62,153,Yes,14.9,689,1
Maruti Suzuki,MAR266,Diesel,Automatic,Pickup,Black,1557000.0,1.0,102,130,No,17.5,697,1
Mercedes,MER533,Petrol,Manual,Coupe,Black,5662000.0,2.9,319,239,Yes,17.6,286,1
Kia,KIA465,Petrol,Automatic,Sedan,Blue,2853000.0,2.9,223,160,Yes,18.0,354,1
Audi,AUD971,Petrol,Manual,SUV,White,8218000.0,2.4,180,232,No,13.5,249,1
Kia,KIA299,Petrol,Manual,Hatchback,Red,2465000.0,2.8,107,150,No,15.2,251,1
Audi,AUD777,Petrol,Manual,Pickup,Silver,13143000.0,4.5,338,243,No,13.7,505,1
Mercedes,MER430,Hybrid,Automatic,SUV,White,16009000.0,5.0,306,205,Yes,28.5,358,1
Ford,FOR646,Petrol,Manual,Pickup,Green,1739000.0,1.3,160,159,No,15.2,198,1
Maruti Suzuki,MAR108,Petrol,Automatic,Hatchback,Black,1048000.0,1.2,94,133,Yes,17.7,726,1
Toyota,TOY474,Petrol,Manual,Pickup,Blue,3185000.0,2.2,94,141,No,16.3,449,1
Tata,TAT885,Diesel,Manual,Pickup,Silver,1338000.0,1.9,71,141,Yes,16.5,669,1
Kia,KIA598,Petrol,Manual,SUV,Black,2623000.0,3.5,162,144,Yes,13.4,716,1
Tata,TAT920,Diesel,Manual,Hatchback,Blue,2251000.0,1.6,99,132,No,12.9,738,1
Audi,AUD542,Petrol,Manual,Sedan,Silver,14304000.0,4.6,338,210,Yes,16.6,78,0
BMW,BMW563,Diesel,Automatic,Hatchback,Blue,14236000.0,3.6,287,219,No,13.9,235,1
BMW,BMW916,Diesel,Automatic,Pickup,Green,10495000.0,3.9,241,232,No,16.2,38,0
Mercedes,MER889,Diesel,Automatic,SUV,Green,14469000.0,3.3,340,187,Yes,17.1,196,0
Mercedes,MER781,Diesel,Automatic,Sedan,White,10867000.0,3.0,444,210,Yes,17.4,77,0
Kia,KIA561,Petrol,Manual,Pickup,White,3758000.0,1.9,217,188,No,14.5,389,1
Ford,FOR617,Petrol,Automatic,SUV,Black,2721000.0,2.9,178,193,No,13.3,250,1
Hyundai,HYU427,Hybrid,Manual,Pickup,White,2933000.0,1.5,141,191,No,22.7,708,1
Honda,HON960,Diesel,Manual,SUV,Silver,4588000.0,2.7,229,171,No,12.3,174,1
Maruti Suzuki,MAR155,Petrol,Manual,SUV,Black,1379000.0,1.7,102,121,No,18.2,730,1
Audi,AUD530,Petrol,Manual,Sedan,Grey,11227000.0,3.7,260,209,No,17.7,168,1
Toyota,TOY386,Petrol,Manual,Pickup,White,3567000.0,1.8,223,188,No,18.2,599,1
Mahindra,MAH697,Diesel,Manual,SUV,Grey,2668000.0,1.7,158,170,No,14.7,401,1
Hyundai,HYU394,Petrol,Manual,Sedan,Blue,1776000.0,3.2,118,218,Yes,19.9,437,1
Maruti Suzuki,MAR815,Petrol,Manual,Hatchback,Green,1361000.0,2.0,112,124,No,19.6,483,1
Audi,AUD445,Petrol,Manual,Hatchback,Green,9516000.0,4.9,448,235,Yes,16.1,273,1
Honda,HON832,Petrol,Automatic,Pickup,Red,4148000.0,1.5,240,168,No,18.9,489,1
Ford,FOR862,Diesel,Manual,Coupe,Blue,4590000.0,3.2,191,238,Yes,18.1,364,1
Ford,FOR935,Electric,Manual,Coupe,Silver,1898000.0,2.7,113,240,Yes,26.0,345,1
Honda,HON347,Petrol,Manual,Hatchback,Green,2043000.0,3.4,97,177,No,18.2,472,1
Audi,AUD856,Petrol,Automatic,Sedan,Green,10038000.0,3.6,369,246,Yes,12.8,254,1
Mercedes,MER869,Petrol,Manual,Coupe,Red,9920000.0,3.2,260,267,No,19.1,30,0
Audi,AUD227,Petrol,Manual,Coupe,Silver,7409000.0,2.6,361,206,Yes,17.4,90,0
Maruti Suzuki,MAR782,Diesel,Manual,SUV,Silver,1252000.0,1.3,110,176,No,16.4,392,1
Toyota,TOY466,Diesel,Manual,Sedan,Black,3020000.0,1.4,204,186,Yes,12.4,314,1
Tata,TAT106,Diesel,Automatic,Coupe,Red,923000.0,1.7,115,165,Yes,15.8,413,1
Ford,FOR779,Hybrid,Manual,SUV,Blue,2665000.0,2.1,186,168,No,22.3,110,1
BMW,BMW553,Petrol,Manual,Sedan,Black,4956000.0,2.1,254,215,Yes,14.8,475,1
Mercedes,MER936,Petrol,Automatic,SUV,Red,5115000.0,2.7,206,246,No,14.5,256,1
Honda,HON262,Petrol,Automatic,Hatchback,Red,2313000.0,3.5,245,192,No,17.7,225,1
Kia,KIA293,Diesel,Manual,Sedan,Black,3039000.0,3.4,157,159,No,12.9,401,1
Maruti Suzuki,MAR726,Hybrid,Manual,Hatchback,Silver,1007000.0,1.7,82,173,No,25.6,392,1
Honda,HON967,Petrol,Manual,Coupe,White,3646000.0,2.5,231,184,Yes,12.5,601,1
Toyota,TOY516,Diesel,Manual,Hatchback,Silver,2564000.0,2.0,134,158,Yes,19.3,514,1
Audi,AUD736,Diesel,Automatic,Coupe,Red,10194000.0,3.9,392,202,No,12.3,436,1
Kia,KIA199,Hybrid,Automatic,Hatchback,Green,1880000.0,1.2,136,147,Yes,22.2,191,1
Mahindra,MAH355,Hybrid,Manual,Pickup,Black,2331000.0,1.5,203,160,Yes,26.6,429,1
Mercedes,MER132,Petrol,Manual,SUV,Grey,6896000.0,2.6,413,237,Yes,13.5,232,1
BMW,BMW831,Electric,Automatic,SUV,Red,7220000.0,4.6,228,240,No,39.4,332,1
Mercedes,MER543,Electric,Automatic,Sedan,Red,11354000.0,4.4,289,184,Yes,35.7,132,0
Hyundai,HYU102,Petrol,Automatic,Coupe,Green,2083000.0,3.3,156,185,Yes,13.8,488,1
Ford,FOR490,Diesel,Manual,Hatchback,Black,3717000.0,1.6,164,210,No,12.4,474,1
Maruti Suzuki,MAR318,Petrol,Manual,SUV,Grey,1153000.0,1.9,95,162,No,18.7,781,1
Maruti Suzuki,MAR439,Petrol,Automatic,Hatchback,Green,1630000.0,1.7,69,176,Yes,18.4,612,1
Hyundai,HYU992,Petrol,Manual,Coupe,Red,2218000.0,2.5,150,226,Yes,19.9,539,1
Hyundai,HYU882,Diesel,Manual,Sedan,Silver,2786000.0,1.8,180,206,No,14.4,433,1
Kia,KIA402,Petrol,Manual,SUV,Silver,1803000.0,2.7,210,216,Yes,13.3,343,1
Mahindra,MAH558,Diesel,Manual,SUV,White,2325000.0,3.4,128,198,No,18.3,440,1
Audi,AUD822,Hybrid,Manual,Hatchback,Red,11576000.0,4.1,334,193,No,27.6,246,1
Maruti Suzuki,MAR670,Hybrid,Automatic,Hatchback,Black,2175000.0,1.4,88,160,Yes,21.9,718,1
Mahindra,MAH960,Diesel,Manual,Pickup,Green,4802000.0,3.0,229,188,Yes,19.1,319,1
Ford,FOR972,Petrol,Automatic,Coupe,White,4244000.0,2.2,170,191,No,19.6,652,1
Ford,FOR579,Petrol,Manual,Coupe,Grey,1825000.0,1.7,106,211,Yes,14.2,219,1
Toyota,TOY534,Hybrid,Manual,Sedan,White,3224000.0,1.7,126,204,No,23.7,562,1
BMW,BMW248,Hybrid,Automatic,SUV,Grey,7445000.0,4.9,227,190,Yes,23.6,205,1
Tata,TAT490,Diesel,Manual,SUV,Silver,811000.0,1.9,86,129,No,16.7,546,1
Ford,FOR820,Petrol,Manual,Sedan,White,1574000.0,2.2,184,216,No,14.6,273,1
Mahindra,MAH989,Diesel,Automatic,Hatchback,Black,2576000.0,1.7,168,173,Yes,19.8,355,1
